scene	mode	step	phase	frame_interval_ms	time_process_ms	time_physics_ms	canvas_items	canvas_primitives	canvas_draw_calls	render_cpu_ms	render_gpu_ms	frame_setup_cpu_ms
station_02	full_world	2	idle	8.368	220.675	0.708	102.0	752.0	72.0	0.49099999666214	0.93400001525879	0.01
station_02	full_world	3	idle	1.848	220.675	0.708	102.0	752.0	72.0	0.27300000190735	0.54299998283386	0.012
station_02	full_world	4	idle	1.678	220.675	0.708	102.0	752.0	72.0	0.61500000953674	0.58600002527237	0.007
station_02	full_world	5	idle	1.265	220.675	0.708	102.0	752.0	72.0	0.37900000810623	8.59799957275391	0.006
station_02	full_world	6	idle	0.936	220.675	0.708	102.0	752.0	72.0	0.37799999117851	0.77700001001358	0.004
station_02	full_world	7	idle	1.163	220.675	0.708	102.0	752.0	72.0	0.45899999141693	0.74400001764297	0.005
station_02	full_world	8	idle	1.703	220.675	0.708	102.0	752.0	72.0	0.91699999570847	0.70800000429153	0.005
station_02	full_world	9	idle	1.155	220.675	0.708	102.0	752.0	72.0	0.783999979496	0.54100000858307	0.006
station_02	full_world	10	idle	1.184	220.675	0.708	102.0	752.0	72.0	0.62099999189377	0.79100000858307	0.004
station_02	full_world	11	idle	1.23	220.675	0.708	102.0	752.0	72.0	0.46399998664856	1.00399994850159	0.006
station_02	full_world	12	idle	1.352	220.675	0.708	102.0	752.0	72.0	0.40700000524521	0.80699998140335	0.006
station_02	full_world	13	idle	2.207	220.675	0.708	102.0	752.0	72.0	0.49099999666214	0.72100001573563	0.012
station_02	full_world	14	idle	1.971	220.675	0.708	102.0	752.0	72.0	0.71799999475479	0.54699999094009	0.007
station_02	full_world	15	idle	1.351	220.675	0.708	102.0	752.0	72.0	0.48800000548363	1.39900004863739	0.006
station_02	full_world	16	idle	1.285	220.675	0.708	102.0	752.0	72.0	0.28000000119209	0.74400001764297	0.005
station_02	full_world	17	idle	1.394	220.675	0.708	102.0	752.0	72.0	0.56400001049042	0.81099998950958	0.005
station_02	full_world	18	idle	0.928	220.675	0.708	102.0	752.0	72.0	0.53799998760223	0.85000002384186	0.003
station_02	full_world	19	idle	1.4	220.675	0.708	102.0	752.0	72.0	0.91500002145767	0.75199997425079	0.002
station_02	full_world	20	idle	3.378	220.675	0.708	102.0	752.0	72.0	1.02499997615814	0.58700001239777	0.009
station_02	full_world	21	idle	1.896	220.675	0.708	102.0	752.0	72.0	0.55400002002716	0.60399997234344	0.007
station_02	full_world	22	idle	4.055	220.675	0.708	102.0	752.0	72.0	0.63200002908707	0.69700002670288	0.015
station_02	full_world	23	idle	2.232	220.675	0.708	102.0	752.0	72.0	0.57499998807907	0.82800000905991	0.011
station_02	full_world	24	idle	1.445	220.675	0.708	102.0	752.0	72.0	0.28600001335144	0.70999997854233	0.009
station_02	full_world	25	idle	1.582	220.675	0.708	102.0	752.0	72.0	0.68300002813339	0.77200001478195	0.008
station_02	full_world	26	idle	1.146	220.675	0.708	102.0	752.0	72.0	0.69400000572205	0.63499999046326	0.007
station_02	full_world	27	idle	0.992	220.675	0.708	102.0	752.0	72.0	0.54900002479553	0.58899998664856	0.003
station_02	full_world	28	idle	1.218	220.675	0.708	102.0	752.0	72.0	0.7509999871254	0.66200000047684	0.006
station_02	full_world	29	idle	1.183	220.675	0.708	102.0	752.0	72.0	0.91000002622604	0.65100002288818	0.007
station_02	full_world	30	walk_right	1.628	220.675	0.708	102.0	752.0	72.0	0.51899999380112	0.86500000953674	0.011
station_02	full_world	31	walk_right	1.929	220.675	0.708	102.0	752.0	72.0	0.71700000762939	0.57499998807907	0.011
station_02	full_world	32	walk_right	3.005	220.675	0.708	102.0	752.0	72.0	0.46999999880791	0.80099999904633	0.009
station_02	full_world	33	walk_right	2.384	220.675	0.708	102.0	752.0	72.0	0.43900001049042	0.44800001382828	0.01
station_02	full_world	34	walk_right	1.338	220.675	0.708	102.0	752.0	72.0	0.51700001955032	0.4839999973774	0.004
station_02	full_world	35	walk_right	1.655	220.675	0.708	102.0	752.0	72.0	0.58300000429153	1.13399994373322	0.011
station_02	full_world	36	walk_right	1.07	220.675	0.708	102.0	752.0	72.0	0.77600002288818	0.71499997377396	0.006
station_02	full_world	37	walk_right	1.17	220.675	0.708	102.0	752.0	72.0	0.7039999961853	2.38100004196167	0.005
station_02	full_world	38	walk_right	1.826	220.675	0.708	102.0	752.0	72.0	0.97100001573563	1.40299999713898	0.008
station_02	full_world	39	walk_right	1.841	220.675	0.708	102.0	752.0	72.0	0.92900002002716	1.39100003242493	0.012
station_02	full_world	40	walk_right	1.071	220.675	0.708	102.0	752.0	72.0	0.36599999666214	0.54699999094009	0.009
station_02	full_world	41	walk_right	0.907	220.675	0.708	102.0	752.0	72.0	0.70099997520447	0.43999999761581	0.004
station_02	full_world	42	walk_right	4.332	220.675	0.708	102.0	752.0	72.0	0.37999999523163	0.78299999237061	0.011
station_02	full_world	43	walk_right	1.767	220.675	0.708	102.0	752.0	72.0	0.50900000333786	0.69999998807907	0.009
station_02	full_world	44	walk_right	13.449	220.675	0.708	102.0	752.0	72.0	0.73500001430511	0.72799998521805	0.122
station_02	full_world	45	walk_right	3.691	220.675	0.708	102.0	752.0	72.0	0.71200001239777	1.59300005435944	0.007
station_02	full_world	46	walk_right	1.921	220.675	0.708	102.0	752.0	72.0	0.35199999809265	0.67599999904633	0.009
station_02	full_world	47	walk_right	1.765	220.675	0.708	102.0	752.0	72.0	0.36599999666214	0.70800000429153	0.005
station_02	full_world	48	walk_right	1.497	220.675	0.708	102.0	752.0	72.0	1.01699995994568	0.69099998474121	0.005
station_02	full_world	49	walk_right	1.197	220.675	0.708	102.0	752.0	72.0	0.75999999046326	1.00600004196167	0.005
station_02	full_world	50	walk_right	1.431	220.675	0.708	102.0	752.0	72.0	0.81499999761581	0.7039999961853	0.004
station_02	full_world	51	walk_right	1.124	220.675	0.708	102.0	752.0	72.0	0.89999997615814	0.7039999961853	0.009
station_02	full_world	52	walk_right	0.739	220.675	0.708	102.0	752.0	72.0	0.84899997711182	0.63300001621246	0.003
station_02	full_world	53	walk_right	2.496	220.675	0.708	102.0	752.0	72.0	0.45100000500679	0.52899998426437	0.005
station_02	full_world	54	walk_right	1.458	220.675	0.708	102.0	752.0	72.0	0.74500000476837	0.41999998688698	0.012
station_02	full_world	55	walk_right	1.47	220.675	0.708	102.0	752.0	72.0	0.38199999928474	0.56300002336502	0.006
station_02	full_world	56	walk_right	8.665	220.675	0.708	102.0	752.0	72.0	0.82800000905991	0.42800000309944	0.011
station_02	full_world	57	walk_right	1.669	220.675	0.708	102.0	752.0	72.0	0.33599999547005	1.08299994468689	0.007
station_02	full_world	58	walk_right	1.357	220.675	0.708	102.0	752.0	72.0	0.27099999785423	0.58700001239777	0.008
station_02	full_world	59	walk_right	1.837	220.675	0.708	102.0	752.0	72.0	0.60900002717972	1.28699994087219	0.004
station_02	full_world	60	walk_right	1.825	220.675	0.708	102.0	752.0	72.0	0.5460000038147	0.61500000953674	0.006
station_02	full_world	61	walk_right	1.468	220.675	0.708	102.0	752.0	72.0	0.39899998903275	0.66600000858307	0.01
station_02	full_world	62	walk_right	1.376	220.675	0.708	102.0	752.0	72.0	0.72500002384186	0.61699998378754	0.006
station_02	full_world	63	walk_right	0.791	220.675	0.708	102.0	752.0	72.0	0.73900002241135	0.54100000858307	0.003
station_02	full_world	64	walk_right	1.339	220.675	0.708	102.0	752.0	72.0	0.49300000071526	0.80599999427795	0.007
station_02	full_world	65	walk_right	2.015	220.675	0.708	102.0	752.0	72.0	0.52899998426437	0.75900000333786	0.004
station_02	full_world	66	walk_right	1.626	220.675	0.708	102.0	752.0	72.0	0.80400002002716	0.67299997806549	0.005
station_02	full_world	67	walk_right	1.124	220.675	0.708	102.0	752.0	72.0	0.55400002002716	0.64399999380112	0.005
station_02	full_world	68	walk_right	0.951	220.675	0.708	102.0	752.0	72.0	0.591000020504	1.17499995231628	0.003
station_02	full_world	69	walk_right	1.779	220.675	0.708	102.0	752.0	72.0	0.26199999451637	0.57300001382828	0.006
station_02	full_world	70	walk_right	1.167	220.675	0.708	102.0	752.0	72.0	0.60199999809265	0.72299998998642	0.004
station_02	full_world	71	walk_right	1.419	220.675	0.708	102.0	752.0	72.0	0.62900000810623	0.88999998569489	0.002
station_02	full_world	72	jump_launch	1.86	220.675	0.708	102.0	752.0	72.0	0.85699999332428	0.55199998617172	0.012
station_02	full_world	73	jump_launch	0.855	220.675	0.708	102.0	752.0	72.0	0.41400000452995	0.96299999952316	0.004
station_02	full_world	74	jump_launch	2.089	220.675	0.708	102.0	752.0	72.0	0.31999999284744	0.55800002813339	0.007
station_02	full_world	75	airborne_and_land	1.326	220.675	0.708	102.0	752.0	72.0	0.78600001335144	0.60299998521805	0.007
station_02	full_world	76	airborne_and_land	2.738	220.675	0.708	102.0	752.0	72.0	0.34499999880791	0.7049999833107	0.011
station_02	full_world	77	airborne_and_land	1.529	220.675	0.708	102.0	752.0	72.0	0.77600002288818	0.61199998855591	0.007
station_02	full_world	78	airborne_and_land	14.431	220.675	0.708	102.0	752.0	72.0	0.7509999871254	1.23300004005432	0.011
station_02	full_world	79	airborne_and_land	1.706	220.675	0.708	102.0	752.0	72.0	0.28099998831749	0.57400000095367	0.005
station_02	full_world	80	airborne_and_land	1.719	220.675	0.708	102.0	752.0	72.0	0.99400001764297	0.63499999046326	0.007
station_02	full_world	81	airborne_and_land	1.257	220.675	0.708	102.0	752.0	72.0	0.49700000882149	0.94999998807907	0.003
station_02	full_world	82	airborne_and_land	1.882	220.675	0.708	102.0	752.0	72.0	0.78899997472763	0.65399998426437	0.007
station_02	full_world	83	airborne_and_land	1.949	220.675	0.708	102.0	752.0	72.0	0.65200001001358	0.57599997520447	0.004
station_02	full_world	84	airborne_and_land	2.787	220.675	0.708	102.0	752.0	72.0	1.01800000667572	0.6259999871254	0.035
station_02	full_world	85	airborne_and_land	1.813	220.675	0.708	102.0	752.0	72.0	0.46399998664856	0.94300001859665	0.005
station_02	full_world	86	airborne_and_land	2.432	220.675	0.708	102.0	752.0	72.0	0.5789999961853	1.17900002002716	0.014
station_02	full_world	87	airborne_and_land	1.673	220.675	0.708	102.0	752.0	72.0	0.42199999094009	0.625	0.007
station_02	full_world	88	airborne_and_land	1.321	220.675	0.708	102.0	752.0	72.0	0.62800002098083	1.182000041008	0.004
station_02	full_world	89	airborne_and_land	2.024	220.675	0.708	102.0	752.0	72.0	0.88300001621246	0.59500002861023	0.005
station_02	full_world	90	airborne_and_land	2.257	220.675	0.708	102.0	752.0	72.0	1.27100002765656	0.54900002479553	0.007
station_02	full_world	91	airborne_and_land	3.995	220.675	0.708	102.0	752.0	72.0	0.38800001144409	1.71200001239777	0.007
station_02	full_world	92	airborne_and_land	5.959	220.675	0.708	102.0	752.0	72.0	0.77300000190735	0.67299997806549	0.01
station_02	full_world	93	airborne_and_land	2.716	220.675	0.708	102.0	752.0	72.0	0.57499998807907	1.07799994945526	0.008
station_02	full_world	94	airborne_and_land	1.69	220.675	0.708	102.0	752.0	72.0	0.62000000476837	0.54900002479553	0.012
station_02	full_world	95	airborne_and_land	1.879	220.675	0.708	102.0	752.0	72.0	0.70300000905991	0.69099998474121	0.006
station_02	full_world	96	airborne_and_land	1.573	220.675	0.708	102.0	752.0	72.0	0.93400001525879	0.5450000166893	0.005
station_02	full_world	97	airborne_and_land	1.829	220.675	0.708	102.0	752.0	72.0	0.83799999952316	0.52600002288818	0.007
station_02	full_world	98	airborne_and_land	2.723	220.675	0.708	102.0	752.0	72.0	0.84700000286102	0.55500000715256	0.018
station_02	full_world	99	airborne_and_land	1.833	220.675	0.708	102.0	752.0	72.0	0.75900000333786	0.45899999141693	0.006
station_02	full_world	100	airborne_and_land	2.517	220.675	0.708	102.0	752.0	72.0	0.63300001621246	0.53100001811981	0.007
station_02	full_world	101	airborne_and_land	1.561	220.675	0.708	102.0	752.0	72.0	0.83399999141693	0.51499998569489	0.006
station_02	full_world	102	airborne_and_land	1.473	220.675	0.708	102.0	752.0	72.0	0.6240000128746	0.52600002288818	0.006
station_02	full_world	103	airborne_and_land	1.835	220.675	0.708	102.0	752.0	72.0	0.57300001382828	0.55900001525879	0.007
station_02	full_world	104	airborne_and_land	1.653	220.675	0.708	102.0	752.0	72.0	1.02499997615814	0.55500000715256	0.005
station_02	full_world	105	airborne_and_land	1.842	220.675	0.708	102.0	752.0	72.0	0.51700001955032	0.53899997472763	0.006
station_02	full_world	106	airborne_and_land	2.112	220.675	0.708	102.0	752.0	72.0	0.88300001621246	0.53100001811981	0.006
station_02	full_world	107	airborne_and_land	2.545	220.675	0.708	102.0	752.0	72.0	0.62800002098083	0.53899997472763	0.006
station_02	full_world	108	airborne_and_land	1.747	220.675	0.708	102.0	752.0	72.0	0.50400000810623	0.53200000524521	0.009
station_02	full_world	109	airborne_and_land	1.238	220.675	0.708	102.0	752.0	72.0	0.69900000095367	0.41600000858307	0.004
station_02	full_world	110	airborne_and_land	5.608	220.675	0.708	102.0	752.0	72.0	0.65799999237061	0.43399998545647	0.006
station_02	full_world	111	airborne_and_land	1.726	220.675	0.708	102.0	752.0	72.0	0.73500001430511	0.5440000295639	0.007
station_02	full_world	112	airborne_and_land	1.409	220.675	0.708	102.0	752.0	72.0	0.89800000190735	0.52499997615814	0.005
station_02	full_world	113	airborne_and_land	2.072	220.675	0.708	102.0	752.0	72.0	0.68099999427795	0.56099998950958	0.006
station_02	full_world	114	airborne_and_land	3.325	220.675	0.708	102.0	752.0	72.0	0.58799999952316	0.46700000762939	0.007
station_02	full_world	115	airborne_and_land	1.598	220.675	0.708	102.0	752.0	72.0	0.40200001001358	0.46700000762939	0.006
station_02	full_world	116	airborne_and_land	1.445	220.675	0.708	102.0	752.0	72.0	0.64999997615814	0.47400000691414	0.005
station_02	full_world	117	airborne_and_land	1.588	220.675	0.708	102.0	752.0	72.0	0.61199998855591	0.40900000929832	0.005
station_02	full_world	118	airborne_and_land	1.569	220.675	0.708	102.0	752.0	72.0	0.55299997329712	0.65600001811981	0.005
station_02	full_world	119	airborne_and_land	1.626	220.675	0.708	102.0	752.0	72.0	0.49099999666214	1.7940000295639	0.005
station_02	full_world	120	airborne_and_land	1.608	220.675	0.708	102.0	752.0	72.0	0.66399997472763	0.46700000762939	0.027
station_02	full_world	121	airborne_and_land	2.791	220.675	0.708	102.0	752.0	72.0	0.5460000038147	0.40999999642372	0.005
station_02	full_world	122	airborne_and_land	1.799	220.675	0.708	102.0	752.0	72.0	0.55400002002716	0.42599999904633	0.008
station_02	full_world	123	airborne_and_land	1.493	220.675	0.708	102.0	752.0	72.0	0.5120000243187	0.44100001454353	0.005
station_02	full_world	124	airborne_and_land	1.794	220.675	0.708	102.0	752.0	72.0	0.47600001096725	0.45100000500679	0.013
station_02	full_world	125	airborne_and_land	1.627	220.675	0.708	102.0	752.0	72.0	0.68999999761581	0.43599998950958	0.005
station_02	full_world	126	airborne_and_land	1.568	220.675	0.708	102.0	752.0	72.0	0.62099999189377	0.46000000834465	0.005
station_02	full_world	127	airborne_and_land	1.558	220.675	0.708	102.0	752.0	72.0	0.89999997615814	0.54000002145767	0.004
station_02	full_world	128	airborne_and_land	1.659	220.675	0.708	102.0	752.0	72.0	0.71200001239777	0.43599998950958	0.006
station_02	full_world	129	airborne_and_land	3.033	220.675	0.708	120.0	896.0	75.0	0.53700000047684	0.42500001192093	0.055
station_02	full_world	130	airborne_and_land	4.199	220.675	0.708	120.0	896.0	75.0	0.69499999284744	0.52100002765656	0.011
station_02	full_world	131	airborne_and_land	3.693	220.675	0.708	120.0	896.0	75.0	0.55299997329712	0.41999998688698	0.007
station_02	full_world	132	airborne_and_land	1.88	188.756	1.383	120.0	896.0	75.0	0.62000000476837	0.41299998760223	0.005
station_02	full_world	133	airborne_and_land	1.836	188.756	1.383	120.0	896.0	75.0	0.55599999427795	0.4210000038147	0.006
station_02	full_world	134	airborne_and_land	1.857	188.756	1.383	120.0	896.0	75.0	0.53100001811981	0.42699998617172	0.006
station_02	full_world	135	airborne_and_land	1.682	188.756	1.383	120.0	896.0	75.0	0.7940000295639	0.63400000333786	0.004
station_02	full_world	136	airborne_and_land	1.719	188.756	1.383	120.0	896.0	75.0	0.80400002002716	0.52200001478195	0.029
station_02	full_world	137	airborne_and_land	2.957	188.756	1.383	120.0	896.0	75.0	0.64099997282028	0.63599997758865	0.008
station_02	full_world	138	airborne_and_land	3.215	188.756	1.383	120.0	896.0	75.0	0.67799997329712	0.56900000572205	0.029
station_02	full_world	139	airborne_and_land	1.687	188.756	1.383	120.0	896.0	75.0	0.63599997758865	0.5460000038147	0.006
station_02	full_world	140	airborne_and_land	1.597	188.756	1.383	120.0	896.0	75.0	0.64600002765656	0.45800000429153	0.005
station_02	full_world	141	airborne_and_land	1.674	188.756	1.383	120.0	896.0	75.0	0.55199998617172	0.53500002622604	0.008
station_02	full_world	142	airborne_and_land	1.484	188.756	1.383	120.0	896.0	75.0	0.62999999523163	0.43000000715256	0.005
station_02	full_world	143	airborne_and_land	1.985	188.756	1.383	120.0	896.0	75.0	0.74099999666214	0.60399997234344	0.005
station_02	full_world	144	recovery	1.843	188.756	1.383	120.0	896.0	75.0	1.41799998283386	0.51599997282028	0.004
station_02	full_world	145	recovery	2.468	188.756	1.383	120.0	896.0	75.0	0.54900002479553	0.44299998879433	0.007
station_02	full_world	146	recovery	2.014	188.756	1.383	120.0	896.0	75.0	0.52999997138977	0.45500001311302	0.007
station_02	full_world	147	recovery	2.182	188.756	1.383	120.0	896.0	75.0	0.61000001430511	0.43900001049042	0.007
station_02	full_world	148	recovery	1.824	188.756	1.383	120.0	896.0	75.0	0.49799999594688	0.47999998927116	0.007
station_02	full_world	149	recovery	6.009	188.756	1.383	120.0	896.0	75.0	0.74400001764297	0.49099999666214	0.006
station_02	full_world	150	recovery	1.926	188.756	1.383	120.0	896.0	75.0	0.74199998378754	0.46599999070168	0.006
station_02	full_world	151	recovery	1.95	188.756	1.383	120.0	896.0	75.0	0.78200000524521	0.59299999475479	0.005
station_02	full_world	152	recovery	3.685	188.756	1.383	120.0	896.0	75.0	0.52100002765656	0.49000000953674	0.025
station_02	full_world	153	recovery	1.807	188.756	1.383	120.0	896.0	75.0	0.83200001716614	0.50300002098083	0.006
station_02	full_world	154	recovery	1.638	188.756	1.383	120.0	896.0	75.0	0.5460000038147	0.45500001311302	0.005
station_02	full_world	155	recovery	1.833	188.756	1.383	120.0	896.0	75.0	0.77899998426437	0.47799998521805	0.006
station_02	full_world	156	recovery	1.706	188.756	1.383	120.0	896.0	75.0	0.64600002765656	0.47799998521805	0.005
station_02	full_world	157	recovery	1.533	188.756	1.383	120.0	896.0	75.0	0.51800000667572	0.62300002574921	0.004
station_02	full_world	158	recovery	1.611	188.756	1.383	120.0	896.0	75.0	1.3289999961853	0.49300000071526	0.005
station_02	full_world	159	recovery	1.946	188.756	1.383	120.0	896.0	75.0	0.54900002479553	0.47999998927116	0.003
station_02	full_world	160	recovery	1.821	188.756	1.383	120.0	896.0	75.0	0.60199999809265	0.4379999935627	0.009
station_02	full_world	161	recovery	1.741	188.756	1.383	120.0	896.0	75.0	0.61500000953674	0.50300002098083	0.006
station_02	full_world	162	recovery	2.618	188.756	1.383	120.0	896.0	75.0	0.74199998378754	0.50599998235703	0.006
station_02	full_world	163	recovery	1.966	188.756	1.383	120.0	896.0	75.0	0.44800001382828	0.8289999961853	0.009
station_02	full_world	164	recovery	1.623	188.756	1.383	120.0	896.0	75.0	0.76599997282028	0.57300001382828	0.007
station_02	full_world	165	recovery	2.442	188.756	1.383	120.0	896.0	75.0	0.36800000071526	0.58499997854233	0.008
station_02	full_world	166	recovery	2.322	188.756	1.383	120.0	896.0	75.0	0.4709999859333	0.625	0.015
station_02	full_world	167	recovery	2.122	188.756	1.383	120.0	896.0	75.0	0.56199997663498	0.78299999237061	0.009
station_02	full_world	168	recovery	1.958	188.756	1.383	120.0	896.0	75.0	0.73299998044968	0.6129999756813	0.011
station_02	full_world	169	recovery	8.773	188.756	1.383	120.0	896.0	75.0	0.52999997138977	0.93099999427795	0.014
station_02	full_world	170	recovery	1.851	188.756	1.383	120.0	896.0	75.0	0.71299999952316	0.65100002288818	0.007
station_02	full_world	171	recovery	1.634	188.756	1.383	120.0	896.0	75.0	0.51899999380112	0.72799998521805	0.01
station_02	full_world	172	walk_left	1.436	188.756	1.383	120.0	896.0	75.0	0.71299999952316	10.5590000152588	0.005
station_02	full_world	173	walk_left	1.788	188.756	1.383	120.0	896.0	75.0	0.68599998950958	0.57700002193451	0.006
station_02	full_world	174	walk_left	4.49	188.756	1.383	120.0	896.0	75.0	0.74800002574921	0.5450000166893	0.007
station_02	full_world	175	walk_left	1.251	188.756	1.383	120.0	896.0	75.0	0.90600001811981	0.54699999094009	0.005
station_02	full_world	176	walk_left	1.53	188.756	1.383	120.0	896.0	75.0	0.65399998426437	0.59399998188019	0.004
station_02	full_world	177	walk_left	1.746	188.756	1.383	120.0	896.0	75.0	0.53299999237061	0.89300000667572	0.007
station_02	full_world	178	walk_left	1.575	188.756	1.383	120.0	896.0	75.0	0.50599998235703	0.58499997854233	0.009
station_02	full_world	179	walk_left	1.385	188.756	1.383	120.0	896.0	75.0	0.55800002813339	2.29500007629395	0.005
station_02	full_world	180	walk_left	1.574	188.756	1.383	120.0	896.0	75.0	0.52100002765656	1.12399995326996	0.006
station_02	full_world	181	walk_left	1.307	188.756	1.383	120.0	896.0	75.0	0.39500001072884	0.63400000333786	0.004
station_02	full_world	182	walk_left	2.127	188.756	1.383	120.0	896.0	75.0	0.59299999475479	0.61900001764297	0.004
station_02	full_world	183	walk_left	1.934	188.756	1.383	120.0	896.0	75.0	0.50300002098083	0.85699999332428	0.008
station_02	full_world	184	walk_left	1.745	188.756	1.383	120.0	896.0	75.0	0.66600000858307	0.44999998807907	0.006
station_02	full_world	185	walk_left	1.3	188.756	1.383	120.0	896.0	75.0	0.40599998831749	0.4839999973774	0.004
station_02	full_world	186	walk_left	1.701	188.756	1.383	120.0	896.0	75.0	0.47499999403954	0.44400000572205	0.003
station_02	full_world	187	walk_left	1.895	188.756	1.383	120.0	896.0	75.0	0.38800001144409	0.4709999859333	0.005
station_02	full_world	188	walk_left	1.882	188.756	1.383	120.0	896.0	75.0	0.56900000572205	0.8740000128746	0.006
station_02	full_world	189	walk_left	8.92	188.756	1.383	120.0	896.0	75.0	0.56499999761581	1.21000003814697	0.01
station_02	full_world	190	walk_left	2.829	188.756	1.383	120.0	896.0	75.0	0.70800000429153	0.42800000309944	0.005
station_02	full_world	191	walk_left	1.718	188.756	1.383	120.0	896.0	75.0	0.36500000953674	0.43000000715256	0.009
station_02	full_world	192	walk_left	1.587	188.756	1.383	120.0	896.0	75.0	0.55500000715256	9.59700012207031	0.007
station_02	full_world	193	walk_left	1.514	188.756	1.383	120.0	896.0	75.0	0.43500000238419	1.80999994277954	0.005
station_02	full_world	194	walk_left	1.236	188.756	1.383	120.0	896.0	75.0	0.58200001716614	0.5440000295639	0.006
station_02	full_world	195	walk_left	1.017	188.756	1.383	120.0	896.0	75.0	1.86899995803833	0.52399998903275	0.003
station_02	full_world	196	walk_left	1.614	188.756	1.383	120.0	896.0	75.0	0.60600000619888	0.56699997186661	0.004
station_02	full_world	197	walk_left	2.306	188.756	1.383	121.0	932.0	76.0	0.5460000038147	0.71100002527237	0.004
station_02	full_world	198	walk_left	2.316	188.756	1.383	121.0	932.0	76.0	0.66500002145767	0.93800002336502	0.017
station_02	full_world	199	walk_left	1.578	188.756	1.383	121.0	932.0	76.0	0.63300001621246	0.54000002145767	0.006
station_02	full_world	200	walk_left	1.649	188.756	1.383	121.0	932.0	76.0	0.52499997615814	0.90799999237061	0.006
station_02	full_world	201	walk_left	1.614	188.756	1.383	121.0	932.0	76.0	0.41999998688698	0.46399998664856	0.005
station_02	full_world	202	walk_left	1.522	188.756	1.383	121.0	932.0	76.0	0.61900001764297	0.56800001859665	0.005
station_02	full_world	203	walk_left	1.651	188.756	1.383	121.0	932.0	76.0	0.56599998474121	1.55999994277954	0.005
station_02	full_world	204	walk_left	1.321	188.756	1.383	121.0	932.0	76.0	0.93000000715256	0.52300000190735	0.004
station_02	full_world	205	walk_left	2.435	188.756	1.383	121.0	932.0	76.0	0.41899999976158	0.54299998283386	0.006
station_02	full_world	206	walk_left	1.596	188.756	1.383	121.0	932.0	76.0	0.63300001621246	0.85100001096725	0.007
station_02	full_world	207	walk_left	1.649	188.756	1.383	121.0	932.0	76.0	0.68900001049042	0.46399998664856	0.047
station_02	full_world	208	walk_left	7.833	188.756	1.383	121.0	932.0	76.0	0.47400000691414	1.02300000190735	0.014
station_02	full_world	209	idle_after_cycle	1.803	188.756	1.383	121.0	932.0	76.0	0.75800001621246	0.44800001382828	0.007
station_02	full_world	210	idle_after_cycle	1.63	188.756	1.383	121.0	932.0	76.0	0.37299999594688	0.75199997425079	0.004
station_02	full_world	211	idle_after_cycle	1.531	188.756	1.383	121.0	932.0	76.0	0.62199997901917	8.66199970245361	0.006
station_02	full_world	212	idle_after_cycle	1.378	188.756	1.383	121.0	932.0	76.0	0.49799999594688	0.4709999859333	0.003
station_02	full_world	213	idle_after_cycle	2.112	188.756	1.383	121.0	932.0	76.0	0.77700001001358	0.63099998235703	0.005
station_02	full_world	214	idle_after_cycle	1.992	188.756	1.383	121.0	932.0	76.0	0.92799997329712	0.53100001811981	0.007
station_02	full_world	215	idle_after_cycle	2.875	188.756	1.383	121.0	932.0	76.0	0.54699999094009	0.7620000243187	0.008
station_02	full_world	216	idle_after_cycle	1.806	188.756	1.383	121.0	932.0	76.0	0.36700001358986	0.89099997282028	0.007
station_02	full_world	217	idle_after_cycle	2.465	188.756	1.383	121.0	932.0	76.0	0.61199998855591	1.02300000190735	0.005
station_02	full_world	218	idle_after_cycle	1.424	188.756	1.383	121.0	932.0	76.0	0.625	0.65299999713898	0.005
station_02	full_world	219	idle_after_cycle	1.753	188.756	1.383	121.0	932.0	76.0	0.55299997329712	2.32999992370605	0.006
station_02	no_dust	2	idle	1.681	188.756	1.383	102.0	752.0	72.0	0.46999999880791	0.99299997091293	0.005
station_02	no_dust	3	idle	1.754	188.756	1.383	102.0	752.0	72.0	0.74400001764297	0.6259999871254	0.006
station_02	no_dust	4	idle	2.323	188.756	1.383	102.0	752.0	72.0	0.48699998855591	0.84899997711182	0.01
station_02	no_dust	5	idle	5.756	188.756	1.383	102.0	752.0	72.0	0.64999997615814	0.97899997234344	0.007
station_02	no_dust	6	idle	2.952	188.756	1.383	102.0	752.0	72.0	0.70999997854233	0.43399998545647	0.011
station_02	no_dust	7	idle	1.454	188.756	1.383	102.0	752.0	72.0	0.35600000619888	0.51800000667572	0.006
station_02	no_dust	8	idle	7.263	188.756	1.383	102.0	752.0	72.0	0.62900000810623	0.47699999809265	0.01
station_02	no_dust	9	idle	2.001	188.756	1.383	102.0	752.0	72.0	0.56699997186661	0.55199998617172	0.006
station_02	no_dust	10	idle	1.562	188.756	1.383	102.0	752.0	72.0	0.64200001955032	0.59399998188019	0.005
station_02	no_dust	11	idle	2.508	188.756	1.383	102.0	752.0	72.0	0.9559999704361	10.1350002288818	0.006
station_02	no_dust	12	idle	2.109	188.756	1.383	102.0	752.0	72.0	1.43099999427795	0.58499997854233	0.007
station_02	no_dust	13	idle	1.229	188.756	1.383	102.0	752.0	72.0	0.58499997854233	0.55099999904633	0.004
station_02	no_dust	14	idle	1.437	188.756	1.383	102.0	752.0	72.0	0.99299997091293	0.56900000572205	0.006
station_02	no_dust	15	idle	1.339	188.756	1.383	102.0	752.0	72.0	0.69900000095367	0.45500001311302	0.006
station_02	no_dust	16	idle	1.742	188.756	1.383	102.0	752.0	72.0	0.44699999690056	0.96899998188019	0.005
station_02	no_dust	17	idle	1.241	188.756	1.383	102.0	752.0	72.0	0.48800000548363	0.53200000524521	0.003
station_02	no_dust	18	idle	1.515	188.756	1.383	102.0	752.0	72.0	0.72799998521805	0.44699999690056	0.005
station_02	no_dust	19	idle	2.716	188.756	1.383	102.0	752.0	72.0	0.375	0.69400000572205	0.005
station_02	no_dust	20	idle	2.135	188.756	1.383	102.0	752.0	72.0	0.56499999761581	0.68000000715256	0.008
station_02	no_dust	21	idle	1.761	188.756	1.383	102.0	752.0	72.0	0.49300000071526	1.21800005435944	0.007
station_02	no_dust	22	idle	5.105	188.756	1.383	102.0	752.0	72.0	0.84700000286102	0.44999998807907	0.007
station_02	no_dust	23	idle	1.946	188.756	1.383	102.0	752.0	72.0	0.34499999880791	0.78100001811981	0.007
station_02	no_dust	24	idle	1.535	188.756	1.383	102.0	752.0	72.0	0.69099998474121	0.47600001096725	0.005
station_02	no_dust	25	idle	1.913	188.756	1.383	102.0	752.0	72.0	1.0	0.67699998617172	0.004
station_02	no_dust	26	idle	1.581	188.756	1.383	102.0	752.0	72.0	0.84700000286102	0.52499997615814	0.006
station_02	no_dust	27	idle	4.88	188.756	1.383	102.0	752.0	72.0	0.69499999284744	0.50800001621246	0.008
station_02	no_dust	28	idle	1.839	188.756	1.383	102.0	752.0	72.0	0.91200000047684	0.51300001144409	0.006
station_02	no_dust	29	idle	1.897	188.756	1.383	102.0	752.0	72.0	0.69199997186661	0.44800001382828	0.005
station_02	no_dust	30	walk_right	1.833	188.756	1.383	102.0	752.0	72.0	0.49300000071526	0.41499999165535	0.007
station_02	no_dust	31	walk_right	1.568	188.756	1.383	102.0	752.0	72.0	0.7509999871254	0.43000000715256	0.006
station_02	no_dust	32	walk_right	1.517	188.756	1.383	102.0	752.0	72.0	0.58300000429153	0.58700001239777	0.005
station_02	no_dust	33	walk_right	1.503	188.756	1.383	102.0	752.0	72.0	1.39600002765656	0.59600001573563	0.005
station_02	no_dust	34	walk_right	1.936	188.756	1.383	102.0	752.0	72.0	0.56900000572205	0.44499999284744	0.006
station_02	no_dust	35	walk_right	3.093	188.756	1.383	102.0	752.0	72.0	0.76899999380112	0.45600000023842	0.015
station_02	no_dust	36	walk_right	1.853	188.756	1.383	102.0	752.0	72.0	0.65499997138977	0.42899999022484	0.008
station_02	no_dust	37	walk_right	1.663	188.756	1.383	102.0	752.0	72.0	0.52600002288818	0.4210000038147	0.006
station_02	no_dust	38	walk_right	2.773	188.756	1.383	102.0	752.0	72.0	0.58300000429153	0.41200000047684	0.013
station_02	no_dust	39	walk_right	2.15	188.756	1.383	102.0	752.0	72.0	0.55500000715256	0.41299998760223	0.008
station_02	no_dust	40	walk_right	5.938	188.756	1.383	102.0	752.0	72.0	0.76099997758865	0.51399999856949	0.01
station_02	no_dust	41	walk_right	2.695	188.756	1.383	102.0	752.0	72.0	1.01800000667572	0.57099997997284	0.01
station_02	no_dust	42	walk_right	3.861	188.756	1.383	102.0	752.0	72.0	0.72600001096725	0.42599999904633	0.009
station_02	no_dust	43	walk_right	1.786	188.756	1.383	102.0	752.0	72.0	0.49799999594688	0.47900000214577	0.008
station_02	no_dust	44	walk_right	1.623	188.756	1.383	102.0	752.0	72.0	0.94700002670288	0.4990000128746	0.008
station_02	no_dust	45	walk_right	1.691	188.756	1.383	102.0	752.0	72.0	0.81000000238419	0.50900000333786	0.006
station_02	no_dust	46	walk_right	1.719	188.756	1.383	102.0	752.0	72.0	0.86799997091293	0.55199998617172	0.005
station_02	no_dust	47	walk_right	1.757	188.756	1.383	102.0	752.0	72.0	0.91399997472763	0.65600001811981	0.005
station_02	no_dust	48	walk_right	3.114	188.756	1.383	102.0	752.0	72.0	0.85900002717972	0.63400000333786	0.004
station_02	no_dust	49	walk_right	3.049	188.756	1.383	102.0	752.0	72.0	0.60000002384186	0.66000002622604	0.008
station_02	no_dust	50	walk_right	1.966	188.756	1.383	102.0	752.0	72.0	0.57499998807907	0.50599998235703	0.008
station_02	no_dust	51	walk_right	2.058	188.756	1.383	102.0	752.0	72.0	0.65200001001358	0.45500001311302	0.009
station_02	no_dust	52	walk_right	1.703	188.756	1.383	102.0	752.0	72.0	0.72100001573563	0.49700000882149	0.008
station_02	no_dust	53	walk_right	1.508	188.756	1.383	102.0	752.0	72.0	0.68400001525879	0.49500000476837	0.006
station_02	no_dust	54	walk_right	1.506	188.756	1.383	102.0	752.0	72.0	0.65799999237061	0.59799998998642	0.005
station_02	no_dust	55	walk_right	1.563	188.756	1.383	102.0	752.0	72.0	1.067999958992	0.53600001335144	0.006
station_02	no_dust	56	walk_right	1.76	188.756	1.383	102.0	752.0	72.0	0.76800000667572	0.44999998807907	0.007
station_02	no_dust	57	walk_right	2.849	188.756	1.383	102.0	752.0	72.0	0.7960000038147	0.45300000905991	0.008
station_02	no_dust	58	walk_right	4.979	188.756	1.383	102.0	752.0	72.0	0.58700001239777	0.43399998545647	0.011
station_02	no_dust	59	walk_right	1.487	188.756	1.383	102.0	752.0	72.0	0.65499997138977	0.40999999642372	0.006
station_02	no_dust	60	walk_right	1.508	188.756	1.383	102.0	752.0	72.0	0.53200000524521	0.44699999690056	0.006
station_02	no_dust	61	walk_right	1.229	188.756	1.383	102.0	752.0	72.0	0.57400000095367	0.57800000905991	0.006
station_02	no_dust	62	walk_right	1.327	188.756	1.383	102.0	752.0	72.0	0.61000001430511	0.4370000064373	0.005
station_02	no_dust	63	walk_right	1.2	188.756	1.383	102.0	752.0	72.0	0.97500002384186	0.45600000023842	0.006
station_02	no_dust	64	walk_right	1.51	188.756	1.383	102.0	752.0	72.0	0.72699999809265	0.46799999475479	0.005
station_02	no_dust	65	walk_right	2.85	188.756	1.383	102.0	752.0	72.0	0.68400001525879	0.4370000064373	0.006
station_02	no_dust	66	walk_right	2.533	188.756	1.383	102.0	752.0	72.0	0.78299999237061	0.44800001382828	0.025
station_02	no_dust	67	walk_right	1.547	188.756	1.383	102.0	752.0	72.0	0.51999998092651	0.44299998879433	0.007
station_02	no_dust	68	walk_right	1.566	188.756	1.383	102.0	752.0	72.0	0.658999979496	0.4379999935627	0.008
station_02	no_dust	69	walk_right	1.066	188.756	1.383	102.0	752.0	72.0	0.50900000333786	0.42699998617172	0.004
station_02	no_dust	70	walk_right	1.545	188.756	1.383	102.0	752.0	72.0	0.51800000667572	0.65499997138977	0.005
station_02	no_dust	71	walk_right	1.256	188.756	1.383	102.0	752.0	72.0	1.18599998950958	0.76700001955032	0.004
station_02	no_dust	72	jump_launch	1.57	188.756	1.383	102.0	752.0	72.0	1.21700000762939	0.64499998092651	0.005
station_02	no_dust	73	jump_launch	2.967	188.756	1.383	102.0	752.0	72.0	0.67599999904633	0.56699997186661	0.008
station_02	no_dust	74	jump_launch	2.508	188.756	1.383	102.0	752.0	72.0	0.56000000238419	0.5120000243187	0.005
station_02	no_dust	75	airborne_and_land	2.477	188.756	1.383	102.0	752.0	72.0	0.36500000953674	0.60399997234344	0.009
station_02	no_dust	76	airborne_and_land	2.086	188.756	1.383	102.0	752.0	72.0	0.625	0.40999999642372	0.009
station_02	no_dust	77	airborne_and_land	1.786	188.756	1.383	102.0	752.0	72.0	0.48699998855591	0.4210000038147	0.006
station_02	no_dust	78	airborne_and_land	5.274	188.756	1.383	102.0	752.0	72.0	0.46799999475479	0.54799997806549	0.005
station_02	no_dust	79	airborne_and_land	1.561	188.756	1.383	102.0	752.0	72.0	0.70099997520447	0.47600001096725	0.004
station_02	no_dust	80	airborne_and_land	3.687	188.756	1.383	102.0	752.0	72.0	0.99400001764297	0.54100000858307	0.008
station_02	no_dust	81	airborne_and_land	2.779	188.756	1.383	102.0	752.0	72.0	0.97699999809265	0.64300000667572	0.008
station_02	no_dust	82	airborne_and_land	1.81	188.756	1.383	102.0	752.0	72.0	0.716000020504	0.46700000762939	0.007
station_02	no_dust	83	airborne_and_land	1.556	188.756	1.383	102.0	752.0	72.0	0.6129999756813	0.48100000619888	0.005
station_02	no_dust	84	airborne_and_land	1.545	188.756	1.383	102.0	752.0	72.0	0.65299999713898	0.46900001168251	0.004
station_02	no_dust	85	airborne_and_land	1.577	188.756	1.383	102.0	752.0	72.0	0.57800000905991	0.44699999690056	0.005
station_02	no_dust	86	airborne_and_land	1.258	188.756	1.383	102.0	752.0	72.0	1.01999998092651	0.59700000286102	0.004
station_02	no_dust	87	airborne_and_land	1.336	188.756	1.383	102.0	752.0	72.0	0.74400001764297	0.47299998998642	0.007
station_02	no_dust	88	airborne_and_land	2.637	188.756	1.383	102.0	752.0	72.0	0.56900000572205	0.44999998807907	0.012
station_02	no_dust	89	airborne_and_land	1.938	188.756	1.383	102.0	752.0	72.0	0.58899998664856	0.41299998760223	0.006
station_02	no_dust	90	airborne_and_land	1.824	188.756	1.383	102.0	752.0	72.0	0.4990000128746	0.52499997615814	0.006
station_02	no_dust	91	airborne_and_land	1.755	188.756	1.383	102.0	752.0	72.0	0.51300001144409	0.4210000038147	0.007
station_02	no_dust	92	airborne_and_land	2.442	188.756	1.383	102.0	752.0	72.0	0.43999999761581	0.44999998807907	0.004
station_02	no_dust	93	airborne_and_land	1.485	188.756	1.383	102.0	752.0	72.0	0.47699999809265	0.81400001049042	0.003
station_02	no_dust	94	airborne_and_land	1.071	188.756	1.383	102.0	752.0	72.0	0.77600002288818	1.14699995517731	0.003
station_02	no_dust	95	airborne_and_land	1.835	188.756	1.383	102.0	752.0	72.0	1.03299999237061	0.73600000143051	0.008
station_02	no_dust	96	airborne_and_land	3.068	188.756	1.383	102.0	752.0	72.0	0.51499998569489	0.98299998044968	0.009
station_02	no_dust	97	airborne_and_land	1.363	188.756	1.383	102.0	752.0	72.0	0.87699997425079	0.60399997234344	0.005
station_02	no_dust	98	airborne_and_land	6.454	188.756	1.383	102.0	752.0	72.0	0.35299998521805	0.88599997758865	0.011
station_02	no_dust	99	airborne_and_land	2.168	188.756	1.383	102.0	752.0	72.0	0.78200000524521	0.80099999904633	0.008
station_02	no_dust	100	airborne_and_land	1.593	188.756	1.383	102.0	752.0	72.0	0.34299999475479	0.73500001430511	0.006
station_02	no_dust	101	airborne_and_land	1.305	188.756	1.383	102.0	752.0	72.0	0.73199999332428	7.70300006866455	0.004
station_02	no_dust	102	airborne_and_land	1.525	188.756	1.383	102.0	752.0	72.0	0.5460000038147	0.71299999952316	0.005
station_02	no_dust	103	airborne_and_land	1.801	188.756	1.383	102.0	752.0	72.0	0.51499998569489	0.64800000190735	0.01
station_02	no_dust	104	airborne_and_land	2.078	188.756	1.383	102.0	752.0	72.0	0.99599999189377	0.65499997138977	0.005
station_02	no_dust	105	airborne_and_land	1.55	188.756	1.383	102.0	752.0	72.0	0.66200000047684	0.98000001907349	0.005
station_02	no_dust	106	airborne_and_land	2.303	188.756	1.383	102.0	752.0	72.0	0.73500001430511	0.46599999070168	0.016
station_02	no_dust	107	airborne_and_land	1.374	188.756	1.383	102.0	752.0	72.0	0.3589999973774	0.60299998521805	0.009
station_02	no_dust	108	airborne_and_land	1.63	188.756	1.383	102.0	752.0	72.0	0.51999998092651	0.88099998235703	0.007
station_02	no_dust	109	airborne_and_land	0.983	188.756	1.383	102.0	752.0	72.0	0.79199999570847	0.45899999141693	0.003
station_02	no_dust	110	airborne_and_land	1.815	188.756	1.383	102.0	752.0	72.0	0.50900000333786	1.28299999237061	0.005
station_02	no_dust	111	airborne_and_land	1.256	188.756	1.383	102.0	752.0	72.0	0.66299998760223	1.70099997520447	0.005
station_02	no_dust	112	airborne_and_land	2.582	188.756	1.383	102.0	752.0	72.0	0.66799998283386	0.73699998855591	0.012
station_02	no_dust	113	airborne_and_land	1.597	188.756	1.383	102.0	752.0	72.0	0.47200000286102	0.68000000715256	0.008
station_02	no_dust	114	airborne_and_land	1.471	188.756	1.383	102.0	752.0	72.0	0.51499998569489	0.98000001907349	0.006
station_02	no_dust	115	airborne_and_land	1.886	188.756	1.383	102.0	752.0	72.0	0.34900000691414	0.62099999189377	0.004
station_02	no_dust	116	airborne_and_land	1.739	188.756	1.383	102.0	752.0	72.0	0.65499997138977	0.62000000476837	0.011
station_02	no_dust	117	airborne_and_land	1.832	188.756	1.383	102.0	752.0	72.0	0.36700001358986	0.87800002098083	0.006
station_02	no_dust	118	airborne_and_land	1.32	188.756	1.383	102.0	752.0	72.0	0.42199999094009	0.80800002813339	0.005
station_02	no_dust	119	airborne_and_land	7.164	188.756	1.383	102.0	752.0	72.0	0.44600000977516	0.66000002622604	0.009
station_02	no_dust	120	airborne_and_land	2.865	188.756	1.383	102.0	752.0	72.0	0.625	1.17400002479553	0.005
station_02	no_dust	121	airborne_and_land	1.772	188.756	1.383	102.0	752.0	72.0	0.86000001430511	0.64700001478195	0.008
station_02	no_dust	122	airborne_and_land	1.239	188.756	1.383	102.0	752.0	72.0	0.75	8.74600028991699	0.005
station_02	no_dust	123	airborne_and_land	1.815	188.756	1.383	102.0	752.0	72.0	0.57800000905991	0.67799997329712	0.004
station_02	no_dust	124	airborne_and_land	1.873	188.756	1.383	102.0	752.0	72.0	0.49000000953674	0.87300002574921	0.005
station_02	no_dust	125	airborne_and_land	1.755	188.756	1.383	102.0	752.0	72.0	0.72200000286102	0.72500002384186	0.004
station_02	no_dust	126	airborne_and_land	1.573	188.756	1.383	102.0	752.0	72.0	0.64099997282028	0.78500002622604	0.005
station_02	no_dust	127	airborne_and_land	2.106	188.756	1.383	102.0	752.0	72.0	0.56400001049042	2.87199997901917	0.006
station_02	no_dust	128	airborne_and_land	2.348	188.756	1.383	102.0	752.0	72.0	0.42699998617172	0.60500001907349	0.008
station_02	no_dust	129	airborne_and_land	1.877	188.756	1.383	102.0	752.0	72.0	0.52600002288818	0.55400002002716	0.008
station_02	no_dust	130	airborne_and_land	1.905	188.756	1.383	102.0	752.0	72.0	0.75999999046326	0.60799998044968	0.008
station_02	no_dust	131	airborne_and_land	1.706	188.756	1.383	102.0	752.0	72.0	0.63800001144409	0.625	0.007
station_02	no_dust	132	airborne_and_land	2.072	188.756	1.383	102.0	752.0	72.0	0.41999998688698	0.83700001239777	0.008
station_02	no_dust	133	airborne_and_land	1.39	188.756	1.383	102.0	752.0	72.0	0.9539999961853	0.75999999046326	0.005
station_02	no_dust	134	airborne_and_land	1.283	188.756	1.383	102.0	752.0	72.0	0.63099998235703	0.78299999237061	0.003
station_02	no_dust	135	airborne_and_land	1.69	188.756	1.383	102.0	752.0	72.0	0.60500001907349	0.87699997425079	0.006
station_02	no_dust	136	airborne_and_land	2.592	188.756	1.383	120.0	896.0	75.0	0.80000001192093	1.84500002861023	0.009
station_02	no_dust	137	airborne_and_land	1.404	188.756	1.383	120.0	896.0	75.0	0.50400000810623	0.84200000762939	0.006
station_02	no_dust	138	airborne_and_land	6.423	188.756	1.383	120.0	896.0	75.0	0.7490000128746	0.46200001239777	0.009
station_02	no_dust	139	airborne_and_land	2.607	188.756	1.383	120.0	896.0	75.0	0.40000000596046	0.94900000095367	0.009
station_02	no_dust	140	airborne_and_land	2.037	188.756	1.383	120.0	896.0	75.0	0.53100001811981	0.56800001859665	0.007
station_02	no_dust	141	airborne_and_land	1.465	188.756	1.383	120.0	896.0	75.0	0.63400000333786	8.77400016784668	0.005
station_02	no_dust	142	airborne_and_land	1.806	188.756	1.383	120.0	896.0	75.0	0.65799999237061	0.96899998188019	0.007
station_02	no_dust	143	airborne_and_land	1.479	188.756	1.383	120.0	896.0	75.0	0.51499998569489	0.61699998378754	0.006
station_02	no_dust	144	recovery	2.166	188.756	1.383	120.0	896.0	75.0	0.841000020504	0.625	0.021
station_02	no_dust	145	recovery	1.563	188.756	1.383	120.0	896.0	75.0	0.71100002527237	0.65700000524521	0.007
station_02	no_dust	146	recovery	1.916	188.756	1.383	120.0	896.0	75.0	0.79299998283386	0.56800001859665	0.008
station_02	no_dust	147	recovery	2.587	188.756	1.383	120.0	896.0	75.0	0.375	1.20799994468689	0.01
station_02	no_dust	148	recovery	1.53	188.756	1.383	120.0	896.0	75.0	0.841000020504	0.52899998426437	0.004
station_02	no_dust	149	recovery	1.65	188.756	1.383	120.0	896.0	75.0	0.40200001001358	1.32000005245209	0.006
station_02	no_dust	150	recovery	1.377	188.756	1.383	120.0	896.0	75.0	0.89099997282028	0.57400000095367	0.004
station_02	no_dust	151	recovery	1.471	188.756	1.383	120.0	896.0	75.0	0.4370000064373	0.73100000619888	0.004
station_02	no_dust	152	recovery	1.795	188.756	1.383	120.0	896.0	75.0	0.7379999756813	1.95000004768372	0.006
station_02	no_dust	153	recovery	1.577	188.756	1.383	120.0	896.0	75.0	0.73199999332428	0.58399999141693	0.005
station_02	no_dust	154	recovery	1.428	188.756	1.383	120.0	896.0	75.0	0.37000000476837	0.81499999761581	0.003
station_02	no_dust	155	recovery	1.798	188.756	1.383	120.0	896.0	75.0	0.61199998855591	1.01999998092651	0.006
station_02	no_dust	156	recovery	2.01	188.756	1.383	120.0	896.0	75.0	0.57300001382828	0.60299998521805	0.005
station_02	no_dust	157	recovery	2.658	188.756	1.383	120.0	896.0	75.0	0.52499997615814	0.9879999756813	0.009
station_02	no_dust	158	recovery	1.714	188.756	1.383	120.0	896.0	75.0	0.65600001811981	0.98100000619888	0.005
station_02	no_dust	159	recovery	5.245	188.756	1.383	120.0	896.0	75.0	0.59600001573563	0.68599998950958	0.009
station_02	no_dust	160	recovery	2.651	188.756	1.383	120.0	896.0	75.0	0.42899999022484	0.4379999935627	0.007
station_02	no_dust	161	recovery	3.88	188.756	1.383	120.0	896.0	75.0	0.75999999046326	1.78100001811981	0.007
station_02	no_dust	162	recovery	2.483	188.756	1.383	120.0	896.0	75.0	0.76399999856949	0.63200002908707	0.009
station_02	no_dust	163	recovery	1.912	188.756	1.383	120.0	896.0	75.0	0.86799997091293	0.50800001621246	0.006
station_02	no_dust	164	recovery	2.445	188.756	1.383	120.0	896.0	75.0	0.51899999380112	0.43099999427795	0.011
station_02	no_dust	165	recovery	1.704	188.756	1.383	120.0	896.0	75.0	0.82800000905991	0.56599998474121	0.006
station_02	no_dust	166	recovery	1.682	188.756	1.383	120.0	896.0	75.0	0.93900001049042	0.47699999809265	0.005
station_02	no_dust	167	recovery	2.084	188.756	1.383	120.0	896.0	75.0	0.66100001335144	1.47000002861023	0.007
station_02	no_dust	168	recovery	1.965	188.756	1.383	120.0	896.0	75.0	0.70099997520447	0.58499997854233	0.005
station_02	no_dust	169	recovery	2.788	188.756	1.383	120.0	896.0	75.0	0.74199998378754	0.47600001096725	0.008
station_02	no_dust	170	recovery	1.826	188.756	1.383	120.0	896.0	75.0	0.85500001907349	0.79900002479553	0.007
station_02	no_dust	171	recovery	1.604	188.756	1.383	120.0	896.0	75.0	0.67799997329712	0.45899999141693	0.005
station_02	no_dust	172	walk_left	2.498	188.756	1.383	120.0	896.0	75.0	0.60799998044968	0.46200001239777	0.006
station_02	no_dust	173	walk_left	1.769	188.756	1.383	120.0	896.0	75.0	0.60299998521805	0.60500001907349	0.005
station_02	no_dust	174	walk_left	1.681	188.756	1.383	120.0	896.0	75.0	0.50400000810623	0.44299998879433	0.004
station_02	no_dust	175	walk_left	2.189	188.756	1.383	120.0	896.0	75.0	0.99000000953674	0.65700000524521	0.005
station_02	no_dust	176	walk_left	2.669	188.756	1.383	120.0	896.0	75.0	0.67400002479553	0.46299999952316	0.004
station_02	no_dust	177	walk_left	2.335	188.756	1.383	120.0	896.0	75.0	0.57700002193451	0.47400000691414	0.006
station_02	no_dust	178	walk_left	1.941	188.756	1.383	120.0	896.0	75.0	0.76099997758865	0.4709999859333	0.009
station_02	no_dust	179	walk_left	2.106	188.756	1.383	120.0	896.0	75.0	0.62099999189377	0.52600002288818	0.006
station_02	no_dust	180	walk_left	4.556	188.756	1.383	120.0	896.0	75.0	0.51099997758865	0.50300002098083	0.015
station_02	no_dust	181	walk_left	1.905	188.756	1.383	120.0	896.0	75.0	0.72500002384186	0.51499998569489	0.034
station_02	no_dust	182	walk_left	1.876	188.756	1.383	120.0	896.0	75.0	0.74099999666214	0.57200002670288	0.006
station_02	no_dust	183	walk_left	2.885	188.756	1.383	120.0	896.0	75.0	0.90399998426437	0.58399999141693	0.006
station_02	no_dust	184	walk_left	2.848	188.756	1.383	120.0	896.0	75.0	0.57599997520447	0.56699997186661	0.012
station_02	no_dust	185	walk_left	2.008	188.756	1.383	120.0	896.0	75.0	0.86500000953674	0.47900000214577	0.006
station_02	no_dust	186	walk_left	1.736	188.756	1.383	120.0	896.0	75.0	0.7059999704361	0.51999998092651	0.005
station_02	no_dust	187	walk_left	1.687	188.756	1.383	120.0	896.0	75.0	0.72600001096725	0.49200001358986	0.01
station_02	no_dust	188	walk_left	1.942	188.756	1.383	120.0	896.0	75.0	0.81800001859665	0.53200000524521	0.004
station_02	no_dust	189	walk_left	1.883	188.756	1.383	120.0	896.0	75.0	0.69700002670288	1.067999958992	0.008
station_02	no_dust	190	walk_left	1.941	188.756	1.383	120.0	896.0	75.0	1.44599997997284	0.46200001239777	0.006
station_02	no_dust	191	walk_left	2.557	188.756	1.383	120.0	896.0	75.0	0.79100000858307	0.43599998950958	0.005
station_02	no_dust	192	walk_left	2.457	188.756	1.383	120.0	896.0	75.0	0.61100000143051	0.42199999094009	0.041
station_02	no_dust	193	walk_left	1.921	188.756	1.383	120.0	896.0	75.0	0.61400002241135	0.46700000762939	0.019
station_02	no_dust	194	walk_left	5.836	188.756	1.383	120.0	896.0	75.0	0.64600002765656	0.42199999094009	0.007
station_02	no_dust	195	walk_left	2.087	188.756	1.383	120.0	896.0	75.0	0.59500002861023	0.46700000762939	0.007
station_02	no_dust	196	walk_left	1.644	188.756	1.383	120.0	896.0	75.0	0.60399997234344	0.43900001049042	0.006
station_02	no_dust	197	walk_left	1.436	188.756	1.383	120.0	896.0	75.0	0.69400000572205	0.55900001525879	0.006
station_02	no_dust	198	walk_left	3.053	188.756	1.383	120.0	896.0	75.0	0.875	0.53700000047684	0.008
station_02	no_dust	199	walk_left	1.731	188.756	1.383	120.0	896.0	75.0	0.77799999713898	0.48899999260902	0.012
station_02	no_dust	200	walk_left	1.773	188.756	1.383	120.0	896.0	75.0	0.64300000667572	0.56199997663498	0.008
station_02	no_dust	201	walk_left	1.365	188.756	1.383	120.0	896.0	75.0	0.7039999961853	0.66299998760223	0.005
station_02	no_dust	202	walk_left	1.436	188.756	1.383	120.0	896.0	75.0	0.59399998188019	0.50300002098083	0.006
station_02	no_dust	203	walk_left	1.398	188.756	1.383	120.0	896.0	75.0	0.45199999213219	0.53700000047684	0.009
station_02	no_dust	204	walk_left	1.466	188.756	1.383	120.0	896.0	75.0	0.74699997901917	0.52100002765656	0.005
station_02	no_dust	205	walk_left	2.927	188.756	1.383	120.0	896.0	75.0	0.6700000166893	0.60100001096725	0.004
station_02	no_dust	206	walk_left	2.488	188.756	1.383	120.0	896.0	75.0	0.7509999871254	0.52899998426437	0.006
station_02	no_dust	207	walk_left	1.762	188.756	1.383	120.0	896.0	75.0	0.46900001168251	0.48500001430511	0.018
station_02	no_dust	208	walk_left	2.223	188.756	1.383	120.0	896.0	75.0	0.53299999237061	0.50999999046326	0.013
station_02	no_dust	209	idle_after_cycle	1.936	188.756	1.383	120.0	896.0	75.0	0.58300000429153	0.58300000429153	0.007
station_02	no_dust	210	idle_after_cycle	1.803	188.756	1.383	120.0	896.0	75.0	0.65700000524521	0.55199998617172	0.008
station_02	no_dust	211	idle_after_cycle	1.474	188.756	1.383	120.0	896.0	75.0	0.64700001478195	0.42399999499321	0.006
station_02	no_dust	212	idle_after_cycle	1.737	188.756	1.383	120.0	896.0	75.0	0.55500000715256	0.56300002336502	0.007
station_02	no_dust	213	idle_after_cycle	1.484	188.756	1.383	120.0	896.0	75.0	0.78600001335144	0.50499999523163	0.007
station_02	no_dust	214	idle_after_cycle	7.024	188.756	1.383	120.0	896.0	75.0	1.00399994850159	0.53299999237061	0.012
station_02	no_dust	215	idle_after_cycle	1.986	188.756	1.383	120.0	896.0	75.0	0.76800000667572	0.44200000166893	0.008
station_02	no_dust	216	idle_after_cycle	1.84	188.756	1.383	120.0	896.0	75.0	0.79000002145767	0.43299999833107	0.007
station_02	no_dust	217	idle_after_cycle	1.662	188.756	1.383	120.0	896.0	75.0	0.53799998760223	0.58399999141693	0.005
station_02	no_dust	218	idle_after_cycle	1.699	188.756	1.383	120.0	896.0	75.0	0.68699997663498	0.53700000047684	0.006
station_02	no_dust	219	idle_after_cycle	1.579	188.756	1.383	120.0	896.0	75.0	0.46000000834465	0.63300001621246	0.004
station_02	no_dust_and_shadow	2	idle	1.505	188.756	1.383	100.0	724.0	70.0	0.87699997425079	0.6690000295639	0.005
station_02	no_dust_and_shadow	3	idle	1.309	188.756	1.383	100.0	724.0	70.0	0.59299999475479	0.73500001430511	0.011
station_02	no_dust_and_shadow	4	idle	1.016	188.756	1.383	100.0	724.0	70.0	1.12699997425079	2.1340000629425	0.003
station_02	no_dust_and_shadow	5	idle	1.805	188.756	1.383	100.0	724.0	70.0	0.55099999904633	0.86599999666214	0.006
station_02	no_dust_and_shadow	6	idle	1.606	188.756	1.383	100.0	724.0	70.0	0.78100001811981	0.58999997377396	0.005
station_02	no_dust_and_shadow	7	idle	1.996	188.756	1.383	100.0	724.0	70.0	0.5809999704361	1.16400003433228	0.008
station_02	no_dust_and_shadow	8	idle	2.458	188.756	1.383	100.0	724.0	70.0	0.72399997711182	0.58799999952316	0.008
station_02	no_dust_and_shadow	9	idle	1.741	188.756	1.383	100.0	724.0	70.0	0.43200001120567	1.51600003242493	0.007
station_02	no_dust_and_shadow	10	idle	1.262	188.756	1.383	100.0	724.0	70.0	0.28499999642372	0.62300002574921	0.004
station_02	no_dust_and_shadow	11	idle	2.245	188.756	1.383	100.0	724.0	70.0	0.625	0.73900002241135	0.012
station_02	no_dust_and_shadow	12	idle	1.623	188.756	1.383	100.0	724.0	70.0	0.68300002813339	3.75200009346008	0.006
station_02	no_dust_and_shadow	13	idle	7.158	188.756	1.383	100.0	724.0	70.0	0.59700000286102	0.84600001573563	0.009
station_02	no_dust_and_shadow	14	idle	2.176	188.756	1.383	100.0	724.0	70.0	0.65200001001358	0.60199999809265	0.007
station_02	no_dust_and_shadow	15	idle	2.46	188.756	1.383	100.0	724.0	70.0	0.63899999856949	1.10800004005432	0.005
station_02	no_dust_and_shadow	16	idle	1.794	188.756	1.383	100.0	724.0	70.0	0.56300002336502	0.61599999666214	0.007
station_02	no_dust_and_shadow	17	idle	1.428	188.756	1.383	100.0	724.0	70.0	0.81400001049042	0.67699998617172	0.005
station_02	no_dust_and_shadow	18	idle	1.655	188.756	1.383	100.0	724.0	70.0	0.73100000619888	1.71399998664856	0.006
station_02	no_dust_and_shadow	19	idle	1.623	188.756	1.383	100.0	724.0	70.0	0.88300001621246	0.6240000128746	0.021
station_02	no_dust_and_shadow	20	idle	1.709	188.756	1.383	100.0	724.0	70.0	0.58999997377396	0.61699998378754	0.005
station_02	no_dust_and_shadow	21	idle	1.787	188.756	1.383	100.0	724.0	70.0	0.45500001311302	1.39800000190735	0.004
station_02	no_dust_and_shadow	22	idle	2.449	188.756	1.383	100.0	724.0	70.0	0.83499997854233	0.61799997091293	0.006
station_02	no_dust_and_shadow	23	idle	2.289	188.756	1.383	100.0	724.0	70.0	0.42199999094009	0.77799999713898	0.007
station_02	no_dust_and_shadow	24	idle	1.68	188.756	1.383	100.0	724.0	70.0	0.68699997663498	0.53299999237061	0.006
station_02	no_dust_and_shadow	25	idle	1.56	188.756	1.383	100.0	724.0	70.0	0.55199998617172	0.42500001192093	0.004
station_02	no_dust_and_shadow	26	idle	1.865	188.756	1.383	100.0	724.0	70.0	0.57700002193451	0.43599998950958	0.004
station_02	no_dust_and_shadow	27	idle	1.402	188.756	1.383	100.0	724.0	70.0	0.5450000166893	0.46099999547005	0.004
station_02	no_dust_and_shadow	28	idle	2.008	188.756	1.383	100.0	724.0	70.0	0.78500002622604	0.58700001239777	0.007
station_02	no_dust_and_shadow	29	idle	1.547	188.756	1.383	100.0	724.0	70.0	0.77100002765656	0.58799999952316	0.006
station_02	no_dust_and_shadow	30	walk_right	1.863	188.756	1.383	100.0	724.0	70.0	0.62800002098083	0.56499999761581	0.005
station_02	no_dust_and_shadow	31	walk_right	3.258	188.756	1.383	100.0	724.0	70.0	0.58799999952316	0.54799997806549	0.009
station_02	no_dust_and_shadow	32	walk_right	1.265	188.756	1.383	100.0	724.0	70.0	0.73900002241135	0.51599997282028	0.006
station_02	no_dust_and_shadow	33	walk_right	12.824	188.756	1.383	100.0	724.0	70.0	0.51899999380112	0.51099997758865	0.009
station_02	no_dust_and_shadow	34	walk_right	3.359	188.756	1.383	100.0	724.0	70.0	0.86900001764297	0.68199998140335	0.025
station_02	no_dust_and_shadow	35	walk_right	2.034	14.713	1.379	100.0	724.0	70.0	0.50900000333786	0.43200001120567	0.007
station_02	no_dust_and_shadow	36	walk_right	3.318	14.713	1.379	100.0	724.0	70.0	0.71399998664856	1.17599999904633	0.007
station_02	no_dust_and_shadow	37	walk_right	1.567	14.713	1.379	100.0	724.0	70.0	0.77600002288818	0.67400002479553	0.005
station_02	no_dust_and_shadow	38	walk_right	1.461	14.713	1.379	100.0	724.0	70.0	0.41499999165535	0.65399998426437	0.009
station_02	no_dust_and_shadow	39	walk_right	1.606	14.713	1.379	100.0	724.0	70.0	0.7620000243187	1.53400003910065	0.005
station_02	no_dust_and_shadow	40	walk_right	1.46	14.713	1.379	100.0	724.0	70.0	1.23199999332428	0.64600002765656	0.005
station_02	no_dust_and_shadow	41	walk_right	1.519	14.713	1.379	100.0	724.0	70.0	0.65100002288818	0.57800000905991	0.006
station_02	no_dust_and_shadow	42	walk_right	3.282	14.713	1.379	100.0	724.0	70.0	0.78700000047684	0.63599997758865	0.008
station_02	no_dust_and_shadow	43	walk_right	1.822	14.713	1.379	100.0	724.0	70.0	0.48600000143051	0.56800001859665	0.006
station_02	no_dust_and_shadow	44	walk_right	1.656	14.713	1.379	100.0	724.0	70.0	0.45800000429153	0.61000001430511	0.006
station_02	no_dust_and_shadow	45	walk_right	1.728	14.713	1.379	100.0	724.0	70.0	0.60000002384186	0.7049999833107	0.007
station_02	no_dust_and_shadow	46	walk_right	1.27	14.713	1.379	100.0	724.0	70.0	0.52300000190735	0.53500002622604	0.006
station_02	no_dust_and_shadow	47	walk_right	1.475	14.713	1.379	100.0	724.0	70.0	0.55800002813339	0.56900000572205	0.005
station_02	no_dust_and_shadow	48	walk_right	6.868	14.713	1.379	100.0	724.0	70.0	1.29100000858307	0.50599998235703	0.01
station_02	no_dust_and_shadow	49	walk_right	2.368	14.713	1.379	100.0	724.0	70.0	0.69300001859665	0.50599998235703	0.02
station_02	no_dust_and_shadow	50	walk_right	1.572	14.713	1.379	100.0	724.0	70.0	0.64999997615814	0.80400002002716	0.005
station_02	no_dust_and_shadow	51	walk_right	1.756	14.713	1.379	100.0	724.0	70.0	0.73000001907349	8.00699996948242	0.005
station_02	no_dust_and_shadow	52	walk_right	1.537	14.713	1.379	100.0	724.0	70.0	0.45800000429153	0.52100002765656	0.006
station_02	no_dust_and_shadow	53	walk_right	1.514	14.713	1.379	100.0	724.0	70.0	0.5	0.51899999380112	0.005
station_02	no_dust_and_shadow	54	walk_right	2.365	14.713	1.379	100.0	724.0	70.0	1.03100001811981	1.86600005626678	0.005
station_02	no_dust_and_shadow	55	walk_right	1.436	14.713	1.379	100.0	724.0	70.0	0.7509999871254	0.54299998283386	0.005
station_02	no_dust_and_shadow	56	walk_right	1.469	14.713	1.379	100.0	724.0	70.0	0.59200000762939	0.51899999380112	0.007
station_02	no_dust_and_shadow	57	walk_right	2.183	14.713	1.379	100.0	724.0	70.0	0.55299997329712	0.48500001430511	0.014
station_02	no_dust_and_shadow	58	walk_right	1.868	14.713	1.379	100.0	724.0	70.0	0.59399998188019	0.53700000047684	0.008
station_02	no_dust_and_shadow	59	walk_right	1.079	14.713	1.379	100.0	724.0	70.0	0.60299998521805	0.51700001955032	0.004
station_02	no_dust_and_shadow	60	walk_right	1.022	14.713	1.379	100.0	724.0	70.0	0.68900001049042	0.42199999094009	0.005
station_02	no_dust_and_shadow	61	walk_right	1.162	14.713	1.379	100.0	724.0	70.0	0.47200000286102	0.55099999904633	0.005
station_02	no_dust_and_shadow	62	walk_right	2.089	14.713	1.379	100.0	724.0	70.0	0.47200000286102	0.591000020504	0.005
station_02	no_dust_and_shadow	63	walk_right	1.486	14.713	1.379	100.0	724.0	70.0	0.77600002288818	0.58899998664856	0.007
station_02	no_dust_and_shadow	64	walk_right	1.243	14.713	1.379	100.0	724.0	70.0	0.6710000038147	0.48199999332428	0.005
station_02	no_dust_and_shadow	65	walk_right	1.491	14.713	1.379	100.0	724.0	70.0	0.51399999856949	0.40900000929832	0.005
station_02	no_dust_and_shadow	66	walk_right	1.538	14.713	1.379	100.0	724.0	70.0	0.45899999141693	0.51899999380112	0.008
station_02	no_dust_and_shadow	67	walk_right	2.561	14.713	1.379	100.0	724.0	70.0	0.45899999141693	1.08899998664856	0.006
station_02	no_dust_and_shadow	68	walk_right	1.634	14.713	1.379	100.0	724.0	70.0	0.55000001192093	0.60199999809265	0.014
station_02	no_dust_and_shadow	69	walk_right	1.341	14.713	1.379	100.0	724.0	70.0	0.65499997138977	0.483000010252	0.008
station_02	no_dust_and_shadow	70	walk_right	13.219	14.713	1.379	100.0	724.0	70.0	0.44699999690056	0.55599999427795	0.01
station_02	no_dust_and_shadow	71	walk_right	3.727	14.713	1.379	100.0	724.0	70.0	0.49599999189377	0.60000002384186	0.009
station_02	no_dust_and_shadow	72	jump_launch	1.413	14.713	1.379	100.0	724.0	70.0	0.73299998044968	0.4839999973774	0.007
station_02	no_dust_and_shadow	73	jump_launch	1.781	14.713	1.379	100.0	724.0	70.0	0.94900000095367	15.58899974823	0.008
station_02	no_dust_and_shadow	74	jump_launch	1.412	14.713	1.379	100.0	724.0	70.0	0.74500000476837	0.68500000238419	0.005
station_02	no_dust_and_shadow	75	airborne_and_land	1.234	14.713	1.379	100.0	724.0	70.0	0.61400002241135	0.71399998664856	0.006
station_02	no_dust_and_shadow	76	airborne_and_land	1.33	14.713	1.379	100.0	724.0	70.0	0.97200000286102	0.56199997663498	0.005
station_02	no_dust_and_shadow	77	airborne_and_land	1.196	14.713	1.379	100.0	724.0	70.0	1.37300002574921	0.59200000762939	0.005
station_02	no_dust_and_shadow	78	airborne_and_land	1.878	14.713	1.379	100.0	724.0	70.0	0.64200001955032	0.50300002098083	0.005
station_02	no_dust_and_shadow	79	airborne_and_land	1.792	14.713	1.379	100.0	724.0	70.0	0.77399998903275	0.56099998950958	0.008
station_02	no_dust_and_shadow	80	airborne_and_land	3.574	14.713	1.379	100.0	724.0	70.0	0.70800000429153	0.44299998879433	0.013
station_02	no_dust_and_shadow	81	airborne_and_land	2.669	14.713	1.379	100.0	724.0	70.0	0.48500001430511	0.44499999284744	0.009
station_02	no_dust_and_shadow	82	airborne_and_land	2.145	14.713	1.379	100.0	724.0	70.0	0.46599999070168	0.48500001430511	0.008
station_02	no_dust_and_shadow	83	airborne_and_land	1.801	14.713	1.379	100.0	724.0	70.0	0.53899997472763	0.44299998879433	0.012
station_02	no_dust_and_shadow	84	airborne_and_land	1.508	14.713	1.379	100.0	724.0	70.0	0.66399997472763	0.57800000905991	0.007
station_02	no_dust_and_shadow	85	airborne_and_land	1.681	14.713	1.379	100.0	724.0	70.0	0.77499997615814	0.54799997806549	0.005
station_02	no_dust_and_shadow	86	airborne_and_land	1.258	14.713	1.379	100.0	724.0	70.0	1.06400001049042	0.55199998617172	0.014
station_02	no_dust_and_shadow	87	airborne_and_land	8.841	14.713	1.379	100.0	724.0	70.0	0.85199999809265	0.50199997425079	0.01
station_02	no_dust_and_shadow	88	airborne_and_land	1.951	14.713	1.379	100.0	724.0	70.0	0.72600001096725	0.57400000095367	0.006
station_02	no_dust_and_shadow	89	airborne_and_land	1.699	14.713	1.379	100.0	724.0	70.0	0.72299998998642	0.53100001811981	0.007
station_02	no_dust_and_shadow	90	airborne_and_land	1.117	14.713	1.379	100.0	724.0	70.0	0.53299999237061	1.62000000476837	0.004
station_02	no_dust_and_shadow	91	airborne_and_land	1.222	14.713	1.379	100.0	724.0	70.0	0.56499999761581	0.63800001144409	0.005
station_02	no_dust_and_shadow	92	airborne_and_land	1.536	14.713	1.379	100.0	724.0	70.0	0.41999998688698	0.81199997663498	0.006
station_02	no_dust_and_shadow	93	airborne_and_land	1.275	14.713	1.379	100.0	724.0	70.0	0.75900000333786	0.80500000715256	0.006
station_02	no_dust_and_shadow	94	airborne_and_land	1.415	14.713	1.379	100.0	724.0	70.0	0.50400000810623	0.64300000667572	0.005
station_02	no_dust_and_shadow	95	airborne_and_land	1.201	14.713	1.379	100.0	724.0	70.0	0.61100000143051	0.46599999070168	0.003
station_02	no_dust_and_shadow	96	airborne_and_land	2.994	14.713	1.379	100.0	724.0	70.0	0.36700001358986	0.4370000064373	0.024
station_02	no_dust_and_shadow	97	airborne_and_land	1.295	14.713	1.379	100.0	724.0	70.0	0.4839999973774	0.77999997138977	0.007
station_02	no_dust_and_shadow	98	airborne_and_land	1.433	14.713	1.379	100.0	724.0	70.0	0.58600002527237	0.48199999332428	0.006
station_02	no_dust_and_shadow	99	airborne_and_land	1.122	14.713	1.379	100.0	724.0	70.0	0.41499999165535	0.53299999237061	0.004
station_02	no_dust_and_shadow	100	airborne_and_land	1.515	14.713	1.379	100.0	724.0	70.0	0.53799998760223	0.4370000064373	0.005
station_02	no_dust_and_shadow	101	airborne_and_land	1.161	14.713	1.379	100.0	724.0	70.0	0.40700000524521	0.86100000143051	0.004
station_02	no_dust_and_shadow	102	airborne_and_land	1.494	14.713	1.379	100.0	724.0	70.0	1.11199998855591	0.48199999332428	0.005
station_02	no_dust_and_shadow	103	airborne_and_land	1.256	14.713	1.379	100.0	724.0	70.0	0.44699999690056	0.47299998998642	0.005
station_02	no_dust_and_shadow	104	airborne_and_land	1.401	14.713	1.379	100.0	724.0	70.0	0.58899998664856	1.23599994182587	0.005
station_02	no_dust_and_shadow	105	airborne_and_land	2.503	14.713	1.379	100.0	724.0	70.0	0.42399999499321	0.43000000715256	0.006
station_02	no_dust_and_shadow	106	airborne_and_land	2.053	14.713	1.379	100.0	724.0	70.0	0.54100000858307	0.42599999904633	0.008
station_02	no_dust_and_shadow	107	airborne_and_land	6.139	14.713	1.379	100.0	724.0	70.0	0.36300000548363	0.44100001454353	0.006
station_02	no_dust_and_shadow	108	airborne_and_land	1.605	14.713	1.379	100.0	724.0	70.0	0.67500001192093	0.61599999666214	0.005
station_02	no_dust_and_shadow	109	airborne_and_land	1.626	14.713	1.379	100.0	724.0	70.0	0.39500001072884	0.46399998664856	0.006
station_02	no_dust_and_shadow	110	airborne_and_land	1.241	14.713	1.379	100.0	724.0	70.0	0.69599997997284	1.04999995231628	0.003
station_02	no_dust_and_shadow	111	airborne_and_land	1.456	14.713	1.379	100.0	724.0	70.0	0.71399998664856	0.61100000143051	0.005
station_02	no_dust_and_shadow	112	airborne_and_land	0.839	14.713	1.379	100.0	724.0	70.0	0.7039999961853	0.61000001430511	0.003
station_02	no_dust_and_shadow	113	airborne_and_land	2.87	14.713	1.379	100.0	724.0	70.0	0.6129999756813	0.61900001764297	0.005
station_02	no_dust_and_shadow	114	airborne_and_land	2.533	14.713	1.379	100.0	724.0	70.0	0.67699998617172	0.61199998855591	0.021
station_02	no_dust_and_shadow	115	airborne_and_land	1.212	14.713	1.379	100.0	724.0	70.0	0.42500001192093	0.93099999427795	0.006
station_02	no_dust_and_shadow	116	airborne_and_land	1.465	14.713	1.379	100.0	724.0	70.0	0.53299999237061	0.56699997186661	0.006
station_02	no_dust_and_shadow	117	airborne_and_land	1.146	14.713	1.379	100.0	724.0	70.0	0.50800001621246	1.31900000572205	0.004
station_02	no_dust_and_shadow	118	airborne_and_land	0.955	14.713	1.379	100.0	724.0	70.0	0.25499999523163	0.658999979496	0.003
station_02	no_dust_and_shadow	119	airborne_and_land	1.558	14.713	1.379	100.0	724.0	70.0	0.85799998044968	0.65299999713898	0.005
station_02	no_dust_and_shadow	120	airborne_and_land	1.074	14.713	1.379	100.0	724.0	70.0	1.16100001335144	0.5799999833107	0.003
station_02	no_dust_and_shadow	121	airborne_and_land	1.307	14.713	1.379	100.0	724.0	70.0	0.38400000333786	0.80199998617172	0.006
station_02	no_dust_and_shadow	122	airborne_and_land	2.52	14.713	1.379	100.0	724.0	70.0	0.67599999904633	0.61199998855591	0.005
station_02	no_dust_and_shadow	123	airborne_and_land	1.297	14.713	1.379	100.0	724.0	70.0	0.44100001454353	1.00600004196167	0.005
station_02	no_dust_and_shadow	124	airborne_and_land	1.222	14.713	1.379	100.0	724.0	70.0	0.39599999785423	0.42800000309944	0.004
station_02	no_dust_and_shadow	125	airborne_and_land	1.8	14.713	1.379	100.0	724.0	70.0	0.59299999475479	0.44400000572205	0.007
station_02	no_dust_and_shadow	126	airborne_and_land	1.213	14.713	1.379	100.0	724.0	70.0	0.34000000357628	0.6240000128746	0.005
station_02	no_dust_and_shadow	127	airborne_and_land	1.266	14.713	1.379	100.0	724.0	70.0	0.54699999094009	0.58799999952316	0.005
station_02	no_dust_and_shadow	128	airborne_and_land	1.631	14.713	1.379	100.0	724.0	70.0	0.70099997520447	0.69300001859665	0.006
station_02	no_dust_and_shadow	129	airborne_and_land	1.144	14.713	1.379	100.0	724.0	70.0	0.54299998283386	1.23300004005432	0.005
station_02	no_dust_and_shadow	130	airborne_and_land	1.358	14.713	1.379	100.0	724.0	70.0	0.47799998521805	0.59799998998642	0.005
station_02	no_dust_and_shadow	131	airborne_and_land	8.318	14.713	1.379	118.0	868.0	73.0	0.65700000524521	0.46399998664856	0.009
station_02	no_dust_and_shadow	132	airborne_and_land	2.077	14.713	1.379	118.0	868.0	73.0	0.4210000038147	0.64300000667572	0.006
station_02	no_dust_and_shadow	133	airborne_and_land	1.68	14.713	1.379	118.0	868.0	73.0	0.51800000667572	0.44800001382828	0.007
station_02	no_dust_and_shadow	134	airborne_and_land	1.742	14.713	1.379	118.0	868.0	73.0	0.64600002765656	8.94699954986572	0.013
station_02	no_dust_and_shadow	135	airborne_and_land	1.591	14.713	1.379	118.0	868.0	73.0	0.32600000500679	0.58899998664856	0.004
station_02	no_dust_and_shadow	136	airborne_and_land	1.631	14.713	1.379	118.0	868.0	73.0	0.46599999070168	0.56099998950958	0.006
station_02	no_dust_and_shadow	137	airborne_and_land	1.497	14.713	1.379	118.0	868.0	73.0	1.29200005531311	0.5789999961853	0.004
station_02	no_dust_and_shadow	138	airborne_and_land	1.364	14.713	1.379	118.0	868.0	73.0	0.6259999871254	0.53600001335144	0.004
station_02	no_dust_and_shadow	139	airborne_and_land	1.413	14.713	1.379	118.0	868.0	73.0	0.44200000166893	0.52200001478195	0.005
station_02	no_dust_and_shadow	140	airborne_and_land	1.923	14.713	1.379	118.0	868.0	73.0	0.56800001859665	1.45799994468689	0.005
station_02	no_dust_and_shadow	141	airborne_and_land	1.502	14.713	1.379	118.0	868.0	73.0	0.61000001430511	0.56900000572205	0.004
station_02	no_dust_and_shadow	142	airborne_and_land	1.674	14.713	1.379	118.0	868.0	73.0	0.49000000953674	0.9879999756813	0.009
station_02	no_dust_and_shadow	143	airborne_and_land	1.751	14.713	1.379	118.0	868.0	73.0	0.69099998474121	0.43299999833107	0.005
station_02	no_dust_and_shadow	144	recovery	1.228	14.713	1.379	118.0	868.0	73.0	0.37099999189377	0.5460000038147	0.005
station_02	no_dust_and_shadow	145	recovery	1.215	14.713	1.379	118.0	868.0	73.0	0.44299998879433	0.92500001192093	0.004
station_02	no_dust_and_shadow	146	recovery	1.578	14.713	1.379	118.0	868.0	73.0	0.45100000500679	0.87000000476837	0.005
station_02	no_dust_and_shadow	147	recovery	1.208	14.713	1.379	118.0	868.0	73.0	0.49799999594688	0.70099997520447	0.006
station_02	no_dust_and_shadow	148	recovery	1.258	14.713	1.379	118.0	868.0	73.0	0.71799999475479	0.63999998569489	0.005
station_02	no_dust_and_shadow	149	recovery	1.902	14.713	1.379	118.0	868.0	73.0	0.60699999332428	0.60000002384186	0.042
station_02	no_dust_and_shadow	150	recovery	1.567	14.713	1.379	118.0	868.0	73.0	0.38199999928474	1.01199996471405	0.003
station_02	no_dust_and_shadow	151	recovery	1.74	14.713	1.379	118.0	868.0	73.0	0.42699998617172	0.68099999427795	0.005
station_02	no_dust_and_shadow	152	recovery	1.955	14.713	1.379	118.0	868.0	73.0	0.68500000238419	0.56800001859665	0.006
station_02	no_dust_and_shadow	153	recovery	7.645	14.713	1.379	118.0	868.0	73.0	0.38600000739098	0.51599997282028	0.01
station_02	no_dust_and_shadow	154	recovery	1.563	14.713	1.379	118.0	868.0	73.0	0.47799998521805	0.96499997377396	0.005
station_02	no_dust_and_shadow	155	recovery	1.533	14.713	1.379	118.0	868.0	73.0	0.69499999284744	1.10099995136261	0.011
station_02	no_dust_and_shadow	156	recovery	1.49	14.713	1.379	118.0	868.0	73.0	0.75599998235703	0.46399998664856	0.006
station_02	no_dust_and_shadow	157	recovery	1.625	14.713	1.379	118.0	868.0	73.0	0.5809999704361	0.45600000023842	0.006
station_02	no_dust_and_shadow	158	recovery	2.213	14.713	1.379	118.0	868.0	73.0	0.7039999961853	0.54699999094009	0.007
station_02	no_dust_and_shadow	159	recovery	1.876	14.713	1.379	118.0	868.0	73.0	1.067999958992	0.5460000038147	0.006
station_02	no_dust_and_shadow	160	recovery	2.087	14.713	1.379	118.0	868.0	73.0	0.4210000038147	0.90299999713898	0.005
station_02	no_dust_and_shadow	161	recovery	1.333	14.713	1.379	118.0	868.0	73.0	0.74699997901917	0.42199999094009	0.005
station_02	no_dust_and_shadow	162	recovery	1.572	14.713	1.379	118.0	868.0	73.0	0.42500001192093	0.53100001811981	0.007
station_02	no_dust_and_shadow	163	recovery	1.242	14.713	1.379	118.0	868.0	73.0	0.54900002479553	0.53600001335144	0.003
station_02	no_dust_and_shadow	164	recovery	1.386	14.713	1.379	118.0	868.0	73.0	0.55500000715256	2.06599998474121	0.006
station_02	no_dust_and_shadow	165	recovery	1.374	14.713	1.379	118.0	868.0	73.0	0.78700000047684	0.59899997711182	0.006
station_02	no_dust_and_shadow	166	recovery	1.328	14.713	1.379	118.0	868.0	73.0	0.85000002384186	0.6700000166893	0.005
station_02	no_dust_and_shadow	167	recovery	2.306	14.713	1.379	118.0	868.0	73.0	0.35299998521805	0.71100002527237	0.007
station_02	no_dust_and_shadow	168	recovery	1.594	14.713	1.379	118.0	868.0	73.0	0.64300000667572	0.58700001239777	0.005
station_02	no_dust_and_shadow	169	recovery	1.737	14.713	1.379	118.0	868.0	73.0	0.36199998855591	0.92900002002716	0.005
station_02	no_dust_and_shadow	170	recovery	1.979	14.713	1.379	118.0	868.0	73.0	0.59500002861023	0.60000002384186	0.006
station_02	no_dust_and_shadow	171	recovery	1.88	14.713	1.379	118.0	868.0	73.0	0.48500001430511	0.7620000243187	0.006
station_02	no_dust_and_shadow	172	walk_left	1.836	14.713	1.379	118.0	868.0	73.0	0.59799998998642	0.41699999570847	0.007
station_02	no_dust_and_shadow	173	walk_left	1.758	14.713	1.379	118.0	868.0	73.0	0.78799998760223	0.56400001049042	0.006
station_02	no_dust_and_shadow	174	walk_left	5.098	14.713	1.379	118.0	868.0	73.0	0.64999997615814	0.43299999833107	0.006
station_02	no_dust_and_shadow	175	walk_left	1.786	14.713	1.379	118.0	868.0	73.0	0.64200001955032	0.5440000295639	0.006
station_02	no_dust_and_shadow	176	walk_left	3.574	14.713	1.379	118.0	868.0	73.0	0.78200000524521	0.43200001120567	0.007
station_02	no_dust_and_shadow	177	walk_left	2.205	14.713	1.379	118.0	868.0	73.0	0.75700002908707	0.53500002622604	0.007
station_02	no_dust_and_shadow	178	walk_left	1.964	14.713	1.379	118.0	868.0	73.0	0.66000002622604	0.7509999871254	0.008
station_02	no_dust_and_shadow	179	walk_left	1.64	14.713	1.379	118.0	868.0	73.0	0.51999998092651	0.46700000762939	0.005
station_02	no_dust_and_shadow	180	walk_left	1.537	14.713	1.379	118.0	868.0	73.0	0.7620000243187	0.47600001096725	0.005
station_02	no_dust_and_shadow	181	walk_left	1.714	14.713	1.379	118.0	868.0	73.0	0.70300000905991	0.44800001382828	0.005
station_02	no_dust_and_shadow	182	walk_left	1.687	14.713	1.379	118.0	868.0	73.0	0.93400001525879	1.70000004768372	0.004
station_02	no_dust_and_shadow	183	walk_left	1.818	14.713	1.379	118.0	868.0	73.0	0.533999979496	0.483000010252	0.005
station_02	no_dust_and_shadow	184	walk_left	3.532	14.713	1.379	118.0	868.0	73.0	0.6700000166893	0.42599999904633	0.008
station_02	no_dust_and_shadow	185	walk_left	2.445	14.713	1.379	118.0	868.0	73.0	0.52300000190735	0.4210000038147	0.01
station_02	no_dust_and_shadow	186	walk_left	1.766	14.713	1.379	118.0	868.0	73.0	0.49399998784065	0.42300000786781	0.007
station_02	no_dust_and_shadow	187	walk_left	1.55	14.713	1.379	118.0	868.0	73.0	0.68300002813339	0.42500001192093	0.005
station_02	no_dust_and_shadow	188	walk_left	1.78	14.713	1.379	118.0	868.0	73.0	0.52700001001358	0.41899999976158	0.004
station_02	no_dust_and_shadow	189	walk_left	1.699	14.713	1.379	118.0	868.0	73.0	0.55800002813339	0.46799999475479	0.006
station_02	no_dust_and_shadow	190	walk_left	2.143	14.713	1.379	118.0	868.0	73.0	0.95899999141693	0.64999997615814	0.009
station_02	no_dust_and_shadow	191	walk_left	1.844	14.713	1.379	118.0	868.0	73.0	0.92599999904633	0.44499999284744	0.008
station_02	no_dust_and_shadow	192	walk_left	2.652	14.713	1.379	118.0	868.0	73.0	0.60500001907349	0.43500000238419	0.006
station_02	no_dust_and_shadow	193	walk_left	6.201	14.713	1.379	118.0	868.0	73.0	0.51599997282028	0.41800001263618	0.011
station_02	no_dust_and_shadow	194	walk_left	1.97	14.713	1.379	118.0	868.0	73.0	0.59899997711182	0.60000002384186	0.005
station_02	no_dust_and_shadow	195	walk_left	1.65	14.713	1.379	118.0	868.0	73.0	0.55099999904633	0.4379999935627	0.004
station_02	no_dust_and_shadow	196	walk_left	1.831	14.713	1.379	118.0	868.0	73.0	0.70700001716614	8.85700035095215	0.01
station_02	no_dust_and_shadow	197	walk_left	1.59	14.713	1.379	118.0	868.0	73.0	0.54699999094009	0.43599998950958	0.004
station_02	no_dust_and_shadow	198	walk_left	2.351	14.713	1.379	118.0	868.0	73.0	0.59799998998642	0.47299998998642	0.009
station_02	no_dust_and_shadow	199	walk_left	2.535	14.713	1.379	118.0	868.0	73.0	1.14100003242493	0.44200000166893	0.007
station_02	no_dust_and_shadow	200	walk_left	2.674	14.713	1.379	118.0	868.0	73.0	0.73000001907349	0.42199999094009	0.007
station_02	no_dust_and_shadow	201	walk_left	1.773	14.713	1.379	118.0	868.0	73.0	0.55599999427795	0.44299998879433	0.007
station_02	no_dust_and_shadow	202	walk_left	1.568	14.713	1.379	118.0	868.0	73.0	0.62800002098083	0.44100001454353	0.006
station_02	no_dust_and_shadow	203	walk_left	1.703	14.713	1.379	118.0	868.0	73.0	0.48100000619888	0.42199999094009	0.006
station_02	no_dust_and_shadow	204	walk_left	1.528	14.713	1.379	118.0	868.0	73.0	0.82499998807907	0.57700002193451	0.004
station_02	no_dust_and_shadow	205	walk_left	1.831	14.713	1.379	118.0	868.0	73.0	1.13699996471405	0.49599999189377	0.004
station_02	no_dust_and_shadow	206	walk_left	1.773	14.713	1.379	118.0	868.0	73.0	0.75300002098083	0.4370000064373	0.004
station_02	no_dust_and_shadow	207	walk_left	1.915	14.713	1.379	118.0	868.0	73.0	0.55599999427795	0.44400000572205	0.005
station_02	no_dust_and_shadow	208	walk_left	2.594	14.713	1.379	118.0	868.0	73.0	0.61599999666214	0.4210000038147	0.01
station_02	no_dust_and_shadow	209	idle_after_cycle	1.759	14.713	1.379	118.0	868.0	73.0	0.58300000429153	0.44100001454353	0.008
station_02	no_dust_and_shadow	210	idle_after_cycle	1.332	14.713	1.379	118.0	868.0	73.0	0.59399998188019	0.44999998807907	0.005
station_02	no_dust_and_shadow	211	idle_after_cycle	5.418	14.713	1.379	118.0	868.0	73.0	0.78500002622604	0.44600000977516	0.006
station_02	no_dust_and_shadow	212	idle_after_cycle	1.674	14.713	1.379	118.0	868.0	73.0	0.78600001335144	0.57599997520447	0.005
station_02	no_dust_and_shadow	213	idle_after_cycle	1.913	14.713	1.379	118.0	868.0	73.0	0.76800000667572	0.59600001573563	0.007
station_02	no_dust_and_shadow	214	idle_after_cycle	1.391	14.713	1.379	118.0	868.0	73.0	0.96200001239777	7.87599992752075	0.006
station_02	no_dust_and_shadow	215	idle_after_cycle	1.424	14.713	1.379	118.0	868.0	73.0	0.52499997615814	0.47799998521805	0.007
station_02	no_dust_and_shadow	216	idle_after_cycle	2.824	14.713	1.379	118.0	868.0	73.0	0.46700000762939	0.46700000762939	0.013
station_02	no_dust_and_shadow	217	idle_after_cycle	1.646	14.713	1.379	118.0	868.0	73.0	0.62199997901917	0.43200001120567	0.005
station_02	no_dust_and_shadow	218	idle_after_cycle	1.409	14.713	1.379	118.0	868.0	73.0	0.60199999809265	0.44200000166893	0.004
station_02	no_dust_and_shadow	219	idle_after_cycle	1.51	14.713	1.379	118.0	868.0	73.0	0.79900002479553	0.43599998950958	0.004
station_02	no_player_and_shadow	2	idle	0.901	14.713	1.379	80.0	596.0	53.0	0.50499999523163	0.45600000023842	0.004
station_02	no_player_and_shadow	3	idle	1.183	14.713	1.379	80.0	596.0	53.0	0.40500000119209	1.21200001239777	0.005
station_02	no_player_and_shadow	4	idle	1.245	14.713	1.379	80.0	596.0	53.0	0.27500000596046	0.60199999809265	0.005
station_02	no_player_and_shadow	5	idle	1.146	14.713	1.379	80.0	596.0	53.0	0.4539999961853	0.658999979496	0.005
station_02	no_player_and_shadow	6	idle	0.781	14.713	1.379	80.0	596.0	53.0	1.00100004673004	0.58399999141693	0.003
station_02	no_player_and_shadow	7	idle	1.334	14.713	1.379	80.0	596.0	53.0	0.69800001382828	0.41299998760223	0.005
station_02	no_player_and_shadow	8	idle	1.162	14.713	1.379	80.0	596.0	53.0	0.30300000309944	0.59799998998642	0.005
station_02	no_player_and_shadow	9	idle	1.457	14.713	1.379	80.0	596.0	53.0	0.58899998664856	0.43399998545647	0.003
station_02	no_player_and_shadow	10	idle	1.184	14.713	1.379	80.0	596.0	53.0	0.46000000834465	0.43399998545647	0.003
station_02	no_player_and_shadow	11	idle	1.678	14.713	1.379	80.0	596.0	53.0	0.48600000143051	0.73199999332428	0.015
station_02	no_player_and_shadow	12	idle	0.998	14.713	1.379	80.0	596.0	53.0	0.266999989748	0.54000002145767	0.005
station_02	no_player_and_shadow	13	idle	1.083	14.713	1.379	80.0	596.0	53.0	0.60399997234344	0.4990000128746	0.005
station_02	no_player_and_shadow	14	idle	0.935	14.713	1.379	80.0	596.0	53.0	0.41499999165535	1.12399995326996	0.003
station_02	no_player_and_shadow	15	idle	1.111	14.713	1.379	80.0	596.0	53.0	0.68099999427795	0.67599999904633	0.004
station_02	no_player_and_shadow	16	idle	1.233	14.713	1.379	80.0	596.0	53.0	0.59799998998642	0.61199998855591	0.006
station_02	no_player_and_shadow	17	idle	1.233	14.713	1.379	80.0	596.0	53.0	0.77899998426437	0.68699997663498	0.005
station_02	no_player_and_shadow	18	idle	1.172	14.713	1.379	80.0	596.0	53.0	0.4210000038147	0.57599997520447	0.005
station_02	no_player_and_shadow	19	idle	1.279	14.713	1.379	80.0	596.0	53.0	0.54000002145767	0.64600002765656	0.006
station_02	no_player_and_shadow	20	idle	0.852	14.713	1.379	80.0	596.0	53.0	0.42500001192093	0.71399998664856	0.004
station_02	no_player_and_shadow	21	idle	1.562	14.713	1.379	80.0	596.0	53.0	0.53500002622604	0.67599999904633	0.005
station_02	no_player_and_shadow	22	idle	1.115	14.713	1.379	80.0	596.0	53.0	0.59600001573563	0.55099999904633	0.005
station_02	no_player_and_shadow	23	idle	1.162	14.713	1.379	80.0	596.0	53.0	0.54000002145767	0.58300000429153	0.002
station_02	no_player_and_shadow	24	idle	1.427	14.713	1.379	80.0	596.0	53.0	0.54199999570847	0.4040000140667	0.008
station_02	no_player_and_shadow	25	idle	0.935	14.713	1.379	80.0	596.0	53.0	0.35199999809265	0.78299999237061	0.005
station_02	no_player_and_shadow	26	idle	2.005	14.713	1.379	80.0	596.0	53.0	0.30899998545647	0.59299999475479	0.011
station_02	no_player_and_shadow	27	idle	1.277	14.713	1.379	80.0	596.0	53.0	0.76599997282028	0.43099999427795	0.005
station_02	no_player_and_shadow	28	idle	1.175	14.713	1.379	80.0	596.0	53.0	0.48100000619888	0.9549999833107	0.006
station_02	no_player_and_shadow	29	idle	15.085	14.713	1.379	80.0	596.0	53.0	0.4839999973774	0.69300001859665	0.012
station_02	no_player_and_shadow	30	walk_right	1.958	14.713	1.379	80.0	596.0	53.0	0.658999979496	1.10199999809265	0.008
station_02	no_player_and_shadow	31	walk_right	1.032	14.713	1.379	80.0	596.0	53.0	0.37700000405312	0.63300001621246	0.006
station_02	no_player_and_shadow	32	walk_right	0.915	14.713	1.379	80.0	596.0	53.0	0.82200002670288	14.9270000457764	0.005
station_02	no_player_and_shadow	33	walk_right	1.404	14.713	1.379	80.0	596.0	53.0	0.46000000834465	1.22000002861023	0.006
station_02	no_player_and_shadow	34	walk_right	1.229	14.713	1.379	80.0	596.0	53.0	0.49700000882149	0.55900001525879	0.005
station_02	no_player_and_shadow	35	walk_right	1.235	14.713	1.379	80.0	596.0	53.0	1.08700001239777	0.5450000166893	0.004
station_02	no_player_and_shadow	36	walk_right	1.045	14.713	1.379	80.0	596.0	53.0	0.76800000667572	0.51899999380112	0.005
station_02	no_player_and_shadow	37	walk_right	0.707	14.713	1.379	80.0	596.0	53.0	0.35100001096725	0.92400002479553	0.004
station_02	no_player_and_shadow	38	walk_right	2.202	14.713	1.379	80.0	596.0	53.0	0.34499999880791	0.43900001049042	0.008
station_02	no_player_and_shadow	39	walk_right	1.037	14.713	1.379	80.0	596.0	53.0	0.56199997663498	0.43399998545647	0.005
station_02	no_player_and_shadow	40	walk_right	1.371	14.713	1.379	80.0	596.0	53.0	0.36399999260902	0.59500002861023	0.012
station_02	no_player_and_shadow	41	walk_right	1.15	14.713	1.379	80.0	596.0	53.0	0.53200000524521	0.52600002288818	0.004
station_02	no_player_and_shadow	42	walk_right	1.06	14.713	1.379	80.0	596.0	53.0	0.4379999935627	0.94300001859665	0.005
station_02	no_player_and_shadow	43	walk_right	0.685	14.713	1.379	80.0	596.0	53.0	0.25299999117851	0.63300001621246	0.003
station_02	no_player_and_shadow	44	walk_right	0.975	14.713	1.379	80.0	596.0	53.0	0.74800002574921	2.50500011444092	0.006
station_02	no_player_and_shadow	45	walk_right	1.187	14.713	1.379	80.0	596.0	53.0	0.38400000333786	0.62000000476837	0.004
station_02	no_player_and_shadow	46	walk_right	1.427	14.713	1.379	80.0	596.0	53.0	0.61199998855591	0.56699997186661	0.007
station_02	no_player_and_shadow	47	walk_right	1.07	14.713	1.379	80.0	596.0	53.0	0.54299998283386	0.8629999756813	0.006
station_02	no_player_and_shadow	48	walk_right	1.817	14.713	1.379	80.0	596.0	53.0	0.46700000762939	0.64099997282028	0.006
station_02	no_player_and_shadow	49	walk_right	1.084	14.713	1.379	80.0	596.0	53.0	0.30500000715256	0.55599999427795	0.005
station_02	no_player_and_shadow	50	walk_right	1.081	14.713	1.379	80.0	596.0	53.0	0.40700000524521	0.57599997520447	0.005
station_02	no_player_and_shadow	51	walk_right	6.749	14.713	1.379	80.0	596.0	53.0	0.43200001120567	0.54900002479553	0.01
station_02	no_player_and_shadow	52	walk_right	1.527	14.713	1.379	80.0	596.0	53.0	0.66699999570847	0.67799997329712	0.006
station_02	no_player_and_shadow	53	walk_right	1.225	14.713	1.379	80.0	596.0	53.0	0.49200001358986	0.63499999046326	0.005
station_02	no_player_and_shadow	54	walk_right	1.186	14.713	1.379	80.0	596.0	53.0	0.70300000905991	7.78000020980835	0.004
station_02	no_player_and_shadow	55	walk_right	1.112	14.713	1.379	80.0	596.0	53.0	0.45600000023842	0.46099999547005	0.005
station_02	no_player_and_shadow	56	walk_right	1.19	14.713	1.379	80.0	596.0	53.0	0.50199997425079	0.45300000905991	0.005
station_02	no_player_and_shadow	57	walk_right	1.469	14.713	1.379	80.0	596.0	53.0	0.85299998521805	0.47499999403954	0.01
station_02	no_player_and_shadow	58	walk_right	2.097	14.713	1.379	80.0	596.0	53.0	0.47200000286102	0.48100000619888	0.006
station_02	no_player_and_shadow	59	walk_right	1.275	14.713	1.379	80.0	596.0	53.0	0.45899999141693	0.43299999833107	0.008
station_02	no_player_and_shadow	60	walk_right	1.518	14.713	1.379	80.0	596.0	53.0	0.47699999809265	0.41800001263618	0.007
station_02	no_player_and_shadow	61	walk_right	1.678	14.713	1.379	80.0	596.0	53.0	0.43900001049042	0.41400000452995	0.007
station_02	no_player_and_shadow	62	walk_right	1.463	14.713	1.379	80.0	596.0	53.0	0.38800001144409	0.45100000500679	0.006
station_02	no_player_and_shadow	63	walk_right	1.037	14.713	1.379	80.0	596.0	53.0	0.54000002145767	0.45699998736382	0.004
station_02	no_player_and_shadow	64	walk_right	1.124	14.713	1.379	80.0	596.0	53.0	0.75900000333786	0.56099998950958	0.004
station_02	no_player_and_shadow	65	walk_right	1.201	14.713	1.379	80.0	596.0	53.0	0.63400000333786	0.51700001955032	0.006
station_02	no_player_and_shadow	66	walk_right	1.108	14.713	1.379	80.0	596.0	53.0	0.76099997758865	0.57700002193451	0.005
station_02	no_player_and_shadow	67	walk_right	1.025	14.713	1.379	80.0	596.0	53.0	0.53500002622604	0.54699999094009	0.004
station_02	no_player_and_shadow	68	walk_right	1.939	14.713	1.379	80.0	596.0	53.0	0.533999979496	0.56300002336502	0.008
station_02	no_player_and_shadow	69	walk_right	1.135	14.713	1.379	80.0	596.0	53.0	0.46299999952316	0.53200000524521	0.006
station_02	no_player_and_shadow	70	walk_right	1.055	14.713	1.379	80.0	596.0	53.0	0.52100002765656	0.52700001001358	0.005
station_02	no_player_and_shadow	71	walk_right	1.309	14.713	1.379	80.0	596.0	53.0	0.47499999403954	0.52899998426437	0.005
station_02	no_player_and_shadow	72	jump_launch	1.203	14.713	1.379	80.0	596.0	53.0	0.42899999022484	0.41999998688698	0.005
station_02	no_player_and_shadow	73	jump_launch	2.944	14.713	1.379	80.0	596.0	53.0	0.43500000238419	0.54299998283386	0.008
station_02	no_player_and_shadow	74	jump_launch	2.117	14.713	1.379	80.0	596.0	53.0	0.51499998569489	0.44100001454353	0.01
station_02	no_player_and_shadow	75	airborne_and_land	1.034	14.713	1.379	80.0	596.0	53.0	0.45699998736382	0.45899999141693	0.005
station_02	no_player_and_shadow	76	airborne_and_land	6.298	14.713	1.379	80.0	596.0	53.0	0.41100001335144	0.41200000047684	0.007
station_02	no_player_and_shadow	77	airborne_and_land	1.464	14.713	1.379	80.0	596.0	53.0	0.59700000286102	0.44699999690056	0.006
station_02	no_player_and_shadow	78	airborne_and_land	1.978	14.713	1.379	80.0	596.0	53.0	0.45800000429153	0.54100000858307	0.006
station_02	no_player_and_shadow	79	airborne_and_land	1.416	14.713	1.379	80.0	596.0	53.0	1.067999958992	0.61900001764297	0.007
station_02	no_player_and_shadow	80	airborne_and_land	1.504	14.713	1.379	80.0	596.0	53.0	0.65600001811981	0.45800000429153	0.007
station_02	no_player_and_shadow	81	airborne_and_land	1.402	14.713	1.379	80.0	596.0	53.0	0.36700001358986	0.44900000095367	0.006
station_02	no_player_and_shadow	82	airborne_and_land	1.824	14.713	1.379	80.0	596.0	53.0	0.75800001621246	0.46599999070168	0.008
station_02	no_player_and_shadow	83	airborne_and_land	1.351	14.713	1.379	80.0	596.0	53.0	0.55599999427795	0.41400000452995	0.007
station_02	no_player_and_shadow	84	airborne_and_land	1.399	14.713	1.379	80.0	596.0	53.0	0.53600001335144	0.591000020504	0.006
station_02	no_player_and_shadow	85	airborne_and_land	1.013	14.713	1.379	80.0	596.0	53.0	0.55599999427795	0.57300001382828	0.005
station_02	no_player_and_shadow	86	airborne_and_land	1.209	14.713	1.379	80.0	596.0	53.0	0.52300000190735	0.62800002098083	0.006
station_02	no_player_and_shadow	87	airborne_and_land	1.117	14.713	1.379	80.0	596.0	53.0	0.56000000238419	0.53100001811981	0.005
station_02	no_player_and_shadow	88	airborne_and_land	1.67	14.713	1.379	80.0	596.0	53.0	0.94199997186661	0.52600002288818	0.005
station_02	no_player_and_shadow	89	airborne_and_land	1.16	14.713	1.379	80.0	596.0	53.0	0.52799999713898	0.46599999070168	0.005
station_02	no_player_and_shadow	90	airborne_and_land	1.185	14.713	1.379	80.0	596.0	53.0	0.6129999756813	0.5009999871254	0.005
station_02	no_player_and_shadow	91	airborne_and_land	1.305	14.713	1.379	80.0	596.0	53.0	0.42800000309944	0.57700002193451	0.005
station_02	no_player_and_shadow	92	airborne_and_land	1.32	14.713	1.379	80.0	596.0	53.0	0.47600001096725	0.43399998545647	0.005
station_02	no_player_and_shadow	93	airborne_and_land	1.228	14.713	1.379	80.0	596.0	53.0	0.533999979496	0.41100001335144	0.007
station_02	no_player_and_shadow	94	airborne_and_land	1.228	14.713	1.379	80.0	596.0	53.0	0.56900000572205	0.51099997758865	0.006
station_02	no_player_and_shadow	95	airborne_and_land	1.021	14.713	1.379	80.0	596.0	53.0	0.47600001096725	0.47400000691414	0.005
station_02	no_player_and_shadow	96	airborne_and_land	1.089	14.713	1.379	80.0	596.0	53.0	0.45600000023842	0.55800002813339	0.005
station_02	no_player_and_shadow	97	airborne_and_land	1.175	14.713	1.379	80.0	596.0	53.0	0.49700000882149	0.43399998545647	0.006
station_02	no_player_and_shadow	98	airborne_and_land	1.517	14.713	1.379	80.0	596.0	53.0	0.67299997806549	0.56800001859665	0.004
station_02	no_player_and_shadow	99	airborne_and_land	1.097	14.713	1.379	80.0	596.0	53.0	0.43900001049042	0.59500002861023	0.005
station_02	no_player_and_shadow	100	airborne_and_land	1.215	14.713	1.379	80.0	596.0	53.0	0.49399998784065	0.4370000064373	0.004
station_02	no_player_and_shadow	101	airborne_and_land	1.299	14.713	1.379	80.0	596.0	53.0	0.42199999094009	0.40299999713898	0.007
station_02	no_player_and_shadow	102	airborne_and_land	0.863	14.713	1.379	80.0	596.0	53.0	0.49099999666214	0.41299998760223	0.004
station_02	no_player_and_shadow	103	airborne_and_land	6.487	14.713	1.379	80.0	596.0	53.0	0.50700002908707	0.43599998950958	0.007
station_02	no_player_and_shadow	104	airborne_and_land	1.097	14.713	1.379	80.0	596.0	53.0	0.47999998927116	0.45699998736382	0.006
station_02	no_player_and_shadow	105	airborne_and_land	1.104	14.713	1.379	80.0	596.0	53.0	0.49700000882149	0.40700000524521	0.004
station_02	no_player_and_shadow	106	airborne_and_land	1.073	14.713	1.379	80.0	596.0	53.0	0.52399998903275	0.56000000238419	0.005
station_02	no_player_and_shadow	107	airborne_and_land	1.222	14.713	1.379	80.0	596.0	53.0	0.5009999871254	0.50199997425079	0.005
station_02	no_player_and_shadow	108	airborne_and_land	1.672	14.713	1.379	80.0	596.0	53.0	0.33500000834465	0.46799999475479	0.006
station_02	no_player_and_shadow	109	airborne_and_land	1.25	14.713	1.379	80.0	596.0	53.0	0.64499998092651	0.46799999475479	0.005
station_02	no_player_and_shadow	110	airborne_and_land	1.05	14.713	1.379	80.0	596.0	53.0	0.46599999070168	0.44699999690056	0.005
station_02	no_player_and_shadow	111	airborne_and_land	1.125	14.713	1.379	80.0	596.0	53.0	0.45600000023842	0.40200001001358	0.005
station_02	no_player_and_shadow	112	airborne_and_land	1.625	14.713	1.379	80.0	596.0	53.0	0.43099999427795	0.44100001454353	0.006
station_02	no_player_and_shadow	113	airborne_and_land	1.118	14.713	1.379	80.0	596.0	53.0	0.57800000905991	0.44900000095367	0.005
station_02	no_player_and_shadow	114	airborne_and_land	1.108	14.713	1.379	80.0	596.0	53.0	0.56800001859665	0.44200000166893	0.006
station_02	no_player_and_shadow	115	airborne_and_land	1.18	14.713	1.379	80.0	596.0	53.0	0.63499999046326	0.44400000572205	0.006
station_02	no_player_and_shadow	116	airborne_and_land	1.298	14.713	1.379	80.0	596.0	53.0	0.46200001239777	0.41899999976158	0.006
station_02	no_player_and_shadow	117	airborne_and_land	1.673	14.713	1.379	80.0	596.0	53.0	0.44999998807907	0.63200002908707	0.015
station_02	no_player_and_shadow	118	airborne_and_land	1.364	14.713	1.379	80.0	596.0	53.0	0.6129999756813	0.44499999284744	0.006
station_02	no_player_and_shadow	119	airborne_and_land	1.041	14.713	1.379	80.0	596.0	53.0	0.4990000128746	0.42199999094009	0.006
station_02	no_player_and_shadow	120	airborne_and_land	1.084	14.713	1.379	80.0	596.0	53.0	0.48699998855591	0.4210000038147	0.009
station_02	no_player_and_shadow	121	airborne_and_land	1.025	14.713	1.379	80.0	596.0	53.0	0.47299998998642	0.5460000038147	0.005
station_02	no_player_and_shadow	122	airborne_and_land	1.23	14.713	1.379	80.0	596.0	53.0	0.50499999523163	1.97099995613098	0.004
station_02	no_player_and_shadow	123	airborne_and_land	1.961	14.713	1.379	80.0	596.0	53.0	0.62000000476837	0.52799999713898	0.007
station_02	no_player_and_shadow	124	airborne_and_land	2.006	14.713	1.379	80.0	596.0	53.0	0.65499997138977	0.41999998688698	0.008
station_02	no_player_and_shadow	125	airborne_and_land	1.503	14.713	1.379	80.0	596.0	53.0	0.42800000309944	0.40599998831749	0.015
station_02	no_player_and_shadow	126	airborne_and_land	1.886	14.713	1.379	80.0	596.0	53.0	0.44100001454353	0.41400000452995	0.007
station_02	no_player_and_shadow	127	airborne_and_land	1.66	14.713	1.379	80.0	596.0	53.0	0.42300000786781	0.40200001001358	0.008
station_02	no_player_and_shadow	128	airborne_and_land	1.64	14.713	1.379	80.0	596.0	53.0	0.52600002288818	0.60299998521805	0.007
station_02	no_player_and_shadow	129	airborne_and_land	1.248	14.713	1.379	80.0	596.0	53.0	0.78100001811981	0.56400001049042	0.007
station_02	no_player_and_shadow	130	airborne_and_land	7.298	14.713	1.379	80.0	596.0	53.0	0.71799999475479	0.46500000357628	0.008
station_02	no_player_and_shadow	131	airborne_and_land	1.467	14.713	1.379	80.0	596.0	53.0	0.54000002145767	0.63200002908707	0.036
station_02	no_player_and_shadow	132	airborne_and_land	1.151	14.713	1.379	80.0	596.0	53.0	0.58799999952316	0.42899999022484	0.007
station_02	no_player_and_shadow	133	airborne_and_land	1.387	14.713	1.379	80.0	596.0	53.0	0.7039999961853	8.8439998626709	0.006
station_02	no_player_and_shadow	134	airborne_and_land	1.404	14.713	1.379	80.0	596.0	53.0	0.61500000953674	0.52399998903275	0.004
station_02	no_player_and_shadow	135	airborne_and_land	1.538	14.713	1.379	80.0	596.0	53.0	0.48899999260902	0.5	0.006
station_02	no_player_and_shadow	136	airborne_and_land	1.805	14.713	1.379	80.0	596.0	53.0	1.07099997997284	0.47200000286102	0.007
station_02	no_player_and_shadow	137	airborne_and_land	1.37	14.713	1.379	80.0	596.0	53.0	0.57599997520447	0.41800001263618	0.006
station_02	no_player_and_shadow	138	airborne_and_land	1.558	14.713	1.379	80.0	596.0	53.0	0.37700000405312	0.5009999871254	0.008
station_02	no_player_and_shadow	139	airborne_and_land	1.086	14.713	1.379	80.0	596.0	53.0	0.60000002384186	0.56999999284744	0.005
station_02	no_player_and_shadow	140	airborne_and_land	1.451	14.713	1.379	80.0	596.0	53.0	0.47400000691414	0.57800000905991	0.005
station_02	no_player_and_shadow	141	airborne_and_land	1.642	14.713	1.379	80.0	596.0	53.0	0.52799999713898	0.49000000953674	0.009
station_02	no_player_and_shadow	142	airborne_and_land	1.06	14.713	1.379	80.0	596.0	53.0	0.67699998617172	0.43500000238419	0.005
station_02	no_player_and_shadow	143	airborne_and_land	1.194	14.713	1.379	80.0	596.0	53.0	0.56900000572205	0.43999999761581	0.005
station_02	no_player_and_shadow	144	recovery	1.177	14.713	1.379	80.0	596.0	53.0	0.45699998736382	0.47400000691414	0.004
station_02	no_player_and_shadow	145	recovery	1.001	14.713	1.379	80.0	596.0	53.0	0.43200001120567	0.41100001335144	0.006
station_02	no_player_and_shadow	146	recovery	1.251	14.713	1.379	80.0	596.0	53.0	0.57200002670288	0.43999999761581	0.005
station_02	no_player_and_shadow	147	recovery	1.787	14.713	1.379	80.0	596.0	53.0	0.73199999332428	0.52300000190735	0.007
station_02	no_player_and_shadow	148	recovery	1.793	14.713	1.379	80.0	596.0	53.0	0.31999999284744	0.5440000295639	0.009
station_02	no_player_and_shadow	149	recovery	1.102	14.713	1.379	80.0	596.0	53.0	0.54799997806549	0.61599999666214	0.005
station_02	no_player_and_shadow	150	recovery	1.519	14.713	1.379	80.0	596.0	53.0	0.65299999713898	0.4709999859333	0.009
station_02	no_player_and_shadow	151	recovery	0.99	14.713	1.379	80.0	596.0	53.0	0.34999999403954	0.52399998903275	0.005
station_02	no_player_and_shadow	152	recovery	0.756	14.713	1.379	80.0	596.0	53.0	0.60500001907349	0.75900000333786	0.003
station_02	no_player_and_shadow	153	recovery	1.258	14.713	1.379	80.0	596.0	53.0	0.65700000524521	0.63499999046326	0.005
station_02	no_player_and_shadow	154	recovery	0.88	14.713	1.379	80.0	596.0	53.0	0.63300001621246	0.42500001192093	0.005
station_02	no_player_and_shadow	155	recovery	0.839	14.713	1.379	80.0	596.0	53.0	0.31000000238419	0.80699998140335	0.003
station_02	no_player_and_shadow	156	recovery	1.28	14.713	1.379	80.0	596.0	53.0	0.55800002813339	0.45199999213219	0.005
station_02	no_player_and_shadow	157	recovery	1.263	14.713	1.379	80.0	596.0	53.0	0.43200001120567	0.79000002145767	0.006
station_02	no_player_and_shadow	158	recovery	1.175	14.713	1.379	80.0	596.0	53.0	0.28799998760223	0.44699999690056	0.012
station_02	no_player_and_shadow	159	recovery	1.175	14.713	1.379	80.0	596.0	53.0	0.51300001144409	0.46399998664856	0.007
station_02	no_player_and_shadow	160	recovery	0.901	14.713	1.379	80.0	596.0	53.0	0.31499999761581	0.57800000905991	0.005
station_02	no_player_and_shadow	161	recovery	1.061	14.713	1.379	80.0	596.0	53.0	0.38499999046326	0.46900001168251	0.007
station_02	no_player_and_shadow	162	recovery	2.237	14.713	1.379	80.0	596.0	53.0	0.50300002098083	0.46999999880791	0.007
station_02	no_player_and_shadow	163	recovery	1.465	14.713	1.379	80.0	596.0	53.0	0.6370000243187	0.43000000715256	0.007
station_02	no_player_and_shadow	164	recovery	1.248	14.713	1.379	80.0	596.0	53.0	0.48899999260902	0.42599999904633	0.006
station_02	no_player_and_shadow	165	recovery	7.849	14.713	1.379	80.0	596.0	53.0	0.483000010252	0.41999998688698	0.007
station_02	no_player_and_shadow	166	recovery	1.705	14.713	1.379	80.0	596.0	53.0	0.38499999046326	0.783999979496	0.005
station_02	no_player_and_shadow	167	recovery	1.828	14.713	1.379	80.0	596.0	53.0	0.46200001239777	0.69400000572205	0.007
station_02	no_player_and_shadow	168	recovery	1.923	14.713	1.379	80.0	596.0	53.0	0.79699999094009	0.57300001382828	0.007
station_02	no_player_and_shadow	169	recovery	1.694	14.713	1.379	80.0	596.0	53.0	0.52100002765656	0.46599999070168	0.008
station_02	no_player_and_shadow	170	recovery	1.172	14.713	1.379	80.0	596.0	53.0	0.32800000905991	0.44699999690056	0.007
station_02	no_player_and_shadow	171	recovery	0.916	14.713	1.379	80.0	596.0	53.0	0.67900002002716	0.52999997138977	0.004
station_02	no_player_and_shadow	172	walk_left	1.617	14.713	1.379	80.0	596.0	53.0	0.77999997138977	0.45100000500679	0.006
station_02	no_player_and_shadow	173	walk_left	0.714	14.713	1.379	80.0	596.0	53.0	0.783999979496	0.76499998569489	0.004
station_02	no_player_and_shadow	174	walk_left	1.143	14.713	1.379	80.0	596.0	53.0	0.76999998092651	0.63599997758865	0.006
station_02	no_player_and_shadow	175	walk_left	1.188	14.713	1.379	80.0	596.0	53.0	0.5809999704361	0.57700002193451	0.005
station_02	no_player_and_shadow	176	walk_left	1.021	14.713	1.379	80.0	596.0	53.0	0.45100000500679	0.72299998998642	0.006
station_02	no_player_and_shadow	177	walk_left	0.803	14.713	1.379	80.0	596.0	53.0	0.40200001001358	0.658999979496	0.003
station_02	no_player_and_shadow	178	walk_left	1.027	14.713	1.379	80.0	596.0	53.0	0.43099999427795	1.08299994468689	0.005
station_02	no_player_and_shadow	179	walk_left	1.274	14.713	1.379	80.0	596.0	53.0	0.25200000405312	0.53799998760223	0.005
station_02	no_player_and_shadow	180	walk_left	1.098	14.713	1.379	80.0	596.0	53.0	0.55099999904633	0.47200000286102	0.005
station_02	no_player_and_shadow	181	walk_left	0.954	14.713	1.379	80.0	596.0	53.0	0.4709999859333	0.41699999570847	0.004
station_02	no_player_and_shadow	182	walk_left	1.506	14.713	1.379	98.0	740.0	56.0	0.44100001454353	0.85699999332428	0.005
station_02	no_player_and_shadow	183	walk_left	1.514	14.713	1.379	98.0	740.0	56.0	0.3129999935627	0.44100001454353	0.007
station_02	no_player_and_shadow	184	walk_left	1.357	14.713	1.379	98.0	740.0	56.0	0.43999999761581	0.75800001621246	0.011
station_02	no_player_and_shadow	185	walk_left	1.445	14.713	1.379	98.0	740.0	56.0	0.41400000452995	0.4379999935627	0.004
station_02	no_player_and_shadow	186	walk_left	1.847	14.713	1.379	98.0	740.0	56.0	0.48199999332428	0.46900001168251	0.015
station_02	no_player_and_shadow	187	walk_left	1.206	14.713	1.379	98.0	740.0	56.0	0.46099999547005	1.5789999961853	0.006
station_02	no_player_and_shadow	188	walk_left	6.235	14.713	1.379	98.0	740.0	56.0	0.36000001430511	0.60399997234344	0.006
station_02	no_player_and_shadow	189	walk_left	1.796	14.713	1.379	98.0	740.0	56.0	0.69999998807907	0.42699998617172	0.01
station_02	no_player_and_shadow	190	walk_left	1.795	14.713	1.379	98.0	740.0	56.0	0.54799997806549	1.27699995040894	0.007
station_02	no_player_and_shadow	191	walk_left	2.061	14.713	1.379	98.0	740.0	56.0	0.53100001811981	0.6710000038147	0.009
station_02	no_player_and_shadow	192	walk_left	1.725	14.713	1.379	98.0	740.0	56.0	0.68999999761581	0.55400002002716	0.012
station_02	no_player_and_shadow	193	walk_left	1.455	14.713	1.379	98.0	740.0	56.0	0.53299999237061	0.66100001335144	0.005
station_02	no_player_and_shadow	194	walk_left	1.182	14.713	1.379	98.0	740.0	56.0	0.52100002765656	0.62099999189377	0.005
station_02	no_player_and_shadow	195	walk_left	1.252	14.713	1.379	98.0	740.0	56.0	0.83700001239777	0.62300002574921	0.004
station_02	no_player_and_shadow	196	walk_left	1.029	14.713	1.379	98.0	740.0	56.0	0.46799999475479	0.46200001239777	0.004
station_02	no_player_and_shadow	197	walk_left	1.186	14.713	1.379	98.0	740.0	56.0	0.68300002813339	0.43999999761581	0.004
station_02	no_player_and_shadow	198	walk_left	1.134	14.713	1.379	98.0	740.0	56.0	0.49200001358986	0.78100001811981	0.005
station_02	no_player_and_shadow	199	walk_left	1.441	14.713	1.379	98.0	740.0	56.0	0.73299998044968	0.42399999499321	0.006
station_02	no_player_and_shadow	200	walk_left	1.707	14.713	1.379	98.0	740.0	56.0	0.39800000190735	0.60600000619888	0.011
station_02	no_player_and_shadow	201	walk_left	1.524	14.713	1.379	98.0	740.0	56.0	0.57800000905991	0.44400000572205	0.008
station_02	no_player_and_shadow	202	walk_left	1.718	14.713	1.379	98.0	740.0	56.0	0.31999999284744	0.716000020504	0.005
station_02	no_player_and_shadow	203	walk_left	1.465	14.713	1.379	98.0	740.0	56.0	0.6240000128746	0.43999999761581	0.009
station_02	no_player_and_shadow	204	walk_left	1.1	14.713	1.379	98.0	740.0	56.0	0.36100000143051	0.5799999833107	0.003
station_02	no_player_and_shadow	205	walk_left	1.182	14.713	1.379	98.0	740.0	56.0	0.63099998235703	0.62699997425079	0.033
station_02	no_player_and_shadow	206	walk_left	1.084	14.713	1.379	98.0	740.0	56.0	0.78200000524521	0.58999997377396	0.014
station_02	no_player_and_shadow	207	walk_left	1.789	14.713	1.379	98.0	740.0	56.0	0.47299998998642	1.46300005912781	0.005
station_02	no_player_and_shadow	208	walk_left	1.27	14.713	1.379	98.0	740.0	56.0	0.48199999332428	0.49799999594688	0.006
station_02	no_player_and_shadow	209	idle_after_cycle	1.143	14.713	1.379	98.0	740.0	56.0	0.5	0.85600000619888	0.004
station_02	no_player_and_shadow	210	idle_after_cycle	1.356	14.713	1.379	98.0	740.0	56.0	0.41100001335144	0.52100002765656	0.006
station_02	no_player_and_shadow	211	idle_after_cycle	15.387	14.713	1.379	98.0	740.0	56.0	0.46099999547005	1.23300004005432	0.012
station_02	no_player_and_shadow	212	idle_after_cycle	2.119	14.713	1.379	98.0	740.0	56.0	0.3759999871254	0.52300000190735	0.007
station_02	no_player_and_shadow	213	idle_after_cycle	1.536	14.713	1.379	98.0	740.0	56.0	0.76800000667572	0.43599998950958	0.011
station_02	no_player_and_shadow	214	idle_after_cycle	1.376	14.713	1.379	98.0	740.0	56.0	0.4379999935627	16.4909992218018	0.004
station_02	no_player_and_shadow	215	idle_after_cycle	1.947	14.713	1.379	98.0	740.0	56.0	0.39800000190735	0.5809999704361	0.006
station_02	no_player_and_shadow	216	idle_after_cycle	1.804	14.713	1.379	98.0	740.0	56.0	0.62999999523163	0.5440000295639	0.006
station_02	no_player_and_shadow	217	idle_after_cycle	1.243	14.713	1.379	98.0	740.0	56.0	0.92400002479553	0.62699997425079	0.01
station_02	no_player_and_shadow	218	idle_after_cycle	0.83	14.713	1.379	98.0	740.0	56.0	0.45600000023842	0.59299999475479	0.005
station_02	no_player_and_shadow	219	idle_after_cycle	1.846	14.713	1.379	98.0	740.0	56.0	0.51999998092651	0.46399998664856	0.006
station_02	no_shadow	2	idle	1.398	14.713	1.379	101.0	760.0	71.0	0.55699998140335	0.46799999475479	0.006
station_02	no_shadow	3	idle	1.291	14.713	1.379	101.0	760.0	71.0	0.51399999856949	0.42399999499321	0.005
station_02	no_shadow	4	idle	1.36	14.713	1.379	101.0	760.0	71.0	0.5120000243187	0.43299999833107	0.006
station_02	no_shadow	5	idle	2.094	14.713	1.379	101.0	760.0	71.0	0.67500001192093	0.49000000953674	0.007
station_02	no_shadow	6	idle	1.818	14.713	1.379	101.0	760.0	71.0	0.52799999713898	0.44100001454353	0.012
station_02	no_shadow	7	idle	1.393	14.713	1.379	101.0	760.0	71.0	0.47299998998642	0.44100001454353	0.007
station_02	no_shadow	8	idle	1.129	14.713	1.379	101.0	760.0	71.0	0.52399998903275	0.61599999666214	0.006
station_02	no_shadow	9	idle	1.118	14.713	1.379	101.0	760.0	71.0	0.37900000810623	0.49200001358986	0.005
station_02	no_shadow	10	idle	1.268	14.713	1.379	101.0	760.0	71.0	0.53200000524521	0.45800000429153	0.005
station_02	no_shadow	11	idle	1.234	14.713	1.379	101.0	760.0	71.0	0.64200001955032	0.62199997901917	0.007
station_02	no_shadow	12	idle	1.215	14.713	1.379	101.0	760.0	71.0	0.68900001049042	0.64999997615814	0.007
station_02	no_shadow	13	idle	2.164	14.713	1.379	101.0	760.0	71.0	0.5450000166893	0.42300000786781	0.006
station_02	no_shadow	14	idle	1.508	14.713	1.379	101.0	760.0	71.0	0.51300001144409	0.41200000047684	0.013
station_02	no_shadow	15	idle	1.275	14.713	1.379	101.0	760.0	71.0	0.54799997806549	0.41999998688698	0.007
station_02	no_shadow	16	idle	1.676	14.713	1.379	101.0	760.0	71.0	0.66699999570847	0.43900001049042	0.007
station_02	no_shadow	17	idle	2.06	14.713	1.379	101.0	760.0	71.0	0.50999999046326	0.44299998879433	0.011
station_02	no_shadow	18	idle	1.472	14.713	1.379	101.0	760.0	71.0	0.55699998140335	0.42399999499321	0.007
station_02	no_shadow	19	idle	5.838	14.713	1.379	101.0	760.0	71.0	0.75599998235703	0.4839999973774	0.012
station_02	no_shadow	20	idle	9.471	14.713	1.379	101.0	760.0	71.0	0.61699998378754	0.46599999070168	0.017
station_02	no_shadow	21	idle	1.631	14.713	1.379	101.0	760.0	71.0	0.57599997520447	0.43399998545647	0.008
station_02	no_shadow	22	idle	2.123	15.441	1.193	101.0	760.0	71.0	0.77799999713898	0.53200000524521	0.007
station_02	no_shadow	23	idle	1.239	15.441	1.193	101.0	760.0	71.0	0.93599998950958	8.29699993133545	0.007
station_02	no_shadow	24	idle	1.622	15.441	1.193	101.0	760.0	71.0	0.6710000038147	0.55000001192093	0.007
station_02	no_shadow	25	idle	1.316	15.441	1.193	101.0	760.0	71.0	0.60299998521805	0.45899999141693	0.006
station_02	no_shadow	26	idle	1.066	15.441	1.193	101.0	760.0	71.0	0.89800000190735	0.43099999427795	0.006
station_02	no_shadow	27	idle	1.337	15.441	1.193	101.0	760.0	71.0	0.61400002241135	0.53700000047684	0.005
station_02	no_shadow	28	idle	1.123	15.441	1.193	101.0	760.0	71.0	0.77100002765656	0.44200000166893	0.006
station_02	no_shadow	29	idle	1.217	15.441	1.193	101.0	760.0	71.0	0.48800000548363	0.43599998950958	0.004
station_02	no_shadow	30	walk_right	1.36	15.441	1.193	101.0	760.0	71.0	0.62199997901917	0.47699999809265	0.007
station_02	no_shadow	31	walk_right	9.156	15.441	1.193	101.0	760.0	71.0	0.51300001144409	0.46000000834465	0.011
station_02	no_shadow	32	walk_right	1.441	15.441	1.193	101.0	760.0	71.0	0.42899999022484	0.58399999141693	0.011
station_02	no_shadow	33	walk_right	1.185	15.441	1.193	101.0	760.0	71.0	0.58999997377396	0.46299999952316	0.006
station_02	no_shadow	34	walk_right	1.306	15.441	1.193	101.0	760.0	71.0	0.52399998903275	10.4799995422363	0.009
station_02	no_shadow	35	walk_right	1.043	15.441	1.193	101.0	760.0	71.0	0.59799998998642	0.42800000309944	0.005
station_02	no_shadow	36	walk_right	0.678	15.441	1.193	101.0	760.0	71.0	0.61599999666214	0.43399998545647	0.003
station_02	no_shadow	37	walk_right	1.165	15.441	1.193	101.0	760.0	71.0	0.74400001764297	0.46299999952316	0.006
station_02	no_shadow	38	walk_right	1.269	15.441	1.193	101.0	760.0	71.0	0.65600001811981	0.42500001192093	0.013
station_02	no_shadow	39	walk_right	0.861	15.441	1.193	101.0	760.0	71.0	0.5	0.78799998760223	0.005
station_02	no_shadow	40	walk_right	2.276	15.441	1.193	101.0	760.0	71.0	0.58799999952316	0.41899999976158	0.006
station_02	no_shadow	41	walk_right	0.802	15.441	1.193	101.0	760.0	71.0	0.50300002098083	0.87800002098083	0.004
station_02	no_shadow	42	walk_right	1.937	15.441	1.193	101.0	760.0	71.0	0.27000001072884	0.46999999880791	0.008
station_02	no_shadow	43	walk_right	1.366	15.441	1.193	101.0	760.0	71.0	0.55199998617172	0.58600002527237	0.006
station_02	no_shadow	44	walk_right	1.095	15.441	1.193	101.0	760.0	71.0	0.57200002670288	2.52699995040894	0.003
station_02	no_shadow	45	walk_right	0.97	15.441	1.193	101.0	760.0	71.0	0.40299999713898	1.12300002574921	0.004
station_02	no_shadow	46	walk_right	1.379	15.441	1.193	101.0	760.0	71.0	0.59299999475479	0.46200001239777	0.006
station_02	no_shadow	47	walk_right	1.253	15.441	1.193	101.0	760.0	71.0	0.31999999284744	0.58799999952316	0.006
station_02	no_shadow	48	walk_right	0.748	15.441	1.193	101.0	760.0	71.0	0.88400000333786	0.43299999833107	0.003
station_02	no_shadow	49	walk_right	1.567	15.441	1.193	101.0	760.0	71.0	0.57200002670288	0.77200001478195	0.005
station_02	no_shadow	50	walk_right	2.103	15.441	1.193	101.0	760.0	71.0	0.49099999666214	0.53799998760223	0.006
station_02	no_shadow	51	walk_right	1.578	15.441	1.193	101.0	760.0	71.0	0.33399999141693	0.52700001001358	0.007
station_02	no_shadow	52	walk_right	1.334	15.441	1.193	101.0	760.0	71.0	0.73400002717972	0.44100001454353	0.006
station_02	no_shadow	53	walk_right	0.999	15.441	1.193	101.0	760.0	71.0	0.52399998903275	1.13900005817413	0.004
station_02	no_shadow	54	walk_right	1.3	15.441	1.193	101.0	760.0	71.0	0.33000001311302	0.46700000762939	0.005
station_02	no_shadow	55	walk_right	1.64	15.441	1.193	101.0	760.0	71.0	0.94999998807907	0.5789999961853	0.005
station_02	no_shadow	56	walk_right	1.541	15.441	1.193	101.0	760.0	71.0	0.5799999833107	0.89399999380112	0.007
station_02	no_shadow	57	walk_right	1.31	15.441	1.193	101.0	760.0	71.0	0.86900001764297	0.45600000023842	0.051
station_02	no_shadow	58	walk_right	7.399	15.441	1.193	101.0	760.0	71.0	0.533999979496	0.9990000128746	0.006
station_02	no_shadow	59	walk_right	3.441	15.441	1.193	101.0	760.0	71.0	0.31799998879433	0.51800000667572	0.009
station_02	no_shadow	60	walk_right	1.082	15.441	1.193	101.0	760.0	71.0	0.5799999833107	0.42199999094009	0.005
station_02	no_shadow	61	walk_right	1.262	15.441	1.193	101.0	760.0	71.0	0.61799997091293	0.43599998950958	0.006
station_02	no_shadow	62	walk_right	1.232	15.441	1.193	101.0	760.0	71.0	0.59299999475479	0.63599997758865	0.009
station_02	no_shadow	63	walk_right	0.989	15.441	1.193	101.0	760.0	71.0	0.48899999260902	0.67799997329712	0.006
station_02	no_shadow	64	walk_right	1.045	15.441	1.193	101.0	760.0	71.0	0.93800002336502	0.69700002670288	0.004
station_02	no_shadow	65	walk_right	1.261	15.441	1.193	101.0	760.0	71.0	0.62699997425079	1.11899995803833	0.008
station_02	no_shadow	66	walk_right	1.334	15.441	1.193	101.0	760.0	71.0	0.43500000238419	0.57099997997284	0.005
station_02	no_shadow	67	walk_right	1.32	15.441	1.193	101.0	760.0	71.0	0.60000002384186	0.44400000572205	0.005
station_02	no_shadow	68	walk_right	0.995	15.441	1.193	101.0	760.0	71.0	0.53100001811981	0.44800001382828	0.006
station_02	no_shadow	69	walk_right	1.819	15.441	1.193	101.0	760.0	71.0	0.40299999713898	0.81699997186661	0.007
station_02	no_shadow	70	walk_right	1.054	15.441	1.193	101.0	760.0	71.0	0.47900000214577	0.53799998760223	0.004
station_02	no_shadow	71	walk_right	1.381	15.441	1.193	101.0	760.0	71.0	0.55299997329712	0.52399998903275	0.009
station_02	no_shadow	72	jump_launch	1.119	15.441	1.193	101.0	760.0	71.0	0.50900000333786	0.94199997186661	0.006
station_02	no_shadow	73	jump_launch	1.114	15.441	1.193	101.0	760.0	71.0	0.7379999756813	0.47200000286102	0.005
station_02	no_shadow	74	jump_launch	1.56	15.441	1.193	101.0	760.0	71.0	0.42599999904633	0.72399997711182	0.007
station_02	no_shadow	75	airborne_and_land	1.023	15.441	1.193	101.0	760.0	71.0	0.533999979496	1.07500004768372	0.006
station_02	no_shadow	76	airborne_and_land	0.973	15.441	1.193	101.0	760.0	71.0	0.48800000548363	0.66100001335144	0.005
station_02	no_shadow	77	airborne_and_land	0.911	15.441	1.193	101.0	760.0	71.0	0.67199999094009	0.61599999666214	0.006
station_02	no_shadow	78	airborne_and_land	0.923	15.441	1.193	101.0	760.0	71.0	0.46599999070168	0.41499999165535	0.005
station_02	no_shadow	79	airborne_and_land	2.159	15.441	1.193	101.0	760.0	71.0	0.48100000619888	0.64399999380112	0.01
station_02	no_shadow	80	airborne_and_land	2.29	15.441	1.193	101.0	760.0	71.0	0.72299998998642	0.44499999284744	0.008
station_02	no_shadow	81	airborne_and_land	3.3	15.441	1.193	101.0	760.0	71.0	0.45800000429153	0.64099997282028	0.011
station_02	no_shadow	82	airborne_and_land	5.738	15.441	1.193	101.0	760.0	71.0	0.50999999046326	0.45899999141693	0.016
station_02	no_shadow	83	airborne_and_land	1.521	15.441	1.193	101.0	760.0	71.0	0.4379999935627	0.76999998092651	0.006
station_02	no_shadow	84	airborne_and_land	1.683	15.441	1.193	101.0	760.0	71.0	0.46999999880791	1.11000001430511	0.006
station_02	no_shadow	85	airborne_and_land	1.537	15.441	1.193	101.0	760.0	71.0	0.91600000858307	0.46599999070168	0.003
station_02	no_shadow	86	airborne_and_land	1.401	15.441	1.193	101.0	760.0	71.0	0.75400000810623	0.46999999880791	0.005
station_02	no_shadow	87	airborne_and_land	1.948	15.441	1.193	101.0	760.0	71.0	0.88899999856949	0.51300001144409	0.007
station_02	no_shadow	88	airborne_and_land	2.18	15.441	1.193	101.0	760.0	71.0	1.11000001430511	0.54000002145767	0.006
station_02	no_shadow	89	airborne_and_land	1.896	15.441	1.193	101.0	760.0	71.0	0.40500000119209	0.57099997997284	0.008
station_02	no_shadow	90	airborne_and_land	2.345	15.441	1.193	101.0	760.0	71.0	0.47999998927116	1.11600005626678	0.017
station_02	no_shadow	91	airborne_and_land	1.241	15.441	1.193	101.0	760.0	71.0	0.79000002145767	0.4379999935627	0.004
station_02	no_shadow	92	airborne_and_land	1.315	15.441	1.193	101.0	760.0	71.0	0.375	0.59500002861023	0.005
station_02	no_shadow	93	airborne_and_land	1.246	15.441	1.193	101.0	760.0	71.0	0.81199997663498	0.44999998807907	0.004
station_02	no_shadow	94	airborne_and_land	1.152	15.441	1.193	101.0	760.0	71.0	0.50999999046326	0.68300002813339	0.004
station_02	no_shadow	95	airborne_and_land	1.094	15.441	1.193	101.0	760.0	71.0	0.65799999237061	1.72000002861023	0.003
station_02	no_shadow	96	airborne_and_land	1.444	15.441	1.193	101.0	760.0	71.0	0.80800002813339	0.42399999499321	0.006
station_02	no_shadow	97	airborne_and_land	1.38	15.441	1.193	101.0	760.0	71.0	0.36599999666214	0.46200001239777	0.006
station_02	no_shadow	98	airborne_and_land	1.985	15.441	1.193	101.0	760.0	71.0	0.4990000128746	0.57700002193451	0.007
station_02	no_shadow	99	airborne_and_land	1.47	15.441	1.193	101.0	760.0	71.0	0.51899999380112	0.44499999284744	0.007
station_02	no_shadow	100	airborne_and_land	1.576	15.441	1.193	101.0	760.0	71.0	0.32600000500679	0.71899998188019	0.006
station_02	no_shadow	101	airborne_and_land	1.321	15.441	1.193	101.0	760.0	71.0	0.45600000023842	0.61000001430511	0.006
station_02	no_shadow	102	airborne_and_land	1.672	15.441	1.193	101.0	760.0	71.0	0.44100001454353	0.57499998807907	0.007
station_02	no_shadow	103	airborne_and_land	1.461	15.441	1.193	101.0	760.0	71.0	0.47999998927116	0.87800002098083	0.009
station_02	no_shadow	104	airborne_and_land	6.126	15.441	1.193	101.0	760.0	71.0	0.48500001430511	0.45800000429153	0.008
station_02	no_shadow	105	airborne_and_land	1.52	15.441	1.193	101.0	760.0	71.0	0.57200002670288	0.97799998521805	0.02
station_02	no_shadow	106	airborne_and_land	1.578	15.441	1.193	101.0	760.0	71.0	0.71100002527237	0.46500000357628	0.006
station_02	no_shadow	107	airborne_and_land	2.06	15.441	1.193	101.0	760.0	71.0	0.39599999785423	0.61900001764297	0.005
station_02	no_shadow	108	airborne_and_land	2.204	15.441	1.193	101.0	760.0	71.0	0.75700002908707	0.5460000038147	0.018
station_02	no_shadow	109	airborne_and_land	1.375	15.441	1.193	101.0	760.0	71.0	0.50499999523163	0.47299998998642	0.006
station_02	no_shadow	110	airborne_and_land	1.134	15.441	1.193	101.0	760.0	71.0	0.54799997806549	0.44800001382828	0.004
station_02	no_shadow	111	airborne_and_land	1.372	15.441	1.193	101.0	760.0	71.0	0.64800000190735	0.42899999022484	0.007
station_02	no_shadow	112	airborne_and_land	1.176	15.441	1.193	101.0	760.0	71.0	0.66699999570847	1.65400004386902	0.005
station_02	no_shadow	113	airborne_and_land	1.557	15.441	1.193	101.0	760.0	71.0	0.71399998664856	1.98500001430511	0.008
station_02	no_shadow	114	airborne_and_land	1.511	15.441	1.193	101.0	760.0	71.0	0.86199998855591	0.43000000715256	0.006
station_02	no_shadow	115	airborne_and_land	1.285	15.441	1.193	101.0	760.0	71.0	0.49200001358986	0.83799999952316	0.005
station_02	no_shadow	116	airborne_and_land	1.736	15.441	1.193	101.0	760.0	71.0	0.47999998927116	0.47799998521805	0.007
station_02	no_shadow	117	airborne_and_land	2.324	15.441	1.193	101.0	760.0	71.0	0.55400002002716	0.81900000572205	0.006
station_02	no_shadow	118	airborne_and_land	1.773	15.441	1.193	101.0	760.0	71.0	0.48699998855591	0.55400002002716	0.007
station_02	no_shadow	119	airborne_and_land	1.851	15.441	1.193	101.0	760.0	71.0	0.63800001144409	0.47799998521805	0.008
station_02	no_shadow	120	airborne_and_land	2.078	15.441	1.193	101.0	760.0	71.0	0.43200001120567	1.20799994468689	0.008
station_02	no_shadow	121	airborne_and_land	1.843	15.441	1.193	101.0	760.0	71.0	0.47200000286102	0.47999998927116	0.008
station_02	no_shadow	122	airborne_and_land	1.518	15.441	1.193	101.0	760.0	71.0	0.56599998474121	0.57700002193451	0.006
station_02	no_shadow	123	airborne_and_land	1.794	15.441	1.193	101.0	760.0	71.0	0.64499998092651	0.51599997282028	0.006
station_02	no_shadow	124	airborne_and_land	2.095	15.441	1.193	101.0	760.0	71.0	0.75	0.483000010252	0.007
station_02	no_shadow	125	airborne_and_land	2.596	15.441	1.193	101.0	760.0	71.0	0.70200002193451	0.59700000286102	0.008
station_02	no_shadow	126	airborne_and_land	2.429	15.441	1.193	101.0	760.0	71.0	0.82800000905991	0.82200002670288	0.01
station_02	no_shadow	127	airborne_and_land	6.313	15.441	1.193	101.0	760.0	71.0	0.658999979496	0.44299998879433	0.01
station_02	no_shadow	128	airborne_and_land	2.591	15.441	1.193	101.0	760.0	71.0	0.54900002479553	0.4539999961853	0.007
station_02	no_shadow	129	airborne_and_land	1.737	15.441	1.193	101.0	760.0	71.0	0.76300001144409	0.46999999880791	0.007
station_02	no_shadow	130	airborne_and_land	1.581	15.441	1.193	101.0	760.0	71.0	0.8759999871254	0.483000010252	0.006
station_02	no_shadow	131	airborne_and_land	1.633	15.441	1.193	101.0	760.0	71.0	0.88899999856949	0.50300002098083	0.005
station_02	no_shadow	132	airborne_and_land	2.161	15.441	1.193	101.0	760.0	71.0	0.62099999189377	0.43999999761581	0.006
station_02	no_shadow	133	airborne_and_land	2.275	15.441	1.193	101.0	760.0	71.0	0.85199999809265	0.44299998879433	0.027
station_02	no_shadow	134	airborne_and_land	1.708	15.441	1.193	101.0	760.0	71.0	0.72699999809265	0.99800002574921	0.006
station_02	no_shadow	135	airborne_and_land	2.52	15.441	1.193	101.0	760.0	71.0	0.64700001478195	0.42699998617172	0.008
station_02	no_shadow	136	airborne_and_land	1.929	15.441	1.193	101.0	760.0	71.0	0.56099998950958	0.44299998879433	0.006
station_02	no_shadow	137	airborne_and_land	1.868	15.441	1.193	101.0	760.0	71.0	0.59500002861023	0.44400000572205	0.008
station_02	no_shadow	138	airborne_and_land	1.5	15.441	1.193	101.0	760.0	71.0	0.83499997854233	0.49700000882149	0.006
station_02	no_shadow	139	airborne_and_land	1.492	15.441	1.193	101.0	760.0	71.0	1.00899994373322	0.46299999952316	0.005
station_02	no_shadow	140	airborne_and_land	1.454	15.441	1.193	101.0	760.0	71.0	0.64300000667572	0.51800000667572	0.007
station_02	no_shadow	141	airborne_and_land	1.718	15.441	1.193	101.0	760.0	71.0	0.57599997520447	0.45500001311302	0.005
station_02	no_shadow	142	airborne_and_land	2.144	15.441	1.193	101.0	760.0	71.0	0.88099998235703	0.51700001955032	0.009
station_02	no_shadow	143	airborne_and_land	1.637	15.441	1.193	101.0	760.0	71.0	0.74099999666214	0.46299999952316	0.006
station_02	no_shadow	144	recovery	2.021	15.441	1.193	101.0	760.0	71.0	0.52100002765656	0.43900001049042	0.007
station_02	no_shadow	145	recovery	1.981	15.441	1.193	101.0	760.0	71.0	0.53600001335144	0.43099999427795	0.008
station_02	no_shadow	146	recovery	1.376	15.441	1.193	101.0	760.0	71.0	0.5440000295639	0.45300000905991	0.014
station_02	no_shadow	147	recovery	5.681	15.441	1.193	101.0	760.0	71.0	0.68599998950958	0.47299998998642	0.005
station_02	no_shadow	148	recovery	1.756	15.441	1.193	101.0	760.0	71.0	0.91000002622604	0.51700001955032	0.006
station_02	no_shadow	149	recovery	2.139	15.441	1.193	101.0	760.0	71.0	0.65399998426437	0.4370000064373	0.008
station_02	no_shadow	150	recovery	1.604	15.441	1.193	101.0	760.0	71.0	0.65100002288818	0.50900000333786	0.007
station_02	no_shadow	151	recovery	1.534	15.441	1.193	101.0	760.0	71.0	0.78200000524521	0.43999999761581	0.005
station_02	no_shadow	152	recovery	2.892	15.441	1.193	119.0	904.0	74.0	0.41899999976158	0.48699998855591	0.008
station_02	no_shadow	153	recovery	1.965	15.441	1.193	119.0	904.0	74.0	0.61199998855591	0.46599999070168	0.007
station_02	no_shadow	154	recovery	1.43	15.441	1.193	119.0	904.0	74.0	0.74599999189377	0.53700000047684	0.004
station_02	no_shadow	155	recovery	1.995	15.441	1.193	119.0	904.0	74.0	0.85600000619888	0.47600001096725	0.046
station_02	no_shadow	156	recovery	2.106	15.441	1.193	119.0	904.0	74.0	0.58399999141693	0.41600000858307	0.011
station_02	no_shadow	157	recovery	2.475	15.441	1.193	119.0	904.0	74.0	0.51899999380112	0.5809999704361	0.01
station_02	no_shadow	158	recovery	2.071	15.441	1.193	119.0	904.0	74.0	0.82499998807907	0.56499999761581	0.007
station_02	no_shadow	159	recovery	2.417	15.441	1.193	119.0	904.0	74.0	0.65200001001358	0.58200001716614	0.005
station_02	no_shadow	160	recovery	2.061	15.441	1.193	119.0	904.0	74.0	0.53500002622604	0.52200001478195	0.008
station_02	no_shadow	161	recovery	1.677	15.441	1.193	119.0	904.0	74.0	0.61799997091293	0.61400002241135	0.011
station_02	no_shadow	162	recovery	1.615	15.441	1.193	119.0	904.0	74.0	0.63499999046326	0.625	0.005
station_02	no_shadow	163	recovery	1.536	15.441	1.193	119.0	904.0	74.0	0.841000020504	0.54900002479553	0.005
station_02	no_shadow	164	recovery	1.496	15.441	1.193	119.0	904.0	74.0	0.69099998474121	0.46200001239777	0.009
station_02	no_shadow	165	recovery	1.494	15.441	1.193	119.0	904.0	74.0	0.84799998998642	0.81000000238419	0.005
station_02	no_shadow	166	recovery	2.639	15.441	1.193	119.0	904.0	74.0	0.73100000619888	0.46099999547005	0.011
station_02	no_shadow	167	recovery	1.995	15.441	1.193	119.0	904.0	74.0	0.6370000243187	0.46299999952316	0.008
station_02	no_shadow	168	recovery	6.247	15.441	1.193	119.0	904.0	74.0	0.52700001001358	0.47699999809265	0.013
station_02	no_shadow	169	recovery	2.334	15.441	1.193	119.0	904.0	74.0	0.60699999332428	0.42899999022484	0.006
station_02	no_shadow	170	recovery	2.163	15.441	1.193	119.0	904.0	74.0	0.51999998092651	0.43999999761581	0.007
station_02	no_shadow	171	recovery	2.207	15.441	1.193	119.0	904.0	74.0	0.59200000762939	0.80800002813339	0.005
station_02	no_shadow	172	walk_left	2.816	15.441	1.193	119.0	904.0	74.0	0.88800001144409	0.55099999904633	0.023
station_02	no_shadow	173	walk_left	2.418	15.441	1.193	119.0	904.0	74.0	0.64899998903275	0.50300002098083	0.006
station_02	no_shadow	174	walk_left	2.513	15.441	1.193	119.0	904.0	74.0	1.40699994564056	0.5460000038147	0.008
station_02	no_shadow	175	walk_left	1.839	15.441	1.193	119.0	904.0	74.0	0.80000001192093	0.46700000762939	0.006
station_02	no_shadow	176	walk_left	1.918	15.441	1.193	119.0	904.0	74.0	0.69099998474121	0.51899999380112	0.006
station_02	no_shadow	177	walk_left	1.865	15.441	1.193	119.0	904.0	74.0	0.92400002479553	0.47200000286102	0.006
station_02	no_shadow	178	walk_left	2.19	15.441	1.193	119.0	904.0	74.0	1.31099998950958	0.48699998855591	0.007
station_02	no_shadow	179	walk_left	2.542	15.441	1.193	119.0	904.0	74.0	0.9200000166893	0.49599999189377	0.014
station_02	no_shadow	180	walk_left	2.72	15.441	1.193	119.0	904.0	74.0	0.75999999046326	0.60000002384186	0.014
station_02	no_shadow	181	walk_left	1.689	15.441	1.193	119.0	904.0	74.0	0.65200001001358	0.55699998140335	0.007
station_02	no_shadow	182	walk_left	1.489	15.441	1.193	119.0	904.0	74.0	0.6259999871254	0.51099997758865	0.006
station_02	no_shadow	183	walk_left	1.544	15.441	1.193	119.0	904.0	74.0	0.54199999570847	0.51700001955032	0.005
station_02	no_shadow	184	walk_left	1.974	15.441	1.193	119.0	904.0	74.0	0.61699998378754	0.55400002002716	0.008
station_02	no_shadow	185	walk_left	1.528	15.441	1.193	119.0	904.0	74.0	0.81699997186661	0.51599997282028	0.009
station_02	no_shadow	186	walk_left	1.308	15.441	1.193	119.0	904.0	74.0	0.81800001859665	0.46099999547005	0.005
station_02	no_shadow	187	walk_left	7.229	15.441	1.193	119.0	904.0	74.0	0.63899999856949	0.46299999952316	0.019
station_02	no_shadow	188	walk_left	1.661	15.441	1.193	119.0	904.0	74.0	0.52200001478195	0.44299998879433	0.006
station_02	no_shadow	189	walk_left	1.401	15.441	1.193	119.0	904.0	74.0	0.58799999952316	0.46200001239777	0.005
station_02	no_shadow	190	walk_left	1.416	15.441	1.193	119.0	904.0	74.0	0.92400002479553	8.47200012207031	0.006
station_02	no_shadow	191	walk_left	1.545	15.441	1.193	119.0	904.0	74.0	0.51499998569489	0.7049999833107	0.006
station_02	no_shadow	192	walk_left	1.649	15.441	1.193	119.0	904.0	74.0	0.42899999022484	0.60199999809265	0.006
station_02	no_shadow	193	walk_left	1.331	15.441	1.193	119.0	904.0	74.0	1.40900003910065	0.65600001811981	0.008
station_02	no_shadow	194	walk_left	1.96	15.441	1.193	119.0	904.0	74.0	0.39599999785423	1.16700005531311	0.004
station_02	no_shadow	195	walk_left	1.687	15.441	1.193	119.0	904.0	74.0	0.52999997138977	0.47999998927116	0.004
station_02	no_shadow	196	walk_left	2.661	15.441	1.193	119.0	904.0	74.0	0.46700000762939	0.42599999904633	0.026
station_02	no_shadow	197	walk_left	1.731	15.441	1.193	119.0	904.0	74.0	0.4839999973774	0.46999999880791	0.005
station_02	no_shadow	198	walk_left	1.638	15.441	1.193	119.0	904.0	74.0	0.65399998426437	0.58999997377396	0.007
station_02	no_shadow	199	walk_left	1.585	15.441	1.193	119.0	904.0	74.0	0.37700000405312	0.4709999859333	0.007
station_02	no_shadow	200	walk_left	1.652	15.441	1.193	119.0	904.0	74.0	0.38600000739098	1.22200000286102	0.011
station_02	no_shadow	201	walk_left	2.238	15.441	1.193	119.0	904.0	74.0	0.73600000143051	0.67799997329712	0.005
station_02	no_shadow	202	walk_left	1.99	15.441	1.193	119.0	904.0	74.0	0.89399999380112	1.26900005340576	0.006
station_02	no_shadow	203	walk_left	1.498	15.441	1.193	119.0	904.0	74.0	0.83499997854233	0.58999997377396	0.005
station_02	no_shadow	204	walk_left	3.027	15.441	1.193	119.0	904.0	74.0	0.43200001120567	0.81099998950958	0.01
station_02	no_shadow	205	walk_left	1.326	15.441	1.193	119.0	904.0	74.0	0.7379999756813	0.65200001001358	0.007
station_02	no_shadow	206	walk_left	5.495	15.441	1.193	119.0	904.0	74.0	0.50900000333786	0.85600000619888	0.007
station_02	no_shadow	207	walk_left	1.899	15.441	1.193	119.0	904.0	74.0	0.48699998855591	1.07400000095367	0.007
station_02	no_shadow	208	walk_left	1.862	15.441	1.193	119.0	904.0	74.0	1.03100001811981	0.79900002479553	0.004
station_02	no_shadow	209	idle_after_cycle	1.706	15.441	1.193	119.0	904.0	74.0	0.55800002813339	0.63599997758865	0.005
station_02	no_shadow	210	idle_after_cycle	1.52	15.441	1.193	119.0	904.0	74.0	1.27600002288818	0.65399998426437	0.005
station_02	no_shadow	211	idle_after_cycle	2.516	15.441	1.193	119.0	904.0	74.0	0.44900000095367	0.58300000429153	0.01
station_02	no_shadow	212	idle_after_cycle	2.361	15.441	1.193	119.0	904.0	74.0	0.98500001430511	0.64399999380112	0.007
station_02	no_shadow	213	idle_after_cycle	1.693	15.441	1.193	119.0	904.0	74.0	0.86699998378754	1.42499995231628	0.007
station_02	no_shadow	214	idle_after_cycle	1.304	15.441	1.193	119.0	904.0	74.0	0.48600000143051	0.59899997711182	0.005
station_02	no_shadow	215	idle_after_cycle	2.002	15.441	1.193	119.0	904.0	74.0	0.55199998617172	0.82499998807907	0.007
station_02	no_shadow	216	idle_after_cycle	1.312	15.441	1.193	119.0	904.0	74.0	0.75599998235703	1.25	0.003
station_02	no_shadow	217	idle_after_cycle	1.721	15.441	1.193	119.0	904.0	74.0	0.97200000286102	1.89400005340576	0.007
station_02	no_shadow	218	idle_after_cycle	1.1	15.441	1.193	119.0	904.0	74.0	0.47900000214577	0.98299998044968	0.003
station_02	no_shadow	219	idle_after_cycle	2.363	15.441	1.193	119.0	904.0	74.0	0.91100001335144	0.61100000143051	0.006
