scene	mode	step	phase	frame_interval_ms	time_process_ms	time_physics_ms	canvas_items	canvas_primitives	canvas_draw_calls	render_cpu_ms	render_gpu_ms	frame_setup_cpu_ms
station_02	full_world	2	idle	1.494	239.344	0.8	102.0	752.0	72.0	0.43900001049042	0.72200000286102	0.006
station_02	full_world	3	idle	1.819	239.344	0.8	102.0	752.0	72.0	0.4210000038147	0.49399998784065	0.004
station_02	full_world	4	idle	1.464	239.344	0.8	102.0	752.0	72.0	0.42199999094009	0.48500001430511	0.008
station_02	full_world	5	idle	1.811	239.344	0.8	102.0	752.0	72.0	0.43000000715256	0.62900000810623	0.007
station_02	full_world	6	idle	1.229	239.344	0.8	102.0	752.0	72.0	0.42899999022484	0.49799999594688	0.006
station_02	full_world	7	idle	1.094	239.344	0.8	102.0	752.0	72.0	0.51800000667572	0.63400000333786	0.004
station_02	full_world	8	idle	1.093	239.344	0.8	102.0	752.0	72.0	0.47499999403954	0.92299997806549	0.005
station_02	full_world	9	idle	1.094	239.344	0.8	102.0	752.0	72.0	0.43200001120567	0.53600001335144	0.005
station_02	full_world	10	idle	0.972	239.344	0.8	102.0	752.0	72.0	0.55299997329712	1.98800003528595	0.004
station_02	full_world	11	idle	1.764	239.344	0.8	102.0	752.0	72.0	0.98400002717972	0.70099997520447	0.006
station_02	full_world	12	idle	1.09	239.344	0.8	102.0	752.0	72.0	0.58399999141693	0.64399999380112	0.005
station_02	full_world	13	idle	1.021	239.344	0.8	102.0	752.0	72.0	0.49399998784065	0.47299998998642	0.004
station_02	full_world	14	idle	7.993	239.344	0.8	102.0	752.0	72.0	0.46999999880791	0.62999999523163	0.01
station_02	full_world	15	idle	1.602	239.344	0.8	102.0	752.0	72.0	0.46500000357628	0.50300002098083	0.006
station_02	full_world	16	idle	1.206	239.344	0.8	102.0	752.0	72.0	0.42899999022484	0.76800000667572	0.005
station_02	full_world	17	idle	1.198	239.344	0.8	102.0	752.0	72.0	0.55299997329712	8.53400039672852	0.005
station_02	full_world	18	idle	1.136	239.344	0.8	102.0	752.0	72.0	0.42300000786781	0.66100001335144	0.005
station_02	full_world	19	idle	1.202	239.344	0.8	102.0	752.0	72.0	0.4040000140667	0.6129999756813	0.004
station_02	full_world	20	idle	1.598	239.344	0.8	102.0	752.0	72.0	0.73500001430511	0.48600000143051	0.006
station_02	full_world	21	idle	1.16	239.344	0.8	102.0	752.0	72.0	0.65399998426437	0.4709999859333	0.004
station_02	full_world	22	idle	1.48	239.344	0.8	102.0	752.0	72.0	0.47699999809265	0.60399997234344	0.004
station_02	full_world	23	idle	1.193	239.344	0.8	102.0	752.0	72.0	0.46900001168251	0.44100001454353	0.005
station_02	full_world	24	idle	1.381	239.344	0.8	102.0	752.0	72.0	0.42500001192093	0.46900001168251	0.004
station_02	full_world	25	idle	1.324	239.344	0.8	102.0	752.0	72.0	0.4709999859333	0.53500002622604	0.005
station_02	full_world	26	idle	1.298	239.344	0.8	102.0	752.0	72.0	0.46299999952316	0.46900001168251	0.006
station_02	full_world	27	idle	1.504	239.344	0.8	102.0	752.0	72.0	0.43900001049042	0.67799997329712	0.006
station_02	full_world	28	idle	1.339	239.344	0.8	102.0	752.0	72.0	0.8870000243187	0.49700000882149	0.004
station_02	full_world	29	idle	1.502	239.344	0.8	102.0	752.0	72.0	0.42500001192093	0.68099999427795	0.005
station_02	full_world	30	walk_right	2.927	239.344	0.8	102.0	752.0	72.0	0.58600002527237	0.66699999570847	0.006
station_02	full_world	31	walk_right	1.184	239.344	0.8	102.0	752.0	72.0	0.533999979496	0.5	0.005
station_02	full_world	32	walk_right	8.656	239.344	0.8	102.0	752.0	72.0	0.68599998950958	0.55000001192093	0.011
station_02	full_world	33	walk_right	1.68	239.344	0.8	102.0	752.0	72.0	0.63300001621246	0.47900000214577	0.038
station_02	full_world	34	walk_right	1.251	239.344	0.8	102.0	752.0	72.0	0.56999999284744	0.49099999666214	0.005
station_02	full_world	35	walk_right	1.347	239.344	0.8	102.0	752.0	72.0	0.45100000500679	0.48100000619888	0.005
station_02	full_world	36	walk_right	1.129	239.344	0.8	102.0	752.0	72.0	0.53600001335144	0.50700002908707	0.005
station_02	full_world	37	walk_right	1.094	239.344	0.8	102.0	752.0	72.0	0.42399999499321	0.53200000524521	0.004
station_02	full_world	38	walk_right	1.998	239.344	0.8	102.0	752.0	72.0	0.75999999046326	0.50400000810623	0.005
station_02	full_world	39	walk_right	1.123	239.344	0.8	102.0	752.0	72.0	0.58499997854233	0.44499999284744	0.005
station_02	full_world	40	walk_right	1.177	239.344	0.8	102.0	752.0	72.0	0.43200001120567	0.591000020504	0.005
station_02	full_world	41	walk_right	1.039	239.344	0.8	102.0	752.0	72.0	0.52999997138977	0.54100000858307	0.005
station_02	full_world	42	walk_right	1.137	239.344	0.8	102.0	752.0	72.0	0.43000000715256	0.56199997663498	0.009
station_02	full_world	43	walk_right	1.26	239.344	0.8	102.0	752.0	72.0	0.44900000095367	0.51899999380112	0.006
station_02	full_world	44	walk_right	1.303	239.344	0.8	102.0	752.0	72.0	0.57200002670288	0.62900000810623	0.006
station_02	full_world	45	walk_right	1.667	239.344	0.8	102.0	752.0	72.0	0.53299999237061	0.51399999856949	0.005
station_02	full_world	46	walk_right	1.131	239.344	0.8	102.0	752.0	72.0	0.48699998855591	0.73600000143051	0.005
station_02	full_world	47	walk_right	1.919	239.344	0.8	102.0	752.0	72.0	0.44100001454353	0.53100001811981	0.006
station_02	full_world	48	walk_right	1.068	239.344	0.8	102.0	752.0	72.0	0.50499999523163	0.7940000295639	0.004
station_02	full_world	49	walk_right	1.087	239.344	0.8	102.0	752.0	72.0	0.51099997758865	0.80099999904633	0.004
station_02	full_world	50	walk_right	1.341	239.344	0.8	102.0	752.0	72.0	0.54299998283386	1.9099999666214	0.006
station_02	full_world	51	walk_right	1.773	239.344	0.8	102.0	752.0	72.0	0.85900002717972	0.60199999809265	0.008
station_02	full_world	52	walk_right	1.101	239.344	0.8	102.0	752.0	72.0	0.39700001478195	0.50400000810623	0.005
station_02	full_world	53	walk_right	7.368	239.344	0.8	102.0	752.0	72.0	0.59299999475479	0.46700000762939	0.009
station_02	full_world	54	walk_right	1.664	239.344	0.8	102.0	752.0	72.0	0.47600001096725	0.60799998044968	0.007
station_02	full_world	55	walk_right	1.205	239.344	0.8	102.0	752.0	72.0	0.4379999935627	0.59500002861023	0.006
station_02	full_world	56	walk_right	1.79	239.344	0.8	102.0	752.0	72.0	0.62999999523163	9.17800045013428	0.005
station_02	full_world	57	walk_right	2.713	239.344	0.8	102.0	752.0	72.0	0.6710000038147	0.68500000238419	0.005
station_02	full_world	58	walk_right	1.099	239.344	0.8	102.0	752.0	72.0	0.5009999871254	0.61000001430511	0.005
station_02	full_world	59	walk_right	1.281	239.344	0.8	102.0	752.0	72.0	0.88300001621246	0.61699998378754	0.005
station_02	full_world	60	walk_right	1.238	239.344	0.8	102.0	752.0	72.0	0.68900001049042	0.46399998664856	0.004
station_02	full_world	61	walk_right	1.148	239.344	0.8	102.0	752.0	72.0	0.46099999547005	0.47999998927116	0.004
station_02	full_world	62	walk_right	1.311	239.344	0.8	102.0	752.0	72.0	0.50599998235703	0.75199997425079	0.004
station_02	full_world	63	walk_right	1.523	239.344	0.8	102.0	752.0	72.0	0.47900000214577	0.52200001478195	0.007
station_02	full_world	64	walk_right	1.159	239.344	0.8	102.0	752.0	72.0	0.45600000023842	0.58499997854233	0.004
station_02	full_world	65	walk_right	1.99	239.344	0.8	102.0	752.0	72.0	0.62199997901917	0.64999997615814	0.006
station_02	full_world	66	walk_right	1.321	239.344	0.8	102.0	752.0	72.0	0.45199999213219	0.80900001525879	0.005
station_02	full_world	67	walk_right	1.101	239.344	0.8	102.0	752.0	72.0	0.51599997282028	0.61900001764297	0.005
station_02	full_world	68	walk_right	2.383	239.344	0.8	102.0	752.0	72.0	0.64999997615814	1.66299998760223	0.004
station_02	full_world	69	walk_right	1.383	239.344	0.8	102.0	752.0	72.0	0.75599998235703	0.5450000166893	0.008
station_02	full_world	70	walk_right	1.083	239.344	0.8	102.0	752.0	72.0	0.47999998927116	0.66399997472763	0.005
station_02	full_world	71	walk_right	6.907	239.344	0.8	102.0	752.0	72.0	0.53500002622604	0.5009999871254	0.008
station_02	full_world	72	jump_launch	1.453	239.344	0.8	102.0	752.0	72.0	0.49500000476837	1.22099995613098	0.005
station_02	full_world	73	jump_launch	1.242	239.344	0.8	102.0	752.0	72.0	0.38600000739098	0.50700002908707	0.005
station_02	full_world	74	jump_launch	1.955	239.344	0.8	102.0	752.0	72.0	1.01600003242493	0.67400002479553	0.005
station_02	full_world	75	airborne_and_land	1.443	239.344	0.8	102.0	752.0	72.0	0.54100000858307	0.48500001430511	0.005
station_02	full_world	76	airborne_and_land	1.719	239.344	0.8	102.0	752.0	72.0	0.42500001192093	0.49099999666214	0.005
station_02	full_world	77	airborne_and_land	1.488	239.344	0.8	102.0	752.0	72.0	0.67799997329712	0.44800001382828	0.005
station_02	full_world	78	airborne_and_land	1.408	239.344	0.8	102.0	752.0	72.0	0.61799997091293	0.4370000064373	0.005
station_02	full_world	79	airborne_and_land	1.372	239.344	0.8	102.0	752.0	72.0	0.46900001168251	0.56900000572205	0.005
station_02	full_world	80	airborne_and_land	1.416	239.344	0.8	102.0	752.0	72.0	0.50499999523163	0.72299998998642	0.005
station_02	full_world	81	airborne_and_land	1.745	239.344	0.8	102.0	752.0	72.0	0.47900000214577	0.59899997711182	0.005
station_02	full_world	82	airborne_and_land	2.59	239.344	0.8	102.0	752.0	72.0	0.68400001525879	0.63400000333786	0.007
station_02	full_world	83	airborne_and_land	4.013	239.344	0.8	102.0	752.0	72.0	0.49599999189377	0.66500002145767	0.008
station_02	full_world	84	airborne_and_land	1.406	239.344	0.8	102.0	752.0	72.0	0.57400000095367	0.52999997138977	0.005
station_02	full_world	85	airborne_and_land	2.447	239.344	0.8	102.0	752.0	72.0	0.49000000953674	0.53100001811981	0.009
station_02	full_world	86	airborne_and_land	1.817	239.344	0.8	102.0	752.0	72.0	0.48500001430511	1.0809999704361	0.008
station_02	full_world	87	airborne_and_land	7.832	239.344	0.8	102.0	752.0	72.0	0.59799998998642	1.91700005531311	0.011
station_02	full_world	88	airborne_and_land	3.032	239.344	0.8	102.0	752.0	72.0	0.67299997806549	0.50300002098083	0.008
station_02	full_world	89	airborne_and_land	1.777	239.344	0.8	102.0	752.0	72.0	0.60100001096725	0.4709999859333	0.008
station_02	full_world	90	airborne_and_land	1.636	239.344	0.8	102.0	752.0	72.0	0.55800002813339	0.63599997758865	0.006
station_02	full_world	91	airborne_and_land	2.21	239.344	0.8	102.0	752.0	72.0	1.11899995803833	0.62699997425079	0.005
station_02	full_world	92	airborne_and_land	1.367	239.344	0.8	102.0	752.0	72.0	0.68900001049042	0.5809999704361	0.005
station_02	full_world	93	airborne_and_land	1.444	239.344	0.8	102.0	752.0	72.0	0.85100001096725	0.65100002288818	0.006
station_02	full_world	94	airborne_and_land	1.901	239.344	0.8	102.0	752.0	72.0	1.03900003433228	0.99099999666214	0.006
station_02	full_world	95	airborne_and_land	2.232	239.344	0.8	102.0	752.0	72.0	0.56400001049042	0.4990000128746	0.006
station_02	full_world	96	airborne_and_land	1.564	239.344	0.8	102.0	752.0	72.0	0.533999979496	0.51599997282028	0.006
station_02	full_world	97	airborne_and_land	1.431	239.344	0.8	102.0	752.0	72.0	0.55599999427795	0.47900000214577	0.005
station_02	full_world	98	airborne_and_land	1.403	239.344	0.8	102.0	752.0	72.0	0.49200001358986	0.47299998998642	0.005
station_02	full_world	99	airborne_and_land	1.305	239.344	0.8	102.0	752.0	72.0	0.51800000667572	0.69099998474121	0.005
station_02	full_world	100	airborne_and_land	2.502	239.344	0.8	102.0	752.0	72.0	0.59899997711182	0.90200001001358	0.005
station_02	full_world	101	airborne_and_land	1.406	239.344	0.8	102.0	752.0	72.0	0.93300002813339	0.55500000715256	0.006
station_02	full_world	102	airborne_and_land	1.59	239.344	0.8	102.0	752.0	72.0	0.54799997806549	0.47400000691414	0.006
station_02	full_world	103	airborne_and_land	1.437	239.344	0.8	102.0	752.0	72.0	0.49799999594688	0.52200001478195	0.005
station_02	full_world	104	airborne_and_land	1.625	239.344	0.8	102.0	752.0	72.0	0.49200001358986	0.48800000548363	0.006
station_02	full_world	105	airborne_and_land	8.48	239.344	0.8	102.0	752.0	72.0	0.47799998521805	0.69700002670288	0.009
station_02	full_world	106	airborne_and_land	1.694	239.344	0.8	102.0	752.0	72.0	0.66299998760223	0.483000010252	0.006
station_02	full_world	107	airborne_and_land	1.592	239.344	0.8	102.0	752.0	72.0	0.50900000333786	0.4539999961853	0.005
station_02	full_world	108	airborne_and_land	2.132	239.344	0.8	102.0	752.0	72.0	0.70700001716614	10.5469999313354	0.006
station_02	full_world	109	airborne_and_land	1.69	239.344	0.8	102.0	752.0	72.0	0.52600002288818	0.61699998378754	0.005
station_02	full_world	110	airborne_and_land	2.046	239.344	0.8	102.0	752.0	72.0	0.48600000143051	0.58899998664856	0.007
station_02	full_world	111	airborne_and_land	1.605	239.344	0.8	102.0	752.0	72.0	0.69800001382828	0.50400000810623	0.006
station_02	full_world	112	airborne_and_land	1.493	239.344	0.8	102.0	752.0	72.0	0.61799997091293	0.55299997329712	0.005
station_02	full_world	113	airborne_and_land	1.591	239.344	0.8	102.0	752.0	72.0	0.58799999952316	0.51099997758865	0.006
station_02	full_world	114	airborne_and_land	1.438	239.344	0.8	102.0	752.0	72.0	0.54199999570847	0.47400000691414	0.005
station_02	full_world	115	airborne_and_land	1.687	239.344	0.8	102.0	752.0	72.0	0.62900000810623	0.49300000071526	0.005
station_02	full_world	116	airborne_and_land	2.584	239.344	0.8	102.0	752.0	72.0	0.91000002622604	0.51599997282028	0.008
station_02	full_world	117	airborne_and_land	1.354	239.344	0.8	102.0	752.0	72.0	0.57300001382828	0.55099999904633	0.006
station_02	full_world	118	airborne_and_land	6.352	239.344	0.8	102.0	752.0	72.0	0.50700002908707	0.47400000691414	0.012
station_02	full_world	119	airborne_and_land	1.802	239.344	0.8	102.0	752.0	72.0	0.5460000038147	0.56000000238419	0.006
station_02	full_world	120	airborne_and_land	1.412	239.344	0.8	102.0	752.0	72.0	0.45600000023842	0.47600001096725	0.005
station_02	full_world	121	airborne_and_land	1.43	239.344	0.8	102.0	752.0	72.0	0.5789999961853	0.55900001525879	0.006
station_02	full_world	122	airborne_and_land	1.514	239.344	0.8	102.0	752.0	72.0	0.59299999475479	0.60500001907349	0.004
station_02	full_world	123	airborne_and_land	1.619	239.344	0.8	102.0	752.0	72.0	0.50800001621246	0.5	0.006
station_02	full_world	124	airborne_and_land	2.327	239.344	0.8	102.0	752.0	72.0	0.72899997234344	0.46299999952316	0.005
station_02	full_world	125	airborne_and_land	1.389	239.344	0.8	102.0	752.0	72.0	0.57599997520447	0.43599998950958	0.005
station_02	full_world	126	airborne_and_land	1.421	239.344	0.8	102.0	752.0	72.0	0.5009999871254	0.50999999046326	0.005
station_02	full_world	127	airborne_and_land	1.97	239.344	0.8	102.0	752.0	72.0	0.48899999260902	0.46700000762939	0.005
station_02	full_world	128	airborne_and_land	1.978	239.344	0.8	102.0	752.0	72.0	0.51399999856949	0.51599997282028	0.006
station_02	full_world	129	airborne_and_land	1.46	239.344	0.8	102.0	752.0	72.0	0.61599999666214	0.46000000834465	0.005
station_02	full_world	130	airborne_and_land	2.796	239.344	0.8	102.0	752.0	72.0	0.55299997329712	0.51700001955032	0.006
station_02	full_world	131	airborne_and_land	1.329	239.344	0.8	102.0	752.0	72.0	0.54699999094009	0.47699999809265	0.005
station_02	full_world	132	airborne_and_land	1.42	239.344	0.8	102.0	752.0	72.0	0.48899999260902	0.53799998760223	0.005
station_02	full_world	133	airborne_and_land	2.83	239.344	0.8	102.0	752.0	72.0	0.61400002241135	0.69099998474121	0.008
station_02	full_world	134	airborne_and_land	1.327	239.344	0.8	102.0	752.0	72.0	0.70800000429153	0.48600000143051	0.005
station_02	full_world	135	airborne_and_land	6.545	239.344	0.8	102.0	752.0	72.0	0.52200001478195	0.46099999547005	0.008
station_02	full_world	136	airborne_and_land	2.137	239.344	0.8	102.0	752.0	72.0	0.49599999189377	0.4539999961853	0.006
station_02	full_world	137	airborne_and_land	1.541	239.344	0.8	102.0	752.0	72.0	0.52100002765656	0.46200001239777	0.006
station_02	full_world	138	airborne_and_land	1.467	239.344	0.8	102.0	752.0	72.0	0.50700002908707	0.5789999961853	0.005
station_02	full_world	139	airborne_and_land	1.536	239.344	0.8	102.0	752.0	72.0	0.76999998092651	0.5	0.04
station_02	full_world	140	airborne_and_land	1.573	239.344	0.8	102.0	752.0	72.0	0.44499999284744	0.55900001525879	0.005
station_02	full_world	141	airborne_and_land	2.168	239.344	0.8	102.0	752.0	72.0	0.72299998998642	0.5450000166893	0.005
station_02	full_world	142	airborne_and_land	1.732	239.344	0.8	102.0	752.0	72.0	0.80500000715256	0.5450000166893	0.006
station_02	full_world	143	airborne_and_land	2.295	239.344	0.8	102.0	752.0	72.0	0.52300000190735	0.50999999046326	0.024
station_02	full_world	144	recovery	1.55	239.344	0.8	102.0	752.0	72.0	0.48500001430511	0.43900001049042	0.006
station_02	full_world	145	recovery	1.42	239.344	0.8	102.0	752.0	72.0	0.49599999189377	0.5440000295639	0.005
station_02	full_world	146	recovery	1.48	239.344	0.8	102.0	752.0	72.0	0.56699997186661	0.45699998736382	0.005
station_02	full_world	147	recovery	1.467	239.344	0.8	102.0	752.0	72.0	0.54799997806549	0.50800001621246	0.005
station_02	full_world	148	recovery	2.377	239.344	0.8	102.0	752.0	72.0	0.72299998998642	0.73400002717972	0.008
station_02	full_world	149	recovery	2.774	239.344	0.8	120.0	896.0	75.0	0.94900000095367	0.5	0.008
station_02	full_world	150	recovery	1.454	239.344	0.8	120.0	896.0	75.0	0.5120000243187	0.48699998855591	0.005
station_02	full_world	151	recovery	6.535	239.344	0.8	120.0	896.0	75.0	0.4839999973774	0.45899999141693	0.009
station_02	full_world	152	recovery	1.993	239.344	0.8	120.0	896.0	75.0	0.46200001239777	0.45699998736382	0.007
station_02	full_world	153	recovery	3.765	239.344	0.8	120.0	896.0	75.0	0.46799999475479	0.46299999952316	0.01
station_02	full_world	154	recovery	1.726	239.344	0.8	120.0	896.0	75.0	0.92699998617172	0.69300001859665	0.008
station_02	full_world	155	recovery	1.652	239.344	0.8	120.0	896.0	75.0	0.73600000143051	0.52600002288818	0.006
station_02	full_world	156	recovery	1.656	239.344	0.8	120.0	896.0	75.0	0.48800000548363	0.70999997854233	0.007
station_02	full_world	157	recovery	2.135	239.344	0.8	120.0	896.0	75.0	0.86500000953674	0.49599999189377	0.006
station_02	full_world	158	recovery	2.12	239.344	0.8	120.0	896.0	75.0	0.64899998903275	0.69700002670288	0.007
station_02	full_world	159	recovery	1.562	239.344	0.8	120.0	896.0	75.0	0.7049999833107	0.55099999904633	0.005
station_02	full_world	160	recovery	1.654	239.344	0.8	120.0	896.0	75.0	0.57099997997284	0.60500001907349	0.005
station_02	full_world	161	recovery	1.52	239.344	0.8	120.0	896.0	75.0	0.50199997425079	0.49500000476837	0.005
station_02	full_world	162	recovery	2.005	239.344	0.8	120.0	896.0	75.0	0.51399999856949	0.92599999904633	0.005
station_02	full_world	163	recovery	1.744	239.344	0.8	120.0	896.0	75.0	0.55400002002716	1.63900005817413	0.006
station_02	full_world	164	recovery	1.549	239.344	0.8	120.0	896.0	75.0	0.71100002527237	0.92299997806549	0.005
station_02	full_world	165	recovery	7.462	239.344	0.8	120.0	896.0	75.0	0.58899998664856	0.47799998521805	0.009
station_02	full_world	166	recovery	1.737	239.344	0.8	120.0	896.0	75.0	0.55400002002716	0.56400001049042	0.006
station_02	full_world	167	recovery	1.513	239.344	0.8	120.0	896.0	75.0	0.51099997758865	0.57099997997284	0.005
station_02	full_world	168	recovery	1.486	239.344	0.8	120.0	896.0	75.0	0.60000002384186	0.65399998426437	0.005
station_02	full_world	169	recovery	1.557	239.344	0.8	120.0	896.0	75.0	0.5809999704361	0.60199999809265	0.006
station_02	full_world	170	recovery	1.518	239.344	0.8	120.0	896.0	75.0	0.65100002288818	0.58999997377396	0.005
station_02	full_world	171	recovery	1.746	239.344	0.8	120.0	896.0	75.0	0.71899998188019	0.63999998569489	0.011
station_02	full_world	172	walk_left	1.445	239.344	0.8	120.0	896.0	75.0	0.63099998235703	0.55699998140335	0.005
station_02	full_world	173	walk_left	2.286	239.344	0.8	120.0	896.0	75.0	0.50599998235703	0.6129999756813	0.006
station_02	full_world	174	walk_left	2.268	239.344	0.8	120.0	896.0	75.0	0.52700001001358	0.51999998092651	0.022
station_02	full_world	175	walk_left	1.59	239.344	0.8	120.0	896.0	75.0	0.51899999380112	0.76300001144409	0.005
station_02	full_world	176	walk_left	2.813	239.344	0.8	120.0	896.0	75.0	0.48500001430511	0.63099998235703	0.005
station_02	full_world	177	walk_left	1.368	239.344	0.8	120.0	896.0	75.0	0.68999999761581	0.62699997425079	0.005
station_02	full_world	178	walk_left	1.31	239.344	0.8	120.0	896.0	75.0	0.49599999189377	0.6129999756813	0.004
station_02	full_world	179	walk_left	1.38	239.344	0.8	120.0	896.0	75.0	0.5789999961853	2.15100002288818	0.005
station_02	full_world	180	walk_left	2.224	239.344	0.8	120.0	896.0	75.0	1.02300000190735	0.52700001001358	0.006
station_02	full_world	181	walk_left	3.223	239.344	0.8	120.0	896.0	75.0	0.53500002622604	0.47699999809265	0.009
station_02	full_world	182	walk_left	2.818	239.344	0.8	120.0	896.0	75.0	0.50499999523163	0.46099999547005	0.007
station_02	full_world	183	walk_left	15.424	239.344	0.8	120.0	896.0	75.0	0.5120000243187	0.60100001096725	0.016
station_02	full_world	184	walk_left	3.321	239.344	0.8	120.0	896.0	75.0	0.47900000214577	0.45800000429153	0.01
station_02	full_world	185	walk_left	1.524	239.344	0.8	120.0	896.0	75.0	0.49799999594688	0.45600000023842	0.006
station_02	full_world	186	walk_left	1.373	239.344	0.8	120.0	896.0	75.0	0.81699997186661	1.50100004673004	0.005
station_02	full_world	187	walk_left	1.452	239.344	0.8	120.0	896.0	75.0	0.87099999189377	0.82800000905991	0.005
station_02	full_world	188	walk_left	2.564	239.344	0.8	120.0	896.0	75.0	1.16999995708466	0.92500001192093	0.007
station_02	full_world	189	walk_left	1.564	239.344	0.8	120.0	896.0	75.0	1.26600003242493	1.80900001525879	0.006
station_02	full_world	190	walk_left	9.387	239.344	0.8	120.0	896.0	75.0	0.78600001335144	0.47200000286102	0.011
station_02	full_world	191	walk_left	2.053	239.344	0.8	120.0	896.0	75.0	0.52399998903275	0.47200000286102	0.006
station_02	full_world	192	walk_left	2.347	239.344	0.8	121.0	932.0	76.0	0.52200001478195	0.46299999952316	0.008
station_02	full_world	193	walk_left	1.55	239.344	0.8	121.0	932.0	76.0	0.53899997472763	0.77799999713898	0.006
station_02	full_world	194	walk_left	1.555	239.344	0.8	121.0	932.0	76.0	0.59399998188019	0.69199997186661	0.008
station_02	full_world	195	walk_left	1.463	239.344	0.8	121.0	932.0	76.0	0.45199999213219	0.63999998569489	0.006
station_02	full_world	196	walk_left	1.587	239.344	0.8	121.0	932.0	76.0	0.99299997091293	0.61599999666214	0.005
station_02	full_world	197	walk_left	1.949	239.344	0.8	121.0	932.0	76.0	0.81900000572205	0.66200000047684	0.006
station_02	full_world	198	walk_left	2.177	239.344	0.8	121.0	932.0	76.0	0.68900001049042	0.57099997997284	0.007
station_02	full_world	199	walk_left	1.401	239.344	0.8	121.0	932.0	76.0	0.58999997377396	0.67699998617172	0.005
station_02	full_world	200	walk_left	2.507	239.344	0.8	121.0	932.0	76.0	0.56000000238419	0.5799999833107	0.006
station_02	full_world	201	walk_left	2.187	239.344	0.8	121.0	932.0	76.0	0.54000002145767	0.48699998855591	0.011
station_02	full_world	202	walk_left	1.835	239.344	0.8	121.0	932.0	76.0	0.70099997520447	1.875	0.009
station_02	full_world	203	walk_left	1.369	239.344	0.8	121.0	932.0	76.0	0.87300002574921	0.54000002145767	0.006
station_02	full_world	204	walk_left	7.125	239.344	0.8	121.0	932.0	76.0	0.58799999952316	0.46799999475479	0.011
station_02	full_world	205	walk_left	2.779	239.344	0.8	121.0	932.0	76.0	0.53799998760223	0.65600001811981	0.008
station_02	full_world	206	walk_left	2.928	239.344	0.8	121.0	932.0	76.0	0.73000001907349	0.99800002574921	0.006
station_02	full_world	207	walk_left	1.662	239.344	0.8	121.0	932.0	76.0	0.88200002908707	9.16600036621094	0.007
station_02	full_world	208	walk_left	1.465	239.344	0.8	121.0	932.0	76.0	0.60900002717972	0.60699999332428	0.006
station_02	full_world	209	idle_after_cycle	1.438	239.344	0.8	121.0	932.0	76.0	0.43399998545647	0.62999999523163	0.005
station_02	full_world	210	idle_after_cycle	1.386	239.344	0.8	121.0	932.0	76.0	0.97500002384186	0.55099999904633	0.006
station_02	full_world	211	idle_after_cycle	1.669	239.344	0.8	121.0	932.0	76.0	0.72299998998642	0.49700000882149	0.007
station_02	full_world	212	idle_after_cycle	2.253	239.344	0.8	121.0	932.0	76.0	0.50900000333786	0.72299998998642	0.009
station_02	full_world	213	idle_after_cycle	2.38	239.344	0.8	121.0	932.0	76.0	0.69800001382828	0.53500002622604	0.008
station_02	full_world	214	idle_after_cycle	1.62	239.344	0.8	121.0	932.0	76.0	0.52300000190735	0.97899997234344	0.006
station_02	full_world	215	idle_after_cycle	1.406	239.344	0.8	121.0	932.0	76.0	0.56099998950958	0.51499998569489	0.006
station_02	full_world	216	idle_after_cycle	1.53	239.344	0.8	121.0	932.0	76.0	0.50999999046326	0.66699999570847	0.005
station_02	full_world	217	idle_after_cycle	1.493	239.344	0.8	121.0	932.0	76.0	0.61000001430511	1.60300004482269	0.006
station_02	full_world	218	idle_after_cycle	1.718	239.344	0.8	121.0	932.0	76.0	0.6700000166893	0.63800001144409	0.005
station_02	full_world	219	idle_after_cycle	1.558	239.344	0.8	121.0	932.0	76.0	0.5809999704361	0.53600001335144	0.007
station_02	no_dust	2	idle	2.745	239.344	0.8	102.0	752.0	72.0	0.5	0.47299998998642	0.007
station_02	no_dust	3	idle	1.705	239.344	0.8	102.0	752.0	72.0	0.49200001358986	0.58700001239777	0.007
station_02	no_dust	4	idle	1.453	239.344	0.8	102.0	752.0	72.0	0.46999999880791	0.47299998998642	0.006
station_02	no_dust	5	idle	1.81	239.344	0.8	102.0	752.0	72.0	0.65299999713898	0.47299998998642	0.006
station_02	no_dust	6	idle	1.331	239.344	0.8	102.0	752.0	72.0	0.53899997472763	0.55400002002716	0.006
station_02	no_dust	7	idle	8.054	239.344	0.8	102.0	752.0	72.0	0.60699999332428	0.5789999961853	0.007
station_02	no_dust	8	idle	2.136	239.344	0.8	102.0	752.0	72.0	0.92500001192093	0.55199998617172	0.007
station_02	no_dust	9	idle	2.012	239.344	0.8	102.0	752.0	72.0	0.59700000286102	0.49500000476837	0.006
station_02	no_dust	10	idle	1.49	239.344	0.8	102.0	752.0	72.0	0.48199999332428	0.49500000476837	0.005
station_02	no_dust	11	idle	1.415	239.344	0.8	102.0	752.0	72.0	0.65700000524521	0.71799999475479	0.006
station_02	no_dust	12	idle	1.369	239.344	0.8	102.0	752.0	72.0	0.41999998688698	0.56099998950958	0.006
station_02	no_dust	13	idle	1.444	239.344	0.8	102.0	752.0	72.0	0.73199999332428	0.52200001478195	0.005
station_02	no_dust	14	idle	1.389	239.344	0.8	102.0	752.0	72.0	0.69499999284744	0.43999999761581	0.005
station_02	no_dust	15	idle	1.311	239.344	0.8	102.0	752.0	72.0	0.54299998283386	0.76700001955032	0.005
station_02	no_dust	16	idle	1.953	239.344	0.8	102.0	752.0	72.0	0.60199999809265	0.61000001430511	0.005
station_02	no_dust	17	idle	1.58	239.344	0.8	102.0	752.0	72.0	0.53100001811981	0.66299998760223	0.005
station_02	no_dust	18	idle	2.368	239.344	0.8	102.0	752.0	72.0	0.5	0.49200001358986	0.022
station_02	no_dust	19	idle	1.419	239.344	0.8	102.0	752.0	72.0	0.59799998998642	0.48500001430511	0.005
station_02	no_dust	20	idle	1.278	239.344	0.8	102.0	752.0	72.0	0.51499998569489	0.66299998760223	0.005
station_02	no_dust	21	idle	1.548	239.344	0.8	102.0	752.0	72.0	0.49500000476837	0.75499999523163	0.006
station_02	no_dust	22	idle	1.303	239.344	0.8	102.0	752.0	72.0	0.63800001144409	1.1710000038147	0.005
station_02	no_dust	23	idle	7.642	239.344	0.8	102.0	752.0	72.0	0.7059999704361	0.7039999961853	0.006
station_02	no_dust	24	idle	2.845	239.344	0.8	102.0	752.0	72.0	1.02799999713898	0.57800000905991	0.007
station_02	no_dust	25	idle	1.593	239.344	0.8	102.0	752.0	72.0	0.50900000333786	0.49799999594688	0.007
station_02	no_dust	26	idle	1.401	239.344	0.8	102.0	752.0	72.0	0.45899999141693	0.59799998998642	0.005
station_02	no_dust	27	idle	1.275	239.344	0.8	102.0	752.0	72.0	0.62699997425079	0.49700000882149	0.004
station_02	no_dust	28	idle	1.216	239.344	0.8	102.0	752.0	72.0	0.40000000596046	0.73600000143051	0.005
station_02	no_dust	29	idle	1.306	239.344	0.8	102.0	752.0	72.0	0.57200002670288	0.65499997138977	0.004
station_02	no_dust	30	walk_right	1.425	239.344	0.8	102.0	752.0	72.0	0.93699997663498	0.72200000286102	0.004
station_02	no_dust	31	walk_right	1.958	239.344	0.8	102.0	752.0	72.0	0.66100001335144	0.47900000214577	0.005
station_02	no_dust	32	walk_right	1.762	239.344	0.8	102.0	752.0	72.0	0.47900000214577	0.83700001239777	0.027
station_02	no_dust	33	walk_right	1.482	239.344	0.8	102.0	752.0	72.0	0.50499999523163	0.48899999260902	0.005
station_02	no_dust	34	walk_right	1.913	239.344	0.8	102.0	752.0	72.0	0.43900001049042	0.47400000691414	0.007
station_02	no_dust	35	walk_right	1.572	239.344	0.8	102.0	752.0	72.0	0.47600001096725	0.47699999809265	0.006
station_02	no_dust	36	walk_right	1.754	239.344	0.8	102.0	752.0	72.0	0.49000000953674	0.59200000762939	0.005
station_02	no_dust	37	walk_right	1.416	239.344	0.8	102.0	752.0	72.0	0.53500002622604	0.76099997758865	0.005
station_02	no_dust	38	walk_right	1.547	239.344	0.8	102.0	752.0	72.0	0.55000001192093	0.72100001573563	0.006
station_02	no_dust	39	walk_right	3.334	239.344	0.8	102.0	752.0	72.0	0.49500000476837	0.59500002861023	0.011
station_02	no_dust	40	walk_right	1.346	239.344	0.8	102.0	752.0	72.0	0.6240000128746	0.92199999094009	0.007
station_02	no_dust	41	walk_right	8.79	239.344	0.8	102.0	752.0	72.0	0.57200002670288	1.14499998092651	0.011
station_02	no_dust	42	walk_right	1.788	239.344	0.8	102.0	752.0	72.0	0.62000000476837	0.43099999427795	0.007
station_02	no_dust	43	walk_right	1.435	239.344	0.8	102.0	752.0	72.0	0.49700000882149	0.76899999380112	0.005
station_02	no_dust	44	walk_right	1.63	239.344	0.8	102.0	752.0	72.0	0.50599998235703	0.79900002479553	0.004
station_02	no_dust	45	walk_right	1.405	239.344	0.8	102.0	752.0	72.0	0.77999997138977	0.48100000619888	0.006
station_02	no_dust	46	walk_right	1.927	239.344	0.8	102.0	752.0	72.0	0.46299999952316	0.483000010252	0.006
station_02	no_dust	47	walk_right	1.108	239.344	0.8	102.0	752.0	72.0	0.85399997234344	0.5120000243187	0.005
station_02	no_dust	48	walk_right	1.122	239.344	0.8	102.0	752.0	72.0	0.63599997758865	0.46200001239777	0.005
station_02	no_dust	49	walk_right	1.087	239.344	0.8	102.0	752.0	72.0	0.48899999260902	0.65700000524521	0.004
station_02	no_dust	50	walk_right	1.225	239.344	0.8	102.0	752.0	72.0	0.55400002002716	0.71799999475479	0.005
station_02	no_dust	51	walk_right	1.131	239.344	0.8	102.0	752.0	72.0	0.69900000095367	0.50199997425079	0.005
station_02	no_dust	52	walk_right	1.494	239.344	0.8	102.0	752.0	72.0	0.56000000238419	0.68099999427795	0.011
station_02	no_dust	53	walk_right	1.528	239.344	0.8	102.0	752.0	72.0	0.52100002765656	0.5009999871254	0.007
station_02	no_dust	54	walk_right	1.884	239.344	0.8	102.0	752.0	72.0	0.53299999237061	0.658999979496	0.006
station_02	no_dust	55	walk_right	1.201	239.344	0.8	102.0	752.0	72.0	0.47499999403954	0.52300000190735	0.006
station_02	no_dust	56	walk_right	1.043	239.344	0.8	102.0	752.0	72.0	0.58200001716614	0.7059999704361	0.005
station_02	no_dust	57	walk_right	1.02	239.344	0.8	102.0	752.0	72.0	0.52200001478195	2.21199989318848	0.004
station_02	no_dust	58	walk_right	0.978	239.344	0.8	102.0	752.0	72.0	0.58300000429153	0.54000002145767	0.005
station_02	no_dust	59	walk_right	0.957	239.344	0.8	102.0	752.0	72.0	0.58999997377396	0.59799998998642	0.004
station_02	no_dust	60	walk_right	1.014	239.344	0.8	102.0	752.0	72.0	0.53100001811981	0.72200000286102	0.004
station_02	no_dust	61	walk_right	1.15	239.344	0.8	102.0	752.0	72.0	0.46700000762939	0.65200001001358	0.005
station_02	no_dust	62	walk_right	1.036	239.344	0.8	102.0	752.0	72.0	0.42699998617172	0.4839999973774	0.005
station_02	no_dust	63	walk_right	1.458	239.344	0.8	102.0	752.0	72.0	0.47400000691414	0.78200000524521	0.004
station_02	no_dust	64	walk_right	1.506	15.361	1.108	102.0	752.0	72.0	0.43599998950958	0.47600001096725	0.006
station_02	no_dust	65	walk_right	1.244	15.361	1.108	102.0	752.0	72.0	0.41899999976158	0.91600000858307	0.007
station_02	no_dust	66	walk_right	8.895	15.361	1.108	102.0	752.0	72.0	0.44800001382828	0.60299998521805	0.006
station_02	no_dust	67	walk_right	1.1	15.361	1.108	102.0	752.0	72.0	0.50900000333786	0.72200000286102	0.005
station_02	no_dust	68	walk_right	1.211	15.361	1.108	102.0	752.0	72.0	0.43200001120567	0.66399997472763	0.005
station_02	no_dust	69	walk_right	1.006	15.361	1.108	102.0	752.0	72.0	0.67599999904633	0.7059999704361	0.005
station_02	no_dust	70	walk_right	1.069	15.361	1.108	102.0	752.0	72.0	0.71799999475479	0.53200000524521	0.005
station_02	no_dust	71	walk_right	1.118	15.361	1.108	102.0	752.0	72.0	0.45800000429153	0.50400000810623	0.004
station_02	no_dust	72	jump_launch	1.621	15.361	1.108	102.0	752.0	72.0	0.5809999704361	0.48199999332428	0.005
station_02	no_dust	73	jump_launch	1.696	15.361	1.108	102.0	752.0	72.0	0.4990000128746	0.6370000243187	0.007
station_02	no_dust	74	jump_launch	1.108	15.361	1.108	102.0	752.0	72.0	0.55699998140335	0.46299999952316	0.005
station_02	no_dust	75	airborne_and_land	1.469	15.361	1.108	102.0	752.0	72.0	0.43299999833107	0.46599999070168	0.005
station_02	no_dust	76	airborne_and_land	1.29	15.361	1.108	102.0	752.0	72.0	0.44900000095367	0.53700000047684	0.005
station_02	no_dust	77	airborne_and_land	1.164	15.361	1.108	102.0	752.0	72.0	0.52600002288818	1.14600002765656	0.005
station_02	no_dust	78	airborne_and_land	1.903	15.361	1.108	102.0	752.0	72.0	0.63200002908707	1.76600003242493	0.007
station_02	no_dust	79	airborne_and_land	1.449	15.361	1.108	102.0	752.0	72.0	0.54799997806549	0.60399997234344	0.006
station_02	no_dust	80	airborne_and_land	1.424	15.361	1.108	102.0	752.0	72.0	0.44999998807907	0.47499999403954	0.005
station_02	no_dust	81	airborne_and_land	1.435	15.361	1.108	102.0	752.0	72.0	0.49399998784065	0.57700002193451	0.005
station_02	no_dust	82	airborne_and_land	1.811	15.361	1.108	102.0	752.0	72.0	0.53200000524521	0.78700000047684	0.005
station_02	no_dust	83	airborne_and_land	2.017	15.361	1.108	102.0	752.0	72.0	0.56300002336502	0.44100001454353	0.008
station_02	no_dust	84	airborne_and_land	1.51	15.361	1.108	102.0	752.0	72.0	0.53299999237061	0.51599997282028	0.006
station_02	no_dust	85	airborne_and_land	7.166	15.361	1.108	102.0	752.0	72.0	0.48899999260902	0.61699998378754	0.006
station_02	no_dust	86	airborne_and_land	1.88	15.361	1.108	102.0	752.0	72.0	0.45300000905991	0.47699999809265	0.006
station_02	no_dust	87	airborne_and_land	1.669	15.361	1.108	102.0	752.0	72.0	0.50499999523163	0.76599997282028	0.006
station_02	no_dust	88	airborne_and_land	1.498	15.361	1.108	102.0	752.0	72.0	0.58799999952316	0.63999998569489	0.004
station_02	no_dust	89	airborne_and_land	2.348	15.361	1.108	102.0	752.0	72.0	0.64600002765656	0.54699999094009	0.007
station_02	no_dust	90	airborne_and_land	2.548	15.361	1.108	102.0	752.0	72.0	0.52999997138977	0.5009999871254	0.054
station_02	no_dust	91	airborne_and_land	2.101	15.361	1.108	102.0	752.0	72.0	0.64800000190735	0.47799998521805	0.008
station_02	no_dust	92	airborne_and_land	1.787	15.361	1.108	102.0	752.0	72.0	0.66200000047684	0.4379999935627	0.007
station_02	no_dust	93	airborne_and_land	2.113	15.361	1.108	102.0	752.0	72.0	0.7379999756813	0.47499999403954	0.007
station_02	no_dust	94	airborne_and_land	1.346	15.361	1.108	102.0	752.0	72.0	0.51099997758865	0.60699999332428	0.005
station_02	no_dust	95	airborne_and_land	7.417	15.361	1.108	102.0	752.0	72.0	0.63099998235703	1.80799996852875	0.006
station_02	no_dust	96	airborne_and_land	2.425	15.361	1.108	102.0	752.0	72.0	0.77300000190735	0.56999999284744	0.006
station_02	no_dust	97	airborne_and_land	2.799	15.361	1.108	102.0	752.0	72.0	0.78100001811981	0.5	0.006
station_02	no_dust	98	airborne_and_land	1.351	15.361	1.108	102.0	752.0	72.0	0.56400001049042	0.50999999046326	0.005
station_02	no_dust	99	airborne_and_land	1.519	15.361	1.108	102.0	752.0	72.0	0.60699999332428	0.59200000762939	0.004
station_02	no_dust	100	airborne_and_land	1.376	15.361	1.108	102.0	752.0	72.0	0.42899999022484	0.61199998855591	0.005
station_02	no_dust	101	airborne_and_land	1.301	15.361	1.108	102.0	752.0	72.0	0.94499999284744	0.52499997615814	0.005
station_02	no_dust	102	airborne_and_land	1.238	15.361	1.108	102.0	752.0	72.0	0.61599999666214	0.46599999070168	0.005
station_02	no_dust	103	airborne_and_land	2.26	15.361	1.108	102.0	752.0	72.0	0.49700000882149	0.4839999973774	0.006
station_02	no_dust	104	airborne_and_land	2.104	15.361	1.108	102.0	752.0	72.0	0.48800000548363	0.45199999213219	0.011
station_02	no_dust	105	airborne_and_land	2.361	15.361	1.108	102.0	752.0	72.0	0.51399999856949	0.52999997138977	0.007
station_02	no_dust	106	airborne_and_land	1.633	15.361	1.108	102.0	752.0	72.0	0.50700002908707	0.47499999403954	0.006
station_02	no_dust	107	airborne_and_land	1.545	15.361	1.108	102.0	752.0	72.0	0.46099999547005	0.47400000691414	0.006
station_02	no_dust	108	airborne_and_land	1.785	15.361	1.108	102.0	752.0	72.0	0.47799998521805	0.45300000905991	0.005
station_02	no_dust	109	airborne_and_land	1.72	15.361	1.108	102.0	752.0	72.0	0.58700001239777	0.67500001192093	0.007
station_02	no_dust	110	airborne_and_land	2.149	15.361	1.108	102.0	752.0	72.0	0.59299999475479	2.08899998664856	0.006
station_02	no_dust	111	airborne_and_land	6.398	15.361	1.108	102.0	752.0	72.0	0.75700002908707	0.59399998188019	0.009
station_02	no_dust	112	airborne_and_land	1.671	15.361	1.108	102.0	752.0	72.0	0.50700002908707	0.56999999284744	0.007
station_02	no_dust	113	airborne_and_land	1.404	15.361	1.108	102.0	752.0	72.0	0.49500000476837	0.60000002384186	0.005
station_02	no_dust	114	airborne_and_land	1.514	15.361	1.108	102.0	752.0	72.0	0.55900001525879	0.5450000166893	0.005
station_02	no_dust	115	airborne_and_land	1.446	15.361	1.108	102.0	752.0	72.0	0.55900001525879	0.57800000905991	0.005
station_02	no_dust	116	airborne_and_land	1.285	15.361	1.108	102.0	752.0	72.0	0.54100000858307	0.49500000476837	0.004
station_02	no_dust	117	airborne_and_land	1.669	15.361	1.108	102.0	752.0	72.0	0.77499997615814	0.5440000295639	0.008
station_02	no_dust	118	airborne_and_land	2.112	15.361	1.108	102.0	752.0	72.0	0.66500002145767	0.47400000691414	0.004
station_02	no_dust	119	airborne_and_land	1.398	15.361	1.108	102.0	752.0	72.0	0.47400000691414	0.64300000667572	0.005
station_02	no_dust	120	airborne_and_land	2.341	15.361	1.108	102.0	752.0	72.0	0.55299997329712	0.55400002002716	0.006
station_02	no_dust	121	airborne_and_land	2.242	15.361	1.108	102.0	752.0	72.0	0.53299999237061	0.48899999260902	0.025
station_02	no_dust	122	airborne_and_land	1.413	15.361	1.108	102.0	752.0	72.0	0.46500000357628	0.49799999594688	0.006
station_02	no_dust	123	airborne_and_land	1.35	15.361	1.108	102.0	752.0	72.0	0.59700000286102	0.51599997282028	0.005
station_02	no_dust	124	airborne_and_land	1.282	15.361	1.108	102.0	752.0	72.0	0.51499998569489	0.5120000243187	0.005
station_02	no_dust	125	airborne_and_land	1.327	15.361	1.108	102.0	752.0	72.0	0.50300002098083	0.49200001358986	0.004
station_02	no_dust	126	airborne_and_land	2.648	15.361	1.108	102.0	752.0	72.0	1.1139999628067	0.64499998092651	0.007
station_02	no_dust	127	airborne_and_land	1.366	15.361	1.108	102.0	752.0	72.0	0.99000000953674	0.56300002336502	0.006
station_02	no_dust	128	airborne_and_land	6.63	15.361	1.108	102.0	752.0	72.0	0.48899999260902	0.48199999332428	0.009
station_02	no_dust	129	airborne_and_land	2.309	15.361	1.108	102.0	752.0	72.0	0.51300001144409	0.45100000500679	0.008
station_02	no_dust	130	airborne_and_land	1.782	15.361	1.108	102.0	752.0	72.0	0.47299998998642	0.45100000500679	0.005
station_02	no_dust	131	airborne_and_land	1.535	15.361	1.108	102.0	752.0	72.0	0.44999998807907	0.58600002527237	0.005
station_02	no_dust	132	airborne_and_land	1.418	15.361	1.108	102.0	752.0	72.0	0.61199998855591	0.63800001144409	0.004
station_02	no_dust	133	airborne_and_land	1.751	15.361	1.108	102.0	752.0	72.0	0.51999998092651	0.61199998855591	0.005
station_02	no_dust	134	airborne_and_land	2.591	15.361	1.108	102.0	752.0	72.0	0.69300001859665	0.50900000333786	0.006
station_02	no_dust	135	airborne_and_land	1.592	15.361	1.108	102.0	752.0	72.0	0.82800000905991	0.4990000128746	0.007
station_02	no_dust	136	airborne_and_land	1.496	15.361	1.108	102.0	752.0	72.0	0.58499997854233	0.51700001955032	0.005
station_02	no_dust	137	airborne_and_land	2.035	15.361	1.108	102.0	752.0	72.0	0.47499999403954	0.46700000762939	0.005
station_02	no_dust	138	airborne_and_land	1.537	15.361	1.108	102.0	752.0	72.0	0.45199999213219	0.49700000882149	0.006
station_02	no_dust	139	airborne_and_land	1.366	15.361	1.108	102.0	752.0	72.0	0.72299998998642	0.45899999141693	0.004
station_02	no_dust	140	airborne_and_land	3.11	15.361	1.108	102.0	752.0	72.0	0.88499999046326	0.72600001096725	0.005
station_02	no_dust	141	airborne_and_land	1.681	15.361	1.108	102.0	752.0	72.0	0.58700001239777	0.52799999713898	0.007
station_02	no_dust	142	airborne_and_land	3.199	15.361	1.108	120.0	896.0	75.0	0.51700001955032	0.63300001621246	0.007
station_02	no_dust	143	airborne_and_land	1.994	15.361	1.108	120.0	896.0	75.0	0.8629999756813	0.6129999756813	0.008
station_02	no_dust	144	recovery	6.693	15.361	1.108	120.0	896.0	75.0	0.54100000858307	0.49599999189377	0.009
station_02	no_dust	145	recovery	2.058	15.361	1.108	120.0	896.0	75.0	0.48199999332428	0.51700001955032	0.007
station_02	no_dust	146	recovery	1.491	15.361	1.108	120.0	896.0	75.0	0.62099999189377	0.56000000238419	0.006
station_02	no_dust	147	recovery	2.037	15.361	1.108	120.0	896.0	75.0	0.57400000095367	0.5460000038147	0.005
station_02	no_dust	148	recovery	2.238	15.361	1.108	120.0	896.0	75.0	0.95800000429153	0.58399999141693	0.007
station_02	no_dust	149	recovery	2.276	15.361	1.108	120.0	896.0	75.0	0.56300002336502	0.55000001192093	0.008
station_02	no_dust	150	recovery	1.878	15.361	1.108	120.0	896.0	75.0	0.76700001955032	0.47200000286102	0.006
station_02	no_dust	151	recovery	1.926	15.361	1.108	120.0	896.0	75.0	0.64600002765656	0.46999999880791	0.007
station_02	no_dust	152	recovery	1.854	15.361	1.108	120.0	896.0	75.0	0.5	0.48600000143051	0.008
station_02	no_dust	153	recovery	7.726	15.361	1.108	120.0	896.0	75.0	0.84299999475479	0.64800000190735	0.008
station_02	no_dust	154	recovery	2.145	15.361	1.108	120.0	896.0	75.0	0.86199998855591	0.61599999666214	0.008
station_02	no_dust	155	recovery	1.507	15.361	1.108	120.0	896.0	75.0	0.72600001096725	0.50300002098083	0.006
station_02	no_dust	156	recovery	9.074	15.361	1.108	120.0	896.0	75.0	0.67799997329712	0.67299997806549	0.012
station_02	no_dust	157	recovery	1.77	15.361	1.108	120.0	896.0	75.0	0.62800002098083	0.48699998855591	0.006
station_02	no_dust	158	recovery	1.524	15.361	1.108	120.0	896.0	75.0	0.55900001525879	0.65299999713898	0.004
station_02	no_dust	159	recovery	2.928	15.361	1.108	120.0	896.0	75.0	0.7379999756813	10.6599998474121	0.005
station_02	no_dust	160	recovery	1.648	15.361	1.108	120.0	896.0	75.0	0.69700002670288	0.56300002336502	0.004
station_02	no_dust	161	recovery	1.629	15.361	1.108	120.0	896.0	75.0	0.47499999403954	0.53600001335144	0.005
station_02	no_dust	162	recovery	2.145	15.361	1.108	120.0	896.0	75.0	0.89899998903275	0.50300002098083	0.018
station_02	no_dust	163	recovery	1.978	15.361	1.108	120.0	896.0	75.0	0.62900000810623	0.46700000762939	0.006
station_02	no_dust	164	recovery	1.821	15.361	1.108	120.0	896.0	75.0	0.53899997472763	0.44400000572205	0.007
station_02	no_dust	165	recovery	1.887	15.361	1.108	120.0	896.0	75.0	0.56699997186661	0.77399998903275	0.009
station_02	no_dust	166	recovery	2.239	15.361	1.108	120.0	896.0	75.0	0.58300000429153	0.47499999403954	0.01
station_02	no_dust	167	recovery	1.824	15.361	1.108	120.0	896.0	75.0	0.57300001382828	1.82299995422363	0.009
station_02	no_dust	168	recovery	1.43	15.361	1.108	120.0	896.0	75.0	0.71100002527237	0.64600002765656	0.005
station_02	no_dust	169	recovery	7.501	15.361	1.108	120.0	896.0	75.0	0.54000002145767	0.46000000834465	0.009
station_02	no_dust	170	recovery	2.424	15.361	1.108	120.0	896.0	75.0	0.58899998664856	0.65399998426437	0.007
station_02	no_dust	171	recovery	1.441	15.361	1.108	120.0	896.0	75.0	0.71399998664856	1.21000003814697	0.005
station_02	no_dust	172	walk_left	1.399	15.361	1.108	120.0	896.0	75.0	0.84700000286102	9.19299983978271	0.005
station_02	no_dust	173	walk_left	1.414	15.361	1.108	120.0	896.0	75.0	0.59399998188019	0.70099997520447	0.005
station_02	no_dust	174	walk_left	1.364	15.361	1.108	120.0	896.0	75.0	0.45100000500679	0.65600001811981	0.004
station_02	no_dust	175	walk_left	1.454	15.361	1.108	120.0	896.0	75.0	0.93400001525879	0.68099999427795	0.006
station_02	no_dust	176	walk_left	1.486	15.361	1.108	120.0	896.0	75.0	0.64499998092651	0.50499999523163	0.004
station_02	no_dust	177	walk_left	5.179	15.361	1.108	120.0	896.0	75.0	0.53299999237061	0.45500001311302	0.011
station_02	no_dust	178	walk_left	1.92	15.361	1.108	120.0	896.0	75.0	0.4990000128746	0.483000010252	0.009
station_02	no_dust	179	walk_left	1.635	15.361	1.108	120.0	896.0	75.0	0.53200000524521	0.48800000548363	0.007
station_02	no_dust	180	walk_left	2.923	15.361	1.108	120.0	896.0	75.0	0.50599998235703	0.56000000238419	0.005
station_02	no_dust	181	walk_left	2.013	15.361	1.108	120.0	896.0	75.0	0.54299998283386	0.47799998521805	0.008
station_02	no_dust	182	walk_left	1.946	15.361	1.108	120.0	896.0	75.0	0.62199997901917	1.182000041008	0.007
station_02	no_dust	183	walk_left	1.462	15.361	1.108	120.0	896.0	75.0	1.18700003623962	0.75199997425079	0.005
station_02	no_dust	184	walk_left	9.297	15.361	1.108	120.0	896.0	75.0	0.7490000128746	0.65499997138977	0.025
station_02	no_dust	185	walk_left	1.981	15.361	1.108	120.0	896.0	75.0	0.54699999094009	0.93300002813339	0.007
station_02	no_dust	186	walk_left	1.644	15.361	1.108	120.0	896.0	75.0	0.51700001955032	0.68000000715256	0.006
station_02	no_dust	187	walk_left	1.539	15.361	1.108	120.0	896.0	75.0	0.66100001335144	11.4549999237061	0.005
station_02	no_dust	188	walk_left	1.625	15.361	1.108	120.0	896.0	75.0	0.58999997377396	0.56800001859665	0.005
station_02	no_dust	189	walk_left	1.805	15.361	1.108	120.0	896.0	75.0	0.51099997758865	0.60100001096725	0.013
station_02	no_dust	190	walk_left	3.455	15.361	1.108	120.0	896.0	75.0	0.97600001096725	0.49399998784065	0.009
station_02	no_dust	191	walk_left	1.789	15.361	1.108	120.0	896.0	75.0	0.57099997997284	0.44900000095367	0.007
station_02	no_dust	192	walk_left	2.322	15.361	1.108	120.0	896.0	75.0	0.52799999713898	0.46099999547005	0.006
station_02	no_dust	193	walk_left	2.054	15.361	1.108	120.0	896.0	75.0	0.51700001955032	0.45600000023842	0.005
station_02	no_dust	194	walk_left	2.057	15.361	1.108	120.0	896.0	75.0	0.51899999380112	0.63400000333786	0.008
station_02	no_dust	195	walk_left	2.241	15.361	1.108	120.0	896.0	75.0	0.60799998044968	0.68699997663498	0.014
station_02	no_dust	196	walk_left	7.615	15.361	1.108	120.0	896.0	75.0	0.7059999704361	0.61000001430511	0.01
station_02	no_dust	197	walk_left	1.932	15.361	1.108	120.0	896.0	75.0	0.56699997186661	0.51599997282028	0.008
station_02	no_dust	198	walk_left	1.571	15.361	1.108	120.0	896.0	75.0	0.57499998807907	0.47799998521805	0.006
station_02	no_dust	199	walk_left	1.518	15.361	1.108	120.0	896.0	75.0	0.89200001955032	10.8050003051758	0.005
station_02	no_dust	200	walk_left	2.247	15.361	1.108	120.0	896.0	75.0	0.58899998664856	0.47600001096725	0.006
station_02	no_dust	201	walk_left	1.513	15.361	1.108	120.0	896.0	75.0	0.73400002717972	0.47799998521805	0.005
station_02	no_dust	202	walk_left	2.203	15.361	1.108	120.0	896.0	75.0	0.87800002098083	0.49300000071526	0.01
station_02	no_dust	203	walk_left	2.478	15.361	1.108	120.0	896.0	75.0	0.55699998140335	0.54299998283386	0.007
station_02	no_dust	204	walk_left	1.709	15.361	1.108	120.0	896.0	75.0	0.49300000071526	0.50499999523163	0.007
station_02	no_dust	205	walk_left	1.576	15.361	1.108	120.0	896.0	75.0	0.50499999523163	0.49399998784065	0.005
station_02	no_dust	206	walk_left	1.642	15.361	1.108	120.0	896.0	75.0	0.5440000295639	0.74000000953674	0.005
station_02	no_dust	207	walk_left	1.461	15.361	1.108	120.0	896.0	75.0	0.51300001144409	1.23599994182587	0.005
station_02	no_dust	208	walk_left	2.75	15.361	1.108	120.0	896.0	75.0	0.74500000476837	0.72299998998642	0.008
station_02	no_dust	209	idle_after_cycle	1.471	15.361	1.108	120.0	896.0	75.0	1.05200004577637	0.59299999475479	0.006
station_02	no_dust	210	idle_after_cycle	6.017	15.361	1.108	120.0	896.0	75.0	0.53200000524521	0.59799998998642	0.008
station_02	no_dust	211	idle_after_cycle	1.777	15.361	1.108	120.0	896.0	75.0	0.54199999570847	0.66500002145767	0.008
station_02	no_dust	212	idle_after_cycle	1.524	15.361	1.108	120.0	896.0	75.0	0.49399998784065	0.48699998855591	0.006
station_02	no_dust	213	idle_after_cycle	1.4	15.361	1.108	120.0	896.0	75.0	0.47900000214577	0.68800002336502	0.005
station_02	no_dust	214	idle_after_cycle	1.309	15.361	1.108	120.0	896.0	75.0	0.75999999046326	0.63999998569489	0.004
station_02	no_dust	215	idle_after_cycle	1.385	15.361	1.108	120.0	896.0	75.0	0.54299998283386	0.46900001168251	0.004
station_02	no_dust	216	idle_after_cycle	2.011	15.361	1.108	120.0	896.0	75.0	0.67799997329712	0.53200000524521	0.005
station_02	no_dust	217	idle_after_cycle	1.778	15.361	1.108	120.0	896.0	75.0	0.71899998188019	0.47499999403954	0.005
station_02	no_dust	218	idle_after_cycle	1.989	15.361	1.108	120.0	896.0	75.0	0.52499997615814	0.483000010252	0.006
station_02	no_dust	219	idle_after_cycle	1.849	15.361	1.108	120.0	896.0	75.0	0.54000002145767	0.45500001311302	0.006
station_02	no_dust_and_shadow	2	idle	1.497	15.361	1.108	100.0	724.0	70.0	0.55699998140335	0.46900001168251	0.006
station_02	no_dust_and_shadow	3	idle	1.53	15.361	1.108	100.0	724.0	70.0	0.54799997806549	0.50499999523163	0.006
station_02	no_dust_and_shadow	4	idle	1.251	15.361	1.108	100.0	724.0	70.0	0.60900002717972	0.52100002765656	0.005
station_02	no_dust_and_shadow	5	idle	1.231	15.361	1.108	100.0	724.0	70.0	0.42699998617172	0.61400002241135	0.004
station_02	no_dust_and_shadow	6	idle	1.231	15.361	1.108	100.0	724.0	70.0	0.72899997234344	0.58499997854233	0.004
station_02	no_dust_and_shadow	7	idle	1.625	15.361	1.108	100.0	724.0	70.0	0.67900002002716	0.46000000834465	0.004
station_02	no_dust_and_shadow	8	idle	2.09	15.361	1.108	100.0	724.0	70.0	0.53600001335144	0.5009999871254	0.009
station_02	no_dust_and_shadow	9	idle	1.967	15.361	1.108	100.0	724.0	70.0	0.5450000166893	0.4539999961853	0.012
station_02	no_dust_and_shadow	10	idle	2.054	15.361	1.108	100.0	724.0	70.0	0.47999998927116	0.45199999213219	0.007
station_02	no_dust_and_shadow	11	idle	1.297	15.361	1.108	100.0	724.0	70.0	0.46500000357628	0.45100000500679	0.007
station_02	no_dust_and_shadow	12	idle	1.268	15.361	1.108	100.0	724.0	70.0	0.483000010252	0.45199999213219	0.005
station_02	no_dust_and_shadow	13	idle	1.46	15.361	1.108	100.0	724.0	70.0	0.48899999260902	0.53700000047684	0.006
station_02	no_dust_and_shadow	14	idle	1.236	15.361	1.108	100.0	724.0	70.0	0.66500002145767	2.07299995422363	0.005
station_02	no_dust_and_shadow	15	idle	1.221	15.361	1.108	100.0	724.0	70.0	0.80000001192093	0.48600000143051	0.005
station_02	no_dust_and_shadow	16	idle	9.188	15.361	1.108	100.0	724.0	70.0	0.59500002861023	0.53100001811981	0.011
station_02	no_dust_and_shadow	17	idle	1.996	15.361	1.108	100.0	724.0	70.0	0.49300000071526	0.591000020504	0.006
station_02	no_dust_and_shadow	18	idle	1.522	15.361	1.108	100.0	724.0	70.0	0.48199999332428	0.45100000500679	0.006
station_02	no_dust_and_shadow	19	idle	1.756	15.361	1.108	100.0	724.0	70.0	0.64300000667572	10.3280000686646	0.005
station_02	no_dust_and_shadow	20	idle	1.274	15.361	1.108	100.0	724.0	70.0	0.41800001263618	0.69999998807907	0.005
station_02	no_dust_and_shadow	21	idle	1.402	15.361	1.108	100.0	724.0	70.0	0.44200000166893	0.61599999666214	0.006
station_02	no_dust_and_shadow	22	idle	1.447	15.361	1.108	100.0	724.0	70.0	0.79199999570847	0.51300001144409	0.005
station_02	no_dust_and_shadow	23	idle	1.258	15.361	1.108	100.0	724.0	70.0	0.64499998092651	0.47699999809265	0.005
station_02	no_dust_and_shadow	24	idle	1.522	15.361	1.108	100.0	724.0	70.0	0.55599999427795	0.49200001358986	0.006
station_02	no_dust_and_shadow	25	idle	2.504	15.361	1.108	100.0	724.0	70.0	0.54799997806549	0.7379999756813	0.036
station_02	no_dust_and_shadow	26	idle	1.394	15.361	1.108	100.0	724.0	70.0	0.49099999666214	0.62000000476837	0.006
station_02	no_dust_and_shadow	27	idle	1.31	15.361	1.108	100.0	724.0	70.0	0.51399999856949	0.61599999666214	0.005
station_02	no_dust_and_shadow	28	idle	1.706	15.361	1.108	100.0	724.0	70.0	0.66399997472763	0.47200000286102	0.005
station_02	no_dust_and_shadow	29	idle	1.256	15.361	1.108	100.0	724.0	70.0	0.49599999189377	0.80800002813339	0.005
station_02	no_dust_and_shadow	30	walk_right	1.48	15.361	1.108	100.0	724.0	70.0	0.52999997138977	0.73299998044968	0.004
station_02	no_dust_and_shadow	31	walk_right	1.647	15.361	1.108	100.0	724.0	70.0	0.93000000715256	0.52700001001358	0.007
station_02	no_dust_and_shadow	32	walk_right	1.227	15.361	1.108	100.0	724.0	70.0	0.52700001001358	0.4839999973774	0.005
station_02	no_dust_and_shadow	33	walk_right	7.742	15.361	1.108	100.0	724.0	70.0	0.47999998927116	0.45300000905991	0.01
station_02	no_dust_and_shadow	34	walk_right	1.658	15.361	1.108	100.0	724.0	70.0	0.49799999594688	0.65600001811981	0.007
station_02	no_dust_and_shadow	35	walk_right	1.429	15.361	1.108	100.0	724.0	70.0	0.51099997758865	0.61799997091293	0.006
station_02	no_dust_and_shadow	36	walk_right	1.259	15.361	1.108	100.0	724.0	70.0	0.62099999189377	0.62900000810623	0.005
station_02	no_dust_and_shadow	37	walk_right	1.927	15.361	1.108	100.0	724.0	70.0	0.64700001478195	0.55900001525879	0.006
station_02	no_dust_and_shadow	38	walk_right	1.267	15.361	1.108	100.0	724.0	70.0	0.41800001263618	0.57400000095367	0.005
station_02	no_dust_and_shadow	39	walk_right	1.329	15.361	1.108	100.0	724.0	70.0	0.64300000667572	0.48699998855591	0.005
station_02	no_dust_and_shadow	40	walk_right	1.389	15.361	1.108	100.0	724.0	70.0	0.64899998903275	0.47200000286102	0.005
station_02	no_dust_and_shadow	41	walk_right	1.346	15.361	1.108	100.0	724.0	70.0	0.50300002098083	0.55099999904633	0.005
station_02	no_dust_and_shadow	42	walk_right	1.464	15.361	1.108	100.0	724.0	70.0	0.48600000143051	0.49200001358986	0.006
station_02	no_dust_and_shadow	43	walk_right	1.522	15.361	1.108	100.0	724.0	70.0	0.57200002670288	0.55299997329712	0.007
station_02	no_dust_and_shadow	44	walk_right	1.382	15.361	1.108	100.0	724.0	70.0	0.47499999403954	0.73900002241135	0.004
station_02	no_dust_and_shadow	45	walk_right	1.328	15.361	1.108	100.0	724.0	70.0	0.57800000905991	0.91000002622604	0.006
station_02	no_dust_and_shadow	46	walk_right	1.842	15.361	1.108	100.0	724.0	70.0	0.47200000286102	0.63300001621246	0.005
station_02	no_dust_and_shadow	47	walk_right	1.147	15.361	1.108	100.0	724.0	70.0	0.49799999594688	0.81000000238419	0.005
station_02	no_dust_and_shadow	48	walk_right	1.278	15.361	1.108	100.0	724.0	70.0	0.62099999189377	2.3289999961853	0.005
station_02	no_dust_and_shadow	49	walk_right	2.335	15.361	1.108	100.0	724.0	70.0	0.44900000095367	0.4990000128746	0.011
station_02	no_dust_and_shadow	50	walk_right	1.279	15.361	1.108	100.0	724.0	70.0	0.48500001430511	0.46799999475479	0.007
station_02	no_dust_and_shadow	51	walk_right	7.575	15.361	1.108	100.0	724.0	70.0	0.51800000667572	0.45100000500679	0.008
station_02	no_dust_and_shadow	52	walk_right	1.167	15.361	1.108	100.0	724.0	70.0	0.52999997138977	0.90399998426437	0.005
station_02	no_dust_and_shadow	53	walk_right	1.112	15.361	1.108	100.0	724.0	70.0	0.56300002336502	0.56199997663498	0.005
station_02	no_dust_and_shadow	54	walk_right	0.945	15.361	1.108	100.0	724.0	70.0	0.64200001955032	0.69300001859665	0.005
station_02	no_dust_and_shadow	55	walk_right	1.972	15.361	1.108	100.0	724.0	70.0	1.03799998760223	0.80199998617172	0.006
station_02	no_dust_and_shadow	56	walk_right	1.275	15.361	1.108	100.0	724.0	70.0	0.57700002193451	0.57400000095367	0.005
station_02	no_dust_and_shadow	57	walk_right	1.604	15.361	1.108	100.0	724.0	70.0	0.56199997663498	0.76300001144409	0.05
station_02	no_dust_and_shadow	58	walk_right	1.7	15.361	1.108	100.0	724.0	70.0	0.53500002622604	0.61100000143051	0.007
station_02	no_dust_and_shadow	59	walk_right	1.881	15.361	1.108	100.0	724.0	70.0	0.55099999904633	0.61599999666214	0.007
station_02	no_dust_and_shadow	60	walk_right	1.487	15.361	1.108	100.0	724.0	70.0	0.43099999427795	0.42699998617172	0.007
station_02	no_dust_and_shadow	61	walk_right	1.562	15.361	1.108	100.0	724.0	70.0	0.54000002145767	0.4990000128746	0.008
station_02	no_dust_and_shadow	62	walk_right	1.894	15.361	1.108	100.0	724.0	70.0	0.47299998998642	0.68599998950958	0.007
station_02	no_dust_and_shadow	63	walk_right	1.496	15.361	1.108	100.0	724.0	70.0	0.68999999761581	1.05099999904633	0.006
station_02	no_dust_and_shadow	64	walk_right	1.817	15.361	1.108	100.0	724.0	70.0	0.71399998664856	0.96499997377396	0.006
station_02	no_dust_and_shadow	65	walk_right	1.267	15.361	1.108	100.0	724.0	70.0	0.783999979496	0.73199999332428	0.005
station_02	no_dust_and_shadow	66	walk_right	1.79	15.361	1.108	100.0	724.0	70.0	0.6129999756813	0.56900000572205	0.008
station_02	no_dust_and_shadow	67	walk_right	1.296	15.361	1.108	100.0	724.0	70.0	0.72100001573563	0.5120000243187	0.015
station_02	no_dust_and_shadow	68	walk_right	8.023	15.361	1.108	100.0	724.0	70.0	0.841000020504	0.66299998760223	0.011
station_02	no_dust_and_shadow	69	walk_right	1.276	15.361	1.108	100.0	724.0	70.0	0.68500000238419	0.63599997758865	0.007
station_02	no_dust_and_shadow	70	walk_right	1.111	15.361	1.108	100.0	724.0	70.0	0.54900002479553	0.55599999427795	0.005
station_02	no_dust_and_shadow	71	walk_right	1.106	15.361	1.108	100.0	724.0	70.0	0.58899998664856	0.65299999713898	0.005
station_02	no_dust_and_shadow	72	jump_launch	1.068	15.361	1.108	100.0	724.0	70.0	0.90399998426437	0.55900001525879	0.005
station_02	no_dust_and_shadow	73	jump_launch	1.689	15.361	1.108	100.0	724.0	70.0	0.51300001144409	0.60500001907349	0.006
station_02	no_dust_and_shadow	74	jump_launch	1.325	15.361	1.108	100.0	724.0	70.0	0.68599998950958	0.56000000238419	0.005
station_02	no_dust_and_shadow	75	airborne_and_land	1.281	15.361	1.108	100.0	724.0	70.0	0.58899998664856	0.48600000143051	0.006
station_02	no_dust_and_shadow	76	airborne_and_land	1.615	15.361	1.108	100.0	724.0	70.0	0.5460000038147	0.591000020504	0.007
station_02	no_dust_and_shadow	77	airborne_and_land	1.422	15.361	1.108	100.0	724.0	70.0	0.54699999094009	0.58499997854233	0.03
station_02	no_dust_and_shadow	78	airborne_and_land	1.263	15.361	1.108	100.0	724.0	70.0	0.5009999871254	0.57200002670288	0.005
station_02	no_dust_and_shadow	79	airborne_and_land	1.502	15.361	1.108	100.0	724.0	70.0	0.51300001144409	0.63300001621246	0.006
station_02	no_dust_and_shadow	80	airborne_and_land	1.805	15.361	1.108	100.0	724.0	70.0	0.50199997425079	0.58899998664856	0.007
station_02	no_dust_and_shadow	81	airborne_and_land	1.702	15.361	1.108	100.0	724.0	70.0	0.49099999666214	0.64300000667572	0.006
station_02	no_dust_and_shadow	82	airborne_and_land	2.105	15.361	1.108	100.0	724.0	70.0	0.55699998140335	0.67699998617172	0.005
station_02	no_dust_and_shadow	83	airborne_and_land	1.337	15.361	1.108	100.0	724.0	70.0	0.54000002145767	0.61900001764297	0.005
station_02	no_dust_and_shadow	84	airborne_and_land	1.532	15.361	1.108	100.0	724.0	70.0	0.50499999523163	0.91399997472763	0.011
station_02	no_dust_and_shadow	85	airborne_and_land	1.474	15.361	1.108	100.0	724.0	70.0	0.5450000166893	2.01200008392334	0.006
station_02	no_dust_and_shadow	86	airborne_and_land	1.223	15.361	1.108	100.0	724.0	70.0	0.75599998235703	0.658999979496	0.005
station_02	no_dust_and_shadow	87	airborne_and_land	8.162	15.361	1.108	100.0	724.0	70.0	0.55299997329712	0.67799997329712	0.008
station_02	no_dust_and_shadow	88	airborne_and_land	1.714	15.361	1.108	100.0	724.0	70.0	0.65200001001358	0.49700000882149	0.006
station_02	no_dust_and_shadow	89	airborne_and_land	1.447	15.361	1.108	100.0	724.0	70.0	0.49099999666214	0.61000001430511	0.005
station_02	no_dust_and_shadow	90	airborne_and_land	1.35	15.361	1.108	100.0	724.0	70.0	0.68699997663498	9.47000026702881	0.005
station_02	no_dust_and_shadow	91	airborne_and_land	2.142	15.361	1.108	100.0	724.0	70.0	0.51899999380112	0.52499997615814	0.007
station_02	no_dust_and_shadow	92	airborne_and_land	1.341	15.361	1.108	100.0	724.0	70.0	0.43200001120567	0.53700000047684	0.005
station_02	no_dust_and_shadow	93	airborne_and_land	1.435	15.361	1.108	100.0	724.0	70.0	0.92699998617172	0.50599998235703	0.005
station_02	no_dust_and_shadow	94	airborne_and_land	1.665	15.361	1.108	100.0	724.0	70.0	0.55800002813339	0.46099999547005	0.006
station_02	no_dust_and_shadow	95	airborne_and_land	1.429	15.361	1.108	100.0	724.0	70.0	0.53200000524521	0.49700000882149	0.005
station_02	no_dust_and_shadow	96	airborne_and_land	1.655	15.361	1.108	100.0	724.0	70.0	0.46999999880791	0.49000000953674	0.005
station_02	no_dust_and_shadow	97	airborne_and_land	2.281	15.361	1.108	100.0	724.0	70.0	0.68999999761581	0.46000000834465	0.007
station_02	no_dust_and_shadow	98	airborne_and_land	1.338	15.361	1.108	100.0	724.0	70.0	0.46999999880791	0.47299998998642	0.006
station_02	no_dust_and_shadow	99	airborne_and_land	1.466	15.361	1.108	100.0	724.0	70.0	0.45699998736382	0.5450000166893	0.005
station_02	no_dust_and_shadow	100	airborne_and_land	2.241	15.361	1.108	100.0	724.0	70.0	0.51800000667572	0.46099999547005	0.006
station_02	no_dust_and_shadow	101	airborne_and_land	1.814	15.361	1.108	100.0	724.0	70.0	0.51499998569489	0.50400000810623	0.007
station_02	no_dust_and_shadow	102	airborne_and_land	1.379	15.361	1.108	100.0	724.0	70.0	0.50700002908707	1.81400001049042	0.006
station_02	no_dust_and_shadow	103	airborne_and_land	1.363	15.361	1.108	100.0	724.0	70.0	0.78799998760223	0.47200000286102	0.005
station_02	no_dust_and_shadow	104	airborne_and_land	7.719	15.361	1.108	100.0	724.0	70.0	0.48899999260902	0.46900001168251	0.009
station_02	no_dust_and_shadow	105	airborne_and_land	1.632	15.361	1.108	100.0	724.0	70.0	0.51499998569489	0.60600000619888	0.007
station_02	no_dust_and_shadow	106	airborne_and_land	1.476	15.361	1.108	100.0	724.0	70.0	0.55699998140335	0.68699997663498	0.006
station_02	no_dust_and_shadow	107	airborne_and_land	1.488	15.361	1.108	100.0	724.0	70.0	0.62199997901917	8.2480001449585	0.005
station_02	no_dust_and_shadow	108	airborne_and_land	1.564	15.361	1.108	100.0	724.0	70.0	0.44800001382828	0.50700002908707	0.005
station_02	no_dust_and_shadow	109	airborne_and_land	2.259	15.361	1.108	100.0	724.0	70.0	0.55800002813339	0.4990000128746	0.006
station_02	no_dust_and_shadow	110	airborne_and_land	1.279	15.361	1.108	100.0	724.0	70.0	1.04799997806549	0.56400001049042	0.005
station_02	no_dust_and_shadow	111	airborne_and_land	1.341	15.361	1.108	100.0	724.0	70.0	0.55800002813339	0.46700000762939	0.005
station_02	no_dust_and_shadow	112	airborne_and_land	1.456	15.361	1.108	100.0	724.0	70.0	0.47799998521805	0.47600001096725	0.005
station_02	no_dust_and_shadow	113	airborne_and_land	1.775	15.361	1.108	100.0	724.0	70.0	0.60299998521805	0.48699998855591	0.007
station_02	no_dust_and_shadow	114	airborne_and_land	2.197	15.361	1.108	100.0	724.0	70.0	0.59200000762939	0.56499999761581	0.007
station_02	no_dust_and_shadow	115	airborne_and_land	1.405	15.361	1.108	100.0	724.0	70.0	0.55199998617172	0.56699997186661	0.006
station_02	no_dust_and_shadow	116	airborne_and_land	1.434	15.361	1.108	100.0	724.0	70.0	0.47200000286102	0.533999979496	0.005
station_02	no_dust_and_shadow	117	airborne_and_land	1.316	15.361	1.108	100.0	724.0	70.0	0.46599999070168	0.55900001525879	0.005
station_02	no_dust_and_shadow	118	airborne_and_land	1.83	15.361	1.108	100.0	724.0	70.0	0.50499999523163	0.52399998903275	0.005
station_02	no_dust_and_shadow	119	airborne_and_land	1.294	15.361	1.108	100.0	724.0	70.0	0.63099998235703	1.8309999704361	0.005
station_02	no_dust_and_shadow	120	airborne_and_land	1.693	15.361	1.108	100.0	724.0	70.0	0.716000020504	0.57599997520447	0.007
station_02	no_dust_and_shadow	121	airborne_and_land	1.455	15.361	1.108	100.0	724.0	70.0	0.48699998855591	0.56199997663498	0.008
station_02	no_dust_and_shadow	122	airborne_and_land	15.967	15.361	1.108	100.0	724.0	70.0	0.55800002813339	0.5120000243187	0.016
station_02	no_dust_and_shadow	123	airborne_and_land	1.764	15.361	1.108	100.0	724.0	70.0	0.50700002908707	0.45300000905991	0.007
station_02	no_dust_and_shadow	124	airborne_and_land	1.537	15.361	1.108	100.0	724.0	70.0	0.51800000667572	0.47499999403954	0.005
station_02	no_dust_and_shadow	125	airborne_and_land	2.124	15.361	1.108	100.0	724.0	70.0	0.50400000810623	0.56999999284744	0.007
station_02	no_dust_and_shadow	126	airborne_and_land	2.406	15.361	1.108	100.0	724.0	70.0	0.59899997711182	0.57700002193451	0.007
station_02	no_dust_and_shadow	127	airborne_and_land	1.973	15.361	1.108	100.0	724.0	70.0	0.48500001430511	0.59799998998642	0.007
station_02	no_dust_and_shadow	128	airborne_and_land	1.727	15.361	1.108	100.0	724.0	70.0	0.90200001001358	0.58399999141693	0.007
station_02	no_dust_and_shadow	129	airborne_and_land	1.769	15.361	1.108	100.0	724.0	70.0	0.63999998569489	0.59899997711182	0.008
station_02	no_dust_and_shadow	130	airborne_and_land	1.426	15.361	1.108	100.0	724.0	70.0	0.57499998807907	0.61699998378754	0.007
station_02	no_dust_and_shadow	131	airborne_and_land	6.27	15.361	1.108	100.0	724.0	70.0	0.69700002670288	0.55099999904633	0.006
station_02	no_dust_and_shadow	132	airborne_and_land	2.026	15.361	1.108	100.0	724.0	70.0	0.59500002861023	0.54900002479553	0.064
station_02	no_dust_and_shadow	133	airborne_and_land	2.531	15.361	1.108	100.0	724.0	70.0	0.7490000128746	0.60799998044968	0.007
station_02	no_dust_and_shadow	134	airborne_and_land	1.387	15.361	1.108	100.0	724.0	70.0	0.61799997091293	0.61799997091293	0.006
station_02	no_dust_and_shadow	135	airborne_and_land	1.478	15.361	1.108	100.0	724.0	70.0	0.67199999094009	0.63200002908707	0.005
station_02	no_dust_and_shadow	136	airborne_and_land	1.386	15.361	1.108	100.0	724.0	70.0	0.56699997186661	1.81599998474121	0.005
station_02	no_dust_and_shadow	137	airborne_and_land	1.25	15.361	1.108	100.0	724.0	70.0	0.52700001001358	0.66299998760223	0.005
station_02	no_dust_and_shadow	138	airborne_and_land	1.272	15.361	1.108	100.0	724.0	70.0	0.73699998855591	0.54299998283386	0.005
station_02	no_dust_and_shadow	139	airborne_and_land	1.496	15.361	1.108	100.0	724.0	70.0	0.69400000572205	0.50999999046326	0.006
station_02	no_dust_and_shadow	140	airborne_and_land	1.956	15.361	1.108	100.0	724.0	70.0	0.54000002145767	0.59399998188019	0.006
station_02	no_dust_and_shadow	141	airborne_and_land	1.595	15.361	1.108	100.0	724.0	70.0	0.50300002098083	0.53100001811981	0.008
station_02	no_dust_and_shadow	142	airborne_and_land	1.825	15.361	1.108	100.0	724.0	70.0	0.5440000295639	0.45300000905991	0.007
station_02	no_dust_and_shadow	143	airborne_and_land	1.286	15.361	1.108	100.0	724.0	70.0	0.46900001168251	0.45300000905991	0.006
station_02	no_dust_and_shadow	144	recovery	17.132	15.361	1.108	100.0	724.0	70.0	0.51999998092651	0.45199999213219	0.013
station_02	no_dust_and_shadow	145	recovery	2.383	15.361	1.108	118.0	868.0	73.0	0.65100002288818	0.60199999809265	0.007
station_02	no_dust_and_shadow	146	recovery	1.526	15.361	1.108	118.0	868.0	73.0	0.51499998569489	0.47400000691414	0.006
station_02	no_dust_and_shadow	147	recovery	1.419	15.361	1.108	118.0	868.0	73.0	0.68000000715256	18.2269992828369	0.005
station_02	no_dust_and_shadow	148	recovery	1.431	15.361	1.108	118.0	868.0	73.0	0.82300001382828	1.48399996757507	0.005
station_02	no_dust_and_shadow	149	recovery	1.384	15.361	1.108	118.0	868.0	73.0	0.43099999427795	0.57800000905991	0.006
station_02	no_dust_and_shadow	150	recovery	1.328	15.361	1.108	118.0	868.0	73.0	0.9879999756813	0.55400002002716	0.005
station_02	no_dust_and_shadow	151	recovery	2.024	15.361	1.108	118.0	868.0	73.0	0.72799998521805	0.4539999961853	0.006
station_02	no_dust_and_shadow	152	recovery	1.968	15.361	1.108	118.0	868.0	73.0	0.5450000166893	0.45300000905991	0.007
station_02	no_dust_and_shadow	153	recovery	2.106	15.361	1.108	118.0	868.0	73.0	0.54199999570847	0.59299999475479	0.008
station_02	no_dust_and_shadow	154	recovery	2.108	15.361	1.108	118.0	868.0	73.0	0.50800001621246	0.48500001430511	0.007
station_02	no_dust_and_shadow	155	recovery	1.665	15.361	1.108	118.0	868.0	73.0	0.56999999284744	0.48600000143051	0.006
station_02	no_dust_and_shadow	156	recovery	2.095	15.361	1.108	118.0	868.0	73.0	0.50700002908707	0.45500001311302	0.008
station_02	no_dust_and_shadow	157	recovery	1.762	15.361	1.108	118.0	868.0	73.0	0.71100002527237	0.5	0.007
station_02	no_dust_and_shadow	158	recovery	7.159	15.361	1.108	118.0	868.0	73.0	0.78600001335144	0.66000002622604	0.012
station_02	no_dust_and_shadow	159	recovery	2.929	15.361	1.108	118.0	868.0	73.0	0.67400002479553	0.58200001716614	0.01
station_02	no_dust_and_shadow	160	recovery	1.54	15.361	1.108	118.0	868.0	73.0	0.61799997091293	0.66299998760223	0.006
station_02	no_dust_and_shadow	161	recovery	1.591	15.361	1.108	118.0	868.0	73.0	0.52499997615814	0.74000000953674	0.006
station_02	no_dust_and_shadow	162	recovery	1.433	15.361	1.108	118.0	868.0	73.0	0.79000002145767	0.73699998855591	0.005
station_02	no_dust_and_shadow	163	recovery	1.783	15.361	1.108	118.0	868.0	73.0	0.49799999594688	0.64200001955032	0.006
station_02	no_dust_and_shadow	164	recovery	1.352	15.361	1.108	118.0	868.0	73.0	0.77399998903275	0.63300001621246	0.005
station_02	no_dust_and_shadow	165	recovery	1.315	15.361	1.108	118.0	868.0	73.0	0.8870000243187	0.4539999961853	0.005
station_02	no_dust_and_shadow	166	recovery	1.427	15.361	1.108	118.0	868.0	73.0	0.5460000038147	0.77200001478195	0.005
station_02	no_dust_and_shadow	167	recovery	1.518	15.361	1.108	118.0	868.0	73.0	0.5009999871254	0.55299997329712	0.005
station_02	no_dust_and_shadow	168	recovery	1.845	15.361	1.108	118.0	868.0	73.0	0.49200001358986	0.74500000476837	0.007
station_02	no_dust_and_shadow	169	recovery	1.861	15.361	1.108	118.0	868.0	73.0	0.56000000238419	0.59500002861023	0.019
station_02	no_dust_and_shadow	170	recovery	1.869	15.361	1.108	118.0	868.0	73.0	0.51700001955032	0.56800001859665	0.006
station_02	no_dust_and_shadow	171	recovery	1.413	15.361	1.108	118.0	868.0	73.0	0.47900000214577	0.50300002098083	0.005
station_02	no_dust_and_shadow	172	walk_left	1.331	15.361	1.108	118.0	868.0	73.0	0.47699999809265	0.47499999403954	0.005
station_02	no_dust_and_shadow	173	walk_left	1.303	15.361	1.108	118.0	868.0	73.0	0.52100002765656	0.92900002002716	0.005
station_02	no_dust_and_shadow	174	walk_left	1.747	15.361	1.108	118.0	868.0	73.0	0.64800000190735	2.24399995803833	0.007
station_02	no_dust_and_shadow	175	walk_left	1.45	15.361	1.108	118.0	868.0	73.0	0.77200001478195	0.58499997854233	0.006
station_02	no_dust_and_shadow	176	walk_left	1.235	15.361	1.108	118.0	868.0	73.0	0.58899998664856	0.51099997758865	0.005
station_02	no_dust_and_shadow	177	walk_left	8.399	15.361	1.108	118.0	868.0	73.0	0.52399998903275	0.49700000882149	0.01
station_02	no_dust_and_shadow	178	walk_left	2.393	15.361	1.108	118.0	868.0	73.0	0.52799999713898	0.55500000715256	0.006
station_02	no_dust_and_shadow	179	walk_left	1.542	15.361	1.108	118.0	868.0	73.0	0.49399998784065	0.76800000667572	0.005
station_02	no_dust_and_shadow	180	walk_left	1.427	15.361	1.108	118.0	868.0	73.0	0.60100001096725	9.99699974060059	0.005
station_02	no_dust_and_shadow	181	walk_left	1.516	15.361	1.108	118.0	868.0	73.0	0.52999997138977	0.50300002098083	0.005
station_02	no_dust_and_shadow	182	walk_left	1.586	15.361	1.108	118.0	868.0	73.0	0.42599999904633	0.50599998235703	0.008
station_02	no_dust_and_shadow	183	walk_left	1.445	15.361	1.108	118.0	868.0	73.0	0.86500000953674	0.46599999070168	0.005
station_02	no_dust_and_shadow	184	walk_left	1.39	15.361	1.108	118.0	868.0	73.0	0.63400000333786	0.89499998092651	0.005
station_02	no_dust_and_shadow	185	walk_left	2.002	15.361	1.108	118.0	868.0	73.0	0.60799998044968	1.07200002670288	0.009
station_02	no_dust_and_shadow	186	walk_left	2.145	15.361	1.108	118.0	868.0	73.0	0.55599999427795	0.48500001430511	0.01
station_02	no_dust_and_shadow	187	walk_left	1.508	15.361	1.108	118.0	868.0	73.0	0.52600002288818	0.60799998044968	0.005
station_02	no_dust_and_shadow	188	walk_left	1.478	15.361	1.108	118.0	868.0	73.0	0.60399997234344	0.49300000071526	0.005
station_02	no_dust_and_shadow	189	walk_left	1.385	15.361	1.108	118.0	868.0	73.0	0.57499998807907	0.59600001573563	0.005
station_02	no_dust_and_shadow	190	walk_left	2.314	15.361	1.108	118.0	868.0	73.0	0.52700001001358	0.73699998855591	0.006
station_02	no_dust_and_shadow	191	walk_left	2.588	15.361	1.108	118.0	868.0	73.0	0.87699997425079	0.60699999332428	0.009
station_02	no_dust_and_shadow	192	walk_left	1.246	15.361	1.108	118.0	868.0	73.0	0.58799999952316	0.61699998378754	0.006
station_02	no_dust_and_shadow	193	walk_left	8.197	15.361	1.108	118.0	868.0	73.0	0.53600001335144	0.61400002241135	0.01
station_02	no_dust_and_shadow	194	walk_left	2.377	15.361	1.108	118.0	868.0	73.0	0.59700000286102	0.63899999856949	0.008
station_02	no_dust_and_shadow	195	walk_left	1.251	15.361	1.108	118.0	868.0	73.0	0.52200001478195	0.68800002336502	0.005
station_02	no_dust_and_shadow	196	walk_left	2.832	15.361	1.108	118.0	868.0	73.0	0.75900000333786	0.68000000715256	0.005
station_02	no_dust_and_shadow	197	walk_left	1.866	15.361	1.108	118.0	868.0	73.0	0.83799999952316	0.56800001859665	0.01
station_02	no_dust_and_shadow	198	walk_left	1.45	15.361	1.108	118.0	868.0	73.0	0.50700002908707	0.56699997186661	0.012
station_02	no_dust_and_shadow	199	walk_left	1.738	15.361	1.108	118.0	868.0	73.0	0.78899997472763	0.65100002288818	0.007
station_02	no_dust_and_shadow	200	walk_left	2.231	15.361	1.108	118.0	868.0	73.0	0.6129999756813	0.62800002098083	0.008
station_02	no_dust_and_shadow	201	walk_left	1.586	15.361	1.108	118.0	868.0	73.0	0.47699999809265	1.317999958992	0.009
station_02	no_dust_and_shadow	202	walk_left	2.161	15.361	1.108	118.0	868.0	73.0	0.41800001263618	0.75700002908707	0.007
station_02	no_dust_and_shadow	203	walk_left	1.642	15.361	1.108	118.0	868.0	73.0	0.716000020504	1.04100000858307	0.007
station_02	no_dust_and_shadow	204	walk_left	1.381	15.361	1.108	118.0	868.0	73.0	0.64899998903275	1.06500005722046	0.007
station_02	no_dust_and_shadow	205	walk_left	1.615	15.361	1.108	118.0	868.0	73.0	0.68400001525879	0.74099999666214	0.006
station_02	no_dust_and_shadow	206	walk_left	2.012	15.361	1.108	118.0	868.0	73.0	1.23500001430511	0.80400002002716	0.007
station_02	no_dust_and_shadow	207	walk_left	1.516	15.361	1.108	118.0	868.0	73.0	0.68900001049042	0.69099998474121	0.007
station_02	no_dust_and_shadow	208	walk_left	10.292	15.361	1.108	118.0	868.0	73.0	0.58300000429153	0.73600000143051	0.012
station_02	no_dust_and_shadow	209	idle_after_cycle	1.659	15.361	1.108	118.0	868.0	73.0	0.68699997663498	0.77700001001358	0.01
station_02	no_dust_and_shadow	210	idle_after_cycle	2.287	15.361	1.108	118.0	868.0	73.0	0.59399998188019	0.60799998044968	0.008
station_02	no_dust_and_shadow	211	idle_after_cycle	1.594	15.361	1.108	118.0	868.0	73.0	0.61599999666214	0.56099998950958	0.008
station_02	no_dust_and_shadow	212	idle_after_cycle	1.689	15.361	1.108	118.0	868.0	73.0	0.81900000572205	0.82300001382828	0.013
station_02	no_dust_and_shadow	213	idle_after_cycle	1.949	15.361	1.108	118.0	868.0	73.0	0.60600000619888	0.64999997615814	0.009
station_02	no_dust_and_shadow	214	idle_after_cycle	2.184	15.361	1.108	118.0	868.0	73.0	0.79299998283386	0.67599999904633	0.023
station_02	no_dust_and_shadow	215	idle_after_cycle	1.718	15.361	1.108	118.0	868.0	73.0	0.68599998950958	0.65600001811981	0.007
station_02	no_dust_and_shadow	216	idle_after_cycle	1.5	15.361	1.108	118.0	868.0	73.0	0.60199999809265	0.71100002527237	0.007
station_02	no_dust_and_shadow	217	idle_after_cycle	1.404	15.361	1.108	118.0	868.0	73.0	0.56900000572205	0.80199998617172	0.006
station_02	no_dust_and_shadow	218	idle_after_cycle	2.154	15.361	1.108	118.0	868.0	73.0	0.68000000715256	1.11300003528595	0.006
station_02	no_dust_and_shadow	219	idle_after_cycle	1.538	15.361	1.108	118.0	868.0	73.0	0.7620000243187	2.18499994277954	0.006
station_02	no_player_and_shadow	2	idle	1.241	17.151	1.137	80.0	596.0	53.0	0.55299997329712	0.62800002098083	0.006
station_02	no_player_and_shadow	3	idle	1.696	17.151	1.137	80.0	596.0	53.0	0.62099999189377	9.20499992370605	0.005
station_02	no_player_and_shadow	4	idle	1.866	17.151	1.137	80.0	596.0	53.0	0.46799999475479	9.13399982452393	0.051
station_02	no_player_and_shadow	5	idle	1.61	17.151	1.137	80.0	596.0	53.0	0.68099999427795	0.50999999046326	0.006
station_02	no_player_and_shadow	6	idle	1.096	17.151	1.137	80.0	596.0	53.0	0.96799999475479	0.60900002717972	0.005
station_02	no_player_and_shadow	7	idle	1.544	17.151	1.137	80.0	596.0	53.0	0.63999998569489	0.61799997091293	0.007
station_02	no_player_and_shadow	8	idle	1.168	17.151	1.137	80.0	596.0	53.0	0.49000000953674	0.65700000524521	0.006
station_02	no_player_and_shadow	9	idle	1.099	17.151	1.137	80.0	596.0	53.0	0.68599998950958	1.50800001621246	0.005
station_02	no_player_and_shadow	10	idle	1.542	17.151	1.137	80.0	596.0	53.0	0.67299997806549	0.53799998760223	0.006
station_02	no_player_and_shadow	11	idle	1.07	17.151	1.137	80.0	596.0	53.0	0.46500000357628	0.51599997282028	0.005
station_02	no_player_and_shadow	12	idle	1.177	17.151	1.137	80.0	596.0	53.0	0.44499999284744	0.70800000429153	0.004
station_02	no_player_and_shadow	13	idle	1.01	17.151	1.137	80.0	596.0	53.0	0.65600001811981	0.59399998188019	0.004
station_02	no_player_and_shadow	14	idle	1.03	17.151	1.137	80.0	596.0	53.0	0.48500001430511	0.56000000238419	0.005
station_02	no_player_and_shadow	15	idle	2.718	17.151	1.137	80.0	596.0	53.0	0.46700000762939	0.59200000762939	0.004
station_02	no_player_and_shadow	16	idle	1.577	17.151	1.137	80.0	596.0	53.0	0.47699999809265	0.50199997425079	0.01
station_02	no_player_and_shadow	17	idle	1.608	17.151	1.137	80.0	596.0	53.0	0.45500001311302	0.68199998140335	0.008
station_02	no_player_and_shadow	18	idle	7.349	17.151	1.137	80.0	596.0	53.0	0.45600000023842	0.66600000858307	0.008
station_02	no_player_and_shadow	19	idle	1.583	17.151	1.137	80.0	596.0	53.0	0.4370000064373	0.50800001621246	0.005
station_02	no_player_and_shadow	20	idle	1.045	17.151	1.137	80.0	596.0	53.0	0.42800000309944	0.50499999523163	0.005
station_02	no_player_and_shadow	21	idle	1.231	17.151	1.137	80.0	596.0	53.0	1.08599996566772	10.8719997406006	0.006
station_02	no_player_and_shadow	22	idle	1.251	17.151	1.137	80.0	596.0	53.0	0.64899998903275	0.54199999570847	0.004
station_02	no_player_and_shadow	23	idle	1.106	17.151	1.137	80.0	596.0	53.0	0.45600000023842	0.44100001454353	0.006
station_02	no_player_and_shadow	24	idle	1.983	17.151	1.137	80.0	596.0	53.0	0.53100001811981	0.44600000977516	0.005
station_02	no_player_and_shadow	25	idle	1.797	17.151	1.137	80.0	596.0	53.0	0.72899997234344	0.43299999833107	0.009
station_02	no_player_and_shadow	26	idle	1.072	17.151	1.137	80.0	596.0	53.0	0.41699999570847	0.50199997425079	0.006
station_02	no_player_and_shadow	27	idle	1.06	17.151	1.137	80.0	596.0	53.0	0.41600000858307	0.52399998903275	0.004
station_02	no_player_and_shadow	28	idle	1.043	17.151	1.137	80.0	596.0	53.0	0.56599998474121	0.65200001001358	0.004
station_02	no_player_and_shadow	29	idle	0.954	17.151	1.137	80.0	596.0	53.0	0.43599998950958	0.57400000095367	0.004
station_02	no_player_and_shadow	30	walk_right	0.94	17.151	1.137	80.0	596.0	53.0	1.05299997329712	0.63300001621246	0.005
station_02	no_player_and_shadow	31	walk_right	0.95	17.151	1.137	80.0	596.0	53.0	0.51499998569489	0.49200001358986	0.004
station_02	no_player_and_shadow	32	walk_right	0.951	17.151	1.137	80.0	596.0	53.0	0.44800001382828	0.51599997282028	0.004
station_02	no_player_and_shadow	33	walk_right	0.994	17.151	1.137	80.0	596.0	53.0	0.43500000238419	0.44699999690056	0.004
station_02	no_player_and_shadow	34	walk_right	1.076	17.151	1.137	80.0	596.0	53.0	0.5009999871254	0.44600000977516	0.009
station_02	no_player_and_shadow	35	walk_right	1.141	17.151	1.137	80.0	596.0	53.0	0.43000000715256	0.44699999690056	0.005
station_02	no_player_and_shadow	36	walk_right	0.895	17.151	1.137	80.0	596.0	53.0	0.42899999022484	0.44600000977516	0.004
station_02	no_player_and_shadow	37	walk_right	1.191	17.151	1.137	80.0	596.0	53.0	0.43299999833107	0.46099999547005	0.006
station_02	no_player_and_shadow	38	walk_right	1.259	17.151	1.137	80.0	596.0	53.0	0.43000000715256	0.42699998617172	0.006
station_02	no_player_and_shadow	39	walk_right	1.175	17.151	1.137	80.0	596.0	53.0	0.3910000026226	0.59200000762939	0.007
station_02	no_player_and_shadow	40	walk_right	0.922	17.151	1.137	80.0	596.0	53.0	0.41499999165535	0.44600000977516	0.005
station_02	no_player_and_shadow	41	walk_right	7.616	17.151	1.137	80.0	596.0	53.0	0.53700000047684	0.45699998736382	0.005
station_02	no_player_and_shadow	42	walk_right	1.759	17.151	1.137	80.0	596.0	53.0	0.38699999451637	0.5789999961853	0.013
station_02	no_player_and_shadow	43	walk_right	1.379	17.151	1.137	80.0	596.0	53.0	0.43500000238419	0.65200001001358	0.007
station_02	no_player_and_shadow	44	walk_right	1.213	17.151	1.137	80.0	596.0	53.0	0.52200001478195	0.56800001859665	0.014
station_02	no_player_and_shadow	45	walk_right	1.299	17.151	1.137	80.0	596.0	53.0	0.50800001621246	0.52999997138977	0.008
station_02	no_player_and_shadow	46	walk_right	1.588	17.151	1.137	80.0	596.0	53.0	0.38199999928474	0.57499998807907	0.011
station_02	no_player_and_shadow	47	walk_right	1.222	17.151	1.137	80.0	596.0	53.0	0.45500001311302	0.8740000128746	0.005
station_02	no_player_and_shadow	48	walk_right	1.168	17.151	1.137	80.0	596.0	53.0	0.64899998903275	0.68400001525879	0.006
station_02	no_player_and_shadow	49	walk_right	1.033	17.151	1.137	80.0	596.0	53.0	0.64200001955032	0.56900000572205	0.005
station_02	no_player_and_shadow	50	walk_right	1.008	17.151	1.137	80.0	596.0	53.0	0.4539999961853	0.59600001573563	0.005
station_02	no_player_and_shadow	51	walk_right	1.035	17.151	1.137	80.0	596.0	53.0	0.51999998092651	1.80499994754791	0.016
station_02	no_player_and_shadow	52	walk_right	1.019	17.151	1.137	80.0	596.0	53.0	0.8309999704361	0.54699999094009	0.004
station_02	no_player_and_shadow	53	walk_right	1.171	17.151	1.137	80.0	596.0	53.0	0.48899999260902	0.50199997425079	0.005
station_02	no_player_and_shadow	54	walk_right	1.553	17.151	1.137	80.0	596.0	53.0	0.53600001335144	0.55099999904633	0.007
station_02	no_player_and_shadow	55	walk_right	1.229	17.151	1.137	80.0	596.0	53.0	0.42300000786781	0.47200000286102	0.006
station_02	no_player_and_shadow	56	walk_right	1.257	17.151	1.137	80.0	596.0	53.0	0.4379999935627	0.47699999809265	0.005
station_02	no_player_and_shadow	57	walk_right	1.094	17.151	1.137	80.0	596.0	53.0	0.41100001335144	0.48199999332428	0.005
station_02	no_player_and_shadow	58	walk_right	1.096	17.151	1.137	80.0	596.0	53.0	0.42300000786781	0.5009999871254	0.005
station_02	no_player_and_shadow	59	walk_right	1.393	17.151	1.137	80.0	596.0	53.0	0.50199997425079	0.58300000429153	0.006
station_02	no_player_and_shadow	60	walk_right	1.238	17.151	1.137	80.0	596.0	53.0	0.54199999570847	0.50599998235703	0.005
station_02	no_player_and_shadow	61	walk_right	1.684	17.151	1.137	80.0	596.0	53.0	0.47299998998642	0.46999999880791	0.006
station_02	no_player_and_shadow	62	walk_right	1.776	17.151	1.137	80.0	596.0	53.0	0.43299999833107	0.4839999973774	0.008
station_02	no_player_and_shadow	63	walk_right	1.205	17.151	1.137	80.0	596.0	53.0	0.4370000064373	0.46599999070168	0.007
station_02	no_player_and_shadow	64	walk_right	7.75	17.151	1.137	80.0	596.0	53.0	0.42699998617172	0.58799999952316	0.013
station_02	no_player_and_shadow	65	walk_right	1.397	17.151	1.137	80.0	596.0	53.0	0.44600000977516	0.54299998283386	0.006
station_02	no_player_and_shadow	66	walk_right	1.683	17.151	1.137	80.0	596.0	53.0	0.44999998807907	0.50800001621246	0.006
station_02	no_player_and_shadow	67	walk_right	1.225	17.151	1.137	80.0	596.0	53.0	0.54299998283386	0.58499997854233	0.005
station_02	no_player_and_shadow	68	walk_right	1.573	17.151	1.137	80.0	596.0	53.0	0.65100002288818	0.51499998569489	0.019
station_02	no_player_and_shadow	69	walk_right	1.089	17.151	1.137	80.0	596.0	53.0	0.42599999904633	0.47999998927116	0.005
station_02	no_player_and_shadow	70	walk_right	0.988	17.151	1.137	80.0	596.0	53.0	0.61100000143051	0.49000000953674	0.005
station_02	no_player_and_shadow	71	walk_right	1.056	17.151	1.137	80.0	596.0	53.0	0.62099999189377	0.47200000286102	0.005
station_02	no_player_and_shadow	72	jump_launch	0.992	17.151	1.137	80.0	596.0	53.0	0.4709999859333	0.69700002670288	0.005
station_02	no_player_and_shadow	73	jump_launch	1.125	17.151	1.137	80.0	596.0	53.0	0.51899999380112	1.71300005912781	0.005
station_02	no_player_and_shadow	74	jump_launch	0.966	17.151	1.137	80.0	596.0	53.0	0.71200001239777	0.59700000286102	0.005
station_02	no_player_and_shadow	75	airborne_and_land	0.958	17.151	1.137	80.0	596.0	53.0	0.4539999961853	0.52700001001358	0.005
station_02	no_player_and_shadow	76	airborne_and_land	0.967	17.151	1.137	80.0	596.0	53.0	0.46099999547005	0.53500002622604	0.005
station_02	no_player_and_shadow	77	airborne_and_land	0.931	17.151	1.137	80.0	596.0	53.0	0.5009999871254	0.56099998950958	0.005
station_02	no_player_and_shadow	78	airborne_and_land	1.546	17.151	1.137	80.0	596.0	53.0	0.41400000452995	0.45699998736382	0.006
station_02	no_player_and_shadow	79	airborne_and_land	1.194	17.151	1.137	80.0	596.0	53.0	0.58200001716614	0.44600000977516	0.005
station_02	no_player_and_shadow	80	airborne_and_land	1.459	17.151	1.137	80.0	596.0	53.0	0.40500000119209	0.44699999690056	0.005
station_02	no_player_and_shadow	81	airborne_and_land	1.241	17.151	1.137	80.0	596.0	53.0	0.41699999570847	0.44600000977516	0.007
station_02	no_player_and_shadow	82	airborne_and_land	1.269	17.151	1.137	80.0	596.0	53.0	0.46000000834465	0.44600000977516	0.006
station_02	no_player_and_shadow	83	airborne_and_land	1.093	17.151	1.137	80.0	596.0	53.0	0.43000000715256	0.44600000977516	0.005
station_02	no_player_and_shadow	84	airborne_and_land	1.108	17.151	1.137	80.0	596.0	53.0	0.57300001382828	0.55500000715256	0.004
station_02	no_player_and_shadow	85	airborne_and_land	1.081	17.151	1.137	80.0	596.0	53.0	0.46700000762939	0.51300001144409	0.005
station_02	no_player_and_shadow	86	airborne_and_land	1.728	17.151	1.137	80.0	596.0	53.0	0.67599999904633	0.55099999904633	0.004
station_02	no_player_and_shadow	87	airborne_and_land	1.982	17.151	1.137	80.0	596.0	53.0	0.44800001382828	0.53100001811981	0.011
station_02	no_player_and_shadow	88	airborne_and_land	1.509	17.151	1.137	80.0	596.0	53.0	0.46099999547005	0.49399998784065	0.009
station_02	no_player_and_shadow	89	airborne_and_land	1.256	17.151	1.137	80.0	596.0	53.0	0.41200000047684	0.42300000786781	0.006
station_02	no_player_and_shadow	90	airborne_and_land	1.52	17.151	1.137	80.0	596.0	53.0	0.43299999833107	0.46500000357628	0.006
station_02	no_player_and_shadow	91	airborne_and_land	1.138	17.151	1.137	80.0	596.0	53.0	0.40700000524521	0.43299999833107	0.005
station_02	no_player_and_shadow	92	airborne_and_land	1.036	17.151	1.137	80.0	596.0	53.0	0.40099999308586	0.57400000095367	0.004
station_02	no_player_and_shadow	93	airborne_and_land	1.218	17.151	1.137	80.0	596.0	53.0	0.71799999475479	0.74199998378754	0.006
station_02	no_player_and_shadow	94	airborne_and_land	1.201	17.151	1.137	80.0	596.0	53.0	0.60900002717972	0.51499998569489	0.005
station_02	no_player_and_shadow	95	airborne_and_land	1.359	17.151	1.137	80.0	596.0	53.0	0.44900000095367	0.47600001096725	0.011
station_02	no_player_and_shadow	96	airborne_and_land	1.029	17.151	1.137	80.0	596.0	53.0	0.51599997282028	0.48500001430511	0.007
station_02	no_player_and_shadow	97	airborne_and_land	6.917	17.151	1.137	80.0	596.0	53.0	0.50900000333786	0.55199998617172	0.009
station_02	no_player_and_shadow	98	airborne_and_land	1.247	17.151	1.137	80.0	596.0	53.0	0.46099999547005	0.61400002241135	0.007
station_02	no_player_and_shadow	99	airborne_and_land	1.207	17.151	1.137	80.0	596.0	53.0	0.49300000071526	0.50800001621246	0.005
station_02	no_player_and_shadow	100	airborne_and_land	1.295	17.151	1.137	80.0	596.0	53.0	0.45800000429153	0.57700002193451	0.005
station_02	no_player_and_shadow	101	airborne_and_land	1.102	17.151	1.137	80.0	596.0	53.0	0.58999997377396	0.55900001525879	0.006
station_02	no_player_and_shadow	102	airborne_and_land	1.879	17.151	1.137	80.0	596.0	53.0	0.42899999022484	0.52600002288818	0.007
station_02	no_player_and_shadow	103	airborne_and_land	1.837	17.151	1.137	80.0	596.0	53.0	0.63599997758865	0.57300001382828	0.018
station_02	no_player_and_shadow	104	airborne_and_land	1.061	17.151	1.137	80.0	596.0	53.0	0.51300001144409	0.49599999189377	0.006
station_02	no_player_and_shadow	105	airborne_and_land	1.176	17.151	1.137	80.0	596.0	53.0	0.48199999332428	0.72100001573563	0.005
station_02	no_player_and_shadow	106	airborne_and_land	1.253	17.151	1.137	80.0	596.0	53.0	0.53799998760223	0.53600001335144	0.006
station_02	no_player_and_shadow	107	airborne_and_land	1.014	17.151	1.137	80.0	596.0	53.0	0.43099999427795	0.59399998188019	0.006
station_02	no_player_and_shadow	108	airborne_and_land	1.182	17.151	1.137	80.0	596.0	53.0	0.53600001335144	1.84500002861023	0.006
station_02	no_player_and_shadow	109	airborne_and_land	1.08	17.151	1.137	80.0	596.0	53.0	0.6700000166893	0.52499997615814	0.007
station_02	no_player_and_shadow	110	airborne_and_land	0.955	17.151	1.137	80.0	596.0	53.0	0.4709999859333	0.45199999213219	0.005
station_02	no_player_and_shadow	111	airborne_and_land	16.874	17.151	1.137	80.0	596.0	53.0	0.40599998831749	0.51999998092651	0.03
station_02	no_player_and_shadow	112	airborne_and_land	2.209	17.151	1.137	80.0	596.0	53.0	0.53200000524521	0.51499998569489	0.01
station_02	no_player_and_shadow	113	airborne_and_land	1.279	17.151	1.137	80.0	596.0	53.0	0.44999998807907	0.4839999973774	0.007
station_02	no_player_and_shadow	114	airborne_and_land	1.059	17.151	1.137	80.0	596.0	53.0	0.59299999475479	17.3600006103516	0.006
station_02	no_player_and_shadow	115	airborne_and_land	1.095	17.151	1.137	80.0	596.0	53.0	0.41999998688698	0.78899997472763	0.005
station_02	no_player_and_shadow	116	airborne_and_land	1.382	17.151	1.137	80.0	596.0	53.0	0.38199999928474	0.61100000143051	0.006
station_02	no_player_and_shadow	117	airborne_and_land	1.756	17.151	1.137	80.0	596.0	53.0	0.966000020504	0.61599999666214	0.007
station_02	no_player_and_shadow	118	airborne_and_land	1.458	17.151	1.137	80.0	596.0	53.0	0.67199999094009	0.57800000905991	0.007
station_02	no_player_and_shadow	119	airborne_and_land	1.389	17.151	1.137	80.0	596.0	53.0	0.49599999189377	0.5009999871254	0.01
station_02	no_player_and_shadow	120	airborne_and_land	1.157	17.151	1.137	80.0	596.0	53.0	0.4379999935627	0.51700001955032	0.007
station_02	no_player_and_shadow	121	airborne_and_land	6.872	17.151	1.137	80.0	596.0	53.0	0.50800001621246	0.60399997234344	0.008
station_02	no_player_and_shadow	122	airborne_and_land	1.184	17.151	1.137	80.0	596.0	53.0	0.64899998903275	0.63999998569489	0.006
station_02	no_player_and_shadow	123	airborne_and_land	2.3	17.151	1.137	80.0	596.0	53.0	0.51700001955032	0.56099998950958	0.014
station_02	no_player_and_shadow	124	airborne_and_land	2.518	17.151	1.137	80.0	596.0	53.0	0.69400000572205	0.63200002908707	0.011
station_02	no_player_and_shadow	125	airborne_and_land	1.476	17.151	1.137	80.0	596.0	53.0	0.56400001049042	0.57499998807907	0.01
station_02	no_player_and_shadow	126	airborne_and_land	1.129	17.151	1.137	80.0	596.0	53.0	0.43000000715256	0.55699998140335	0.006
station_02	no_player_and_shadow	127	airborne_and_land	1.087	17.151	1.137	80.0	596.0	53.0	0.50700002908707	0.56499999761581	0.005
station_02	no_player_and_shadow	128	airborne_and_land	0.97	17.151	1.137	80.0	596.0	53.0	0.4839999973774	0.7620000243187	0.004
station_02	no_player_and_shadow	129	airborne_and_land	1.408	17.151	1.137	80.0	596.0	53.0	1.04999995231628	0.70999997854233	0.006
station_02	no_player_and_shadow	130	airborne_and_land	1.115	17.151	1.137	80.0	596.0	53.0	1.36899995803833	0.58899998664856	0.005
station_02	no_player_and_shadow	131	airborne_and_land	1.142	17.151	1.137	80.0	596.0	53.0	0.57200002670288	0.45199999213219	0.006
station_02	no_player_and_shadow	132	airborne_and_land	1.025	17.151	1.137	80.0	596.0	53.0	0.45500001311302	0.49799999594688	0.005
station_02	no_player_and_shadow	133	airborne_and_land	0.999	17.151	1.137	80.0	596.0	53.0	0.48600000143051	0.47200000286102	0.005
station_02	no_player_and_shadow	134	airborne_and_land	0.988	17.151	1.137	80.0	596.0	53.0	0.42300000786781	0.46900001168251	0.005
station_02	no_player_and_shadow	135	airborne_and_land	1.015	17.151	1.137	80.0	596.0	53.0	0.4709999859333	0.57800000905991	0.005
station_02	no_player_and_shadow	136	airborne_and_land	1.364	17.151	1.137	80.0	596.0	53.0	0.46799999475479	0.5789999961853	0.012
station_02	no_player_and_shadow	137	airborne_and_land	2.639	17.151	1.137	80.0	596.0	53.0	0.49500000476837	0.52700001001358	0.008
station_02	no_player_and_shadow	138	airborne_and_land	1.893	17.151	1.137	80.0	596.0	53.0	0.43900001049042	0.47999998927116	0.009
station_02	no_player_and_shadow	139	airborne_and_land	1.045	17.151	1.137	80.0	596.0	53.0	0.41499999165535	0.48500001430511	0.007
station_02	no_player_and_shadow	140	airborne_and_land	7.845	17.151	1.137	80.0	596.0	53.0	0.41499999165535	0.46799999475479	0.007
station_02	no_player_and_shadow	141	airborne_and_land	1.504	17.151	1.137	80.0	596.0	53.0	0.44200000166893	0.47799998521805	0.005
station_02	no_player_and_shadow	142	airborne_and_land	2.28	17.151	1.137	80.0	596.0	53.0	0.50800001621246	0.58399999141693	0.005
station_02	no_player_and_shadow	143	airborne_and_land	1.97	17.151	1.137	80.0	596.0	53.0	0.95099997520447	0.93699997663498	0.027
station_02	no_player_and_shadow	144	recovery	1.334	17.151	1.137	80.0	596.0	53.0	0.67799997329712	0.57599997520447	0.007
station_02	no_player_and_shadow	145	recovery	1.177	17.151	1.137	80.0	596.0	53.0	0.40200001001358	0.94199997186661	0.005
station_02	no_player_and_shadow	146	recovery	1.09	17.151	1.137	80.0	596.0	53.0	0.52899998426437	0.60799998044968	0.005
station_02	no_player_and_shadow	147	recovery	1.597	17.151	1.137	80.0	596.0	53.0	0.56300002336502	0.7059999704361	0.005
station_02	no_player_and_shadow	148	recovery	1.082	17.151	1.137	80.0	596.0	53.0	0.81599998474121	0.93900001049042	0.005
station_02	no_player_and_shadow	149	recovery	0.976	17.151	1.137	80.0	596.0	53.0	0.67199999094009	0.64600002765656	0.005
station_02	no_player_and_shadow	150	recovery	0.97	17.151	1.137	80.0	596.0	53.0	0.46599999070168	0.51899999380112	0.005
station_02	no_player_and_shadow	151	recovery	1.041	17.151	1.137	80.0	596.0	53.0	0.41699999570847	0.54799997806549	0.005
station_02	no_player_and_shadow	152	recovery	0.992	17.151	1.137	80.0	596.0	53.0	0.45199999213219	0.46299999952316	0.004
station_02	no_player_and_shadow	153	recovery	1.184	17.151	1.137	80.0	596.0	53.0	0.52999997138977	0.51499998569489	0.005
station_02	no_player_and_shadow	154	recovery	1.199	17.151	1.137	80.0	596.0	53.0	0.483000010252	0.4990000128746	0.005
station_02	no_player_and_shadow	155	recovery	1.394	17.151	1.137	80.0	596.0	53.0	0.43599998950958	0.52100002765656	0.007
station_02	no_player_and_shadow	156	recovery	1.14	17.151	1.137	80.0	596.0	53.0	0.43500000238419	0.44600000977516	0.006
station_02	no_player_and_shadow	157	recovery	7.487	17.151	1.137	80.0	596.0	53.0	0.49300000071526	0.44699999690056	0.01
station_02	no_player_and_shadow	158	recovery	9.766	17.151	1.137	80.0	596.0	53.0	0.42899999022484	0.50400000810623	0.01
station_02	no_player_and_shadow	159	recovery	1.37	17.151	1.137	80.0	596.0	53.0	0.41200000047684	0.46700000762939	0.008
station_02	no_player_and_shadow	160	recovery	1.165	17.151	1.137	80.0	596.0	53.0	0.49200001358986	0.57499998807907	0.006
station_02	no_player_and_shadow	161	recovery	1.2	17.151	1.137	80.0	596.0	53.0	0.70800000429153	8.90499973297119	0.005
station_02	no_player_and_shadow	162	recovery	1.049	17.151	1.137	80.0	596.0	53.0	0.44100001454353	1.57200002670288	0.005
station_02	no_player_and_shadow	163	recovery	1.04	17.151	1.137	80.0	596.0	53.0	0.61100000143051	0.5440000295639	0.005
station_02	no_player_and_shadow	164	recovery	1.022	17.151	1.137	80.0	596.0	53.0	0.6129999756813	0.56400001049042	0.005
station_02	no_player_and_shadow	165	recovery	1.043	17.151	1.137	80.0	596.0	53.0	0.54900002479553	0.51599997282028	0.005
station_02	no_player_and_shadow	166	recovery	1.507	17.151	1.137	80.0	596.0	53.0	0.48500001430511	0.58899998664856	0.006
station_02	no_player_and_shadow	167	recovery	1.013	17.151	1.137	80.0	596.0	53.0	0.46399998664856	0.47299998998642	0.005
station_02	no_player_and_shadow	168	recovery	1.32	17.151	1.137	80.0	596.0	53.0	0.44100001454353	0.47200000286102	0.005
station_02	no_player_and_shadow	169	recovery	0.916	17.151	1.137	80.0	596.0	53.0	0.4379999935627	0.45800000429153	0.005
station_02	no_player_and_shadow	170	recovery	0.964	17.151	1.137	80.0	596.0	53.0	0.44299998879433	0.45600000023842	0.004
station_02	no_player_and_shadow	171	recovery	1.21	17.151	1.137	80.0	596.0	53.0	0.44100001454353	0.49700000882149	0.005
station_02	no_player_and_shadow	172	walk_left	1.49	17.151	1.137	80.0	596.0	53.0	0.44600000977516	0.48600000143051	0.006
station_02	no_player_and_shadow	173	walk_left	1.184	17.151	1.137	80.0	596.0	53.0	0.42899999022484	0.47299998998642	0.005
station_02	no_player_and_shadow	174	walk_left	1.17	17.151	1.137	80.0	596.0	53.0	0.69599997997284	0.51399999856949	0.006
station_02	no_player_and_shadow	175	walk_left	1.032	17.151	1.137	80.0	596.0	53.0	0.40200001001358	0.46700000762939	0.006
station_02	no_player_and_shadow	176	walk_left	1.586	17.151	1.137	98.0	740.0	56.0	0.42199999094009	0.46500000357628	0.006
station_02	no_player_and_shadow	177	walk_left	1.333	17.151	1.137	98.0	740.0	56.0	0.58999997377396	0.59200000762939	0.005
station_02	no_player_and_shadow	178	walk_left	1.655	17.151	1.137	98.0	740.0	56.0	0.58399999141693	0.56199997663498	0.005
station_02	no_player_and_shadow	179	walk_left	1.569	17.151	1.137	98.0	740.0	56.0	0.47299998998642	0.61199998855591	0.007
station_02	no_player_and_shadow	180	walk_left	1.196	17.151	1.137	98.0	740.0	56.0	0.52799999713898	0.46999999880791	0.005
station_02	no_player_and_shadow	181	walk_left	7.987	17.151	1.137	98.0	740.0	56.0	0.4370000064373	0.4709999859333	0.011
station_02	no_player_and_shadow	182	walk_left	1.694	17.151	1.137	98.0	740.0	56.0	0.49200001358986	0.52700001001358	0.007
station_02	no_player_and_shadow	183	walk_left	1.462	17.151	1.137	98.0	740.0	56.0	0.46799999475479	0.49700000882149	0.006
station_02	no_player_and_shadow	184	walk_left	1.317	17.151	1.137	98.0	740.0	56.0	0.75599998235703	0.56199997663498	0.006
station_02	no_player_and_shadow	185	walk_left	1.264	17.151	1.137	98.0	740.0	56.0	0.50199997425079	0.55599999427795	0.006
station_02	no_player_and_shadow	186	walk_left	1.717	17.151	1.137	98.0	740.0	56.0	0.54299998283386	0.47799998521805	0.006
station_02	no_player_and_shadow	187	walk_left	1.216	17.151	1.137	98.0	740.0	56.0	0.716000020504	0.47499999403954	0.006
station_02	no_player_and_shadow	188	walk_left	1.157	17.151	1.137	98.0	740.0	56.0	0.60299998521805	0.46399998664856	0.005
station_02	no_player_and_shadow	189	walk_left	1.168	17.151	1.137	98.0	740.0	56.0	0.56599998474121	0.51099997758865	0.005
station_02	no_player_and_shadow	190	walk_left	1.21	17.151	1.137	98.0	740.0	56.0	0.45100000500679	0.47400000691414	0.005
station_02	no_player_and_shadow	191	walk_left	1.253	17.151	1.137	98.0	740.0	56.0	0.48100000619888	0.5120000243187	0.006
station_02	no_player_and_shadow	192	walk_left	1.187	17.151	1.137	98.0	740.0	56.0	0.48500001430511	0.54900002479553	0.006
station_02	no_player_and_shadow	193	walk_left	2.276	17.151	1.137	98.0	740.0	56.0	0.5009999871254	0.51800000667572	0.008
station_02	no_player_and_shadow	194	walk_left	1.413	17.151	1.137	98.0	740.0	56.0	0.51499998569489	0.50300002098083	0.008
station_02	no_player_and_shadow	195	walk_left	1.208	17.151	1.137	98.0	740.0	56.0	0.44699999690056	0.71899998188019	0.006
station_02	no_player_and_shadow	196	walk_left	15.863	17.151	1.137	98.0	740.0	56.0	0.4839999973774	0.62900000810623	0.013
station_02	no_player_and_shadow	197	walk_left	1.727	17.151	1.137	98.0	740.0	56.0	0.5440000295639	0.69400000572205	0.007
station_02	no_player_and_shadow	198	walk_left	1.344	17.151	1.137	98.0	740.0	56.0	0.49500000476837	0.56300002336502	0.006
station_02	no_player_and_shadow	199	walk_left	1.243	17.151	1.137	98.0	740.0	56.0	1.28299999237061	16.7730007171631	0.005
station_02	no_player_and_shadow	200	walk_left	1.236	17.151	1.137	98.0	740.0	56.0	0.52300000190735	1.39900004863739	0.005
station_02	no_player_and_shadow	201	walk_left	1.24	17.151	1.137	98.0	740.0	56.0	0.44200000166893	0.52899998426437	0.005
station_02	no_player_and_shadow	202	walk_left	1.285	17.151	1.137	98.0	740.0	56.0	1.10300004482269	0.45899999141693	0.006
station_02	no_player_and_shadow	203	walk_left	1.205	17.151	1.137	98.0	740.0	56.0	0.69199997186661	0.43999999761581	0.004
station_02	no_player_and_shadow	204	walk_left	1.352	17.151	1.137	98.0	740.0	56.0	0.52499997615814	0.46700000762939	0.004
station_02	no_player_and_shadow	205	walk_left	2.325	17.151	1.137	98.0	740.0	56.0	0.46900001168251	0.5009999871254	0.007
station_02	no_player_and_shadow	206	walk_left	1.349	17.151	1.137	98.0	740.0	56.0	0.4379999935627	0.48500001430511	0.005
station_02	no_player_and_shadow	207	walk_left	1.248	17.151	1.137	98.0	740.0	56.0	0.4379999935627	0.56499999761581	0.005
station_02	no_player_and_shadow	208	walk_left	1.586	17.151	1.137	98.0	740.0	56.0	0.49599999189377	0.47299998998642	0.005
station_02	no_player_and_shadow	209	idle_after_cycle	2.183	17.151	1.137	98.0	740.0	56.0	0.46700000762939	0.4709999859333	0.007
station_02	no_player_and_shadow	210	idle_after_cycle	1.291	17.151	1.137	98.0	740.0	56.0	0.50800001621246	0.54100000858307	0.007
station_02	no_player_and_shadow	211	idle_after_cycle	6.048	17.151	1.137	98.0	740.0	56.0	0.79900002479553	0.51999998092651	0.007
station_02	no_player_and_shadow	212	idle_after_cycle	1.739	17.151	1.137	98.0	740.0	56.0	0.50599998235703	0.46200001239777	0.007
station_02	no_player_and_shadow	213	idle_after_cycle	2.033	17.151	1.137	98.0	740.0	56.0	0.47900000214577	0.483000010252	0.021
station_02	no_player_and_shadow	214	idle_after_cycle	1.644	17.151	1.137	98.0	740.0	56.0	0.67599999904633	1.10199999809265	0.007
station_02	no_player_and_shadow	215	idle_after_cycle	1.528	17.151	1.137	98.0	740.0	56.0	0.70899999141693	0.51999998092651	0.006
station_02	no_player_and_shadow	216	idle_after_cycle	1.207	17.151	1.137	98.0	740.0	56.0	0.45800000429153	0.49200001358986	0.005
station_02	no_player_and_shadow	217	idle_after_cycle	1.21	17.151	1.137	98.0	740.0	56.0	0.53299999237061	0.68000000715256	0.006
station_02	no_player_and_shadow	218	idle_after_cycle	1.148	17.151	1.137	98.0	740.0	56.0	0.62000000476837	1.54499995708466	0.004
station_02	no_player_and_shadow	219	idle_after_cycle	1.128	17.151	1.137	98.0	740.0	56.0	0.97100001573563	0.54100000858307	0.005
station_02	no_shadow	2	idle	1.091	17.151	1.137	101.0	760.0	71.0	0.48500001430511	0.49300000071526	0.005
station_02	no_shadow	3	idle	1.233	17.151	1.137	101.0	760.0	71.0	0.51499998569489	0.51800000667572	0.005
station_02	no_shadow	4	idle	1.259	17.151	1.137	101.0	760.0	71.0	0.46599999070168	0.46900001168251	0.008
station_02	no_shadow	5	idle	1.187	17.151	1.137	101.0	760.0	71.0	0.55299997329712	0.48500001430511	0.007
station_02	no_shadow	6	idle	1.085	17.151	1.137	101.0	760.0	71.0	0.658999979496	0.57499998807907	0.006
station_02	no_shadow	7	idle	1.157	17.151	1.137	101.0	760.0	71.0	0.47900000214577	0.50300002098083	0.006
station_02	no_shadow	8	idle	1.063	17.151	1.137	101.0	760.0	71.0	0.47499999403954	0.49200001358986	0.006
station_02	no_shadow	9	idle	1.501	17.151	1.137	101.0	760.0	71.0	0.57200002670288	0.56699997186661	0.007
station_02	no_shadow	10	idle	1.263	17.151	1.137	101.0	760.0	71.0	0.60500001907349	0.69599997997284	0.006
station_02	no_shadow	11	idle	1.555	17.151	1.137	101.0	760.0	71.0	0.55000001192093	0.59200000762939	0.005
station_02	no_shadow	12	idle	1.46	17.151	1.137	101.0	760.0	71.0	0.4990000128746	0.47900000214577	0.013
station_02	no_shadow	13	idle	1.199	17.151	1.137	101.0	760.0	71.0	0.56900000572205	0.48100000619888	0.006
station_02	no_shadow	14	idle	8.245	17.151	1.137	101.0	760.0	71.0	0.50999999046326	0.46599999070168	0.009
station_02	no_shadow	15	idle	1.664	17.151	1.137	101.0	760.0	71.0	0.52899998426437	0.48800000548363	0.007
station_02	no_shadow	16	idle	1.263	17.151	1.137	101.0	760.0	71.0	0.51099997758865	0.4709999859333	0.006
station_02	no_shadow	17	idle	1.154	17.151	1.137	101.0	760.0	71.0	0.625	0.44800001382828	0.005
station_02	no_shadow	18	idle	1.138	17.151	1.137	101.0	760.0	71.0	0.68900001049042	0.50999999046326	0.004
station_02	no_shadow	19	idle	1.502	17.151	1.137	101.0	760.0	71.0	0.51999998092651	0.49599999189377	0.014
station_02	no_shadow	20	idle	1.233	17.151	1.137	101.0	760.0	71.0	0.71799999475479	0.6129999756813	0.006
station_02	no_shadow	21	idle	1.205	17.151	1.137	101.0	760.0	71.0	0.79900002479553	0.50800001621246	0.006
station_02	no_shadow	22	idle	1.257	17.151	1.137	101.0	760.0	71.0	0.48699998855591	0.52200001478195	0.005
station_02	no_shadow	23	idle	1.142	17.151	1.137	101.0	760.0	71.0	0.48699998855591	0.50400000810623	0.006
station_02	no_shadow	24	idle	1.343	17.151	1.137	101.0	760.0	71.0	0.47900000214577	0.59899997711182	0.007
station_02	no_shadow	25	idle	1.786	17.151	1.137	101.0	760.0	71.0	0.53100001811981	0.58399999141693	0.009
station_02	no_shadow	26	idle	1.106	17.151	1.137	101.0	760.0	71.0	0.56099998950958	0.658999979496	0.006
station_02	no_shadow	27	idle	1.073	17.151	1.137	101.0	760.0	71.0	0.5450000166893	1.46800005435944	0.005
station_02	no_shadow	28	idle	1.071	17.151	1.137	101.0	760.0	71.0	0.47699999809265	0.77200001478195	0.005
station_02	no_shadow	29	idle	1.526	17.151	1.137	101.0	760.0	71.0	0.55199998617172	0.62199997901917	0.006
station_02	no_shadow	30	walk_right	1.201	17.151	1.137	101.0	760.0	71.0	0.64600002765656	1.88399994373322	0.006
station_02	no_shadow	31	walk_right	1.332	17.151	1.137	101.0	760.0	71.0	0.76599997282028	0.62699997425079	0.005
station_02	no_shadow	32	walk_right	1.21	17.151	1.137	101.0	760.0	71.0	0.4839999973774	0.58600002527237	0.006
station_02	no_shadow	33	walk_right	1.687	17.151	1.137	101.0	760.0	71.0	0.52600002288818	0.63499999046326	0.009
station_02	no_shadow	34	walk_right	1.553	17.151	1.137	101.0	760.0	71.0	0.53299999237061	0.61000001430511	0.009
station_02	no_shadow	35	walk_right	1.338	17.151	1.137	101.0	760.0	71.0	0.51599997282028	0.55199998617172	0.007
station_02	no_shadow	36	walk_right	1.535	17.151	1.137	101.0	760.0	71.0	0.4709999859333	0.48800000548363	0.012
station_02	no_shadow	37	walk_right	1.355	17.151	1.137	101.0	760.0	71.0	0.57300001382828	0.5460000038147	0.006
station_02	no_shadow	38	walk_right	1.324	17.151	1.137	101.0	760.0	71.0	0.47400000691414	0.68400001525879	0.006
station_02	no_shadow	39	walk_right	1.797	17.151	1.137	101.0	760.0	71.0	0.79900002479553	0.59299999475479	0.007
station_02	no_shadow	40	walk_right	1.137	17.151	1.137	101.0	760.0	71.0	0.64399999380112	0.89700001478195	0.006
station_02	no_shadow	41	walk_right	1.101	17.151	1.137	101.0	760.0	71.0	0.65799999237061	0.55699998140335	0.005
station_02	no_shadow	42	walk_right	1.161	17.151	1.137	101.0	760.0	71.0	0.51800000667572	0.59299999475479	0.006
station_02	no_shadow	43	walk_right	1.448	17.151	1.137	101.0	760.0	71.0	0.52999997138977	0.50999999046326	0.007
station_02	no_shadow	44	walk_right	1.42	17.151	1.137	101.0	760.0	71.0	0.58799999952316	1.00800001621246	0.007
station_02	no_shadow	45	walk_right	1.504	17.151	1.137	101.0	760.0	71.0	0.54299998283386	0.76800000667572	0.01
station_02	no_shadow	46	walk_right	1.572	17.151	1.137	101.0	760.0	71.0	0.56000000238419	0.63599997758865	0.011
station_02	no_shadow	47	walk_right	1.267	17.151	1.137	101.0	760.0	71.0	0.4990000128746	0.55599999427795	0.007
station_02	no_shadow	48	walk_right	1.536	17.151	1.137	101.0	760.0	71.0	0.55299997329712	0.66399997472763	0.005
station_02	no_shadow	49	walk_right	1.442	17.151	1.137	101.0	760.0	71.0	0.66299998760223	0.75900000333786	0.008
station_02	no_shadow	50	walk_right	1.706	17.151	1.137	101.0	760.0	71.0	0.56000000238419	0.64399999380112	0.007
station_02	no_shadow	51	walk_right	7.556	17.151	1.137	101.0	760.0	71.0	0.591000020504	0.95999997854233	0.007
station_02	no_shadow	52	walk_right	1.572	17.151	1.137	101.0	760.0	71.0	0.77100002765656	0.68999999761581	0.006
station_02	no_shadow	53	walk_right	1.266	17.151	1.137	101.0	760.0	71.0	0.55699998140335	0.91000002622604	0.006
station_02	no_shadow	54	walk_right	1.153	17.151	1.137	101.0	760.0	71.0	0.76300001144409	0.72000002861023	0.006
station_02	no_shadow	55	walk_right	1.348	17.151	1.137	101.0	760.0	71.0	0.54299998283386	0.68199998140335	0.07
station_02	no_shadow	56	walk_right	1.581	17.151	1.137	101.0	760.0	71.0	0.4839999973774	0.64600002765656	0.034
station_02	no_shadow	57	walk_right	1.631	17.151	1.137	101.0	760.0	71.0	0.61199998855591	0.64099997282028	0.007
station_02	no_shadow	58	walk_right	1.217	17.151	1.137	101.0	760.0	71.0	0.74500000476837	0.64700001478195	0.006
station_02	no_shadow	59	walk_right	1.136	17.151	1.137	101.0	760.0	71.0	0.62900000810623	0.47600001096725	0.006
station_02	no_shadow	60	walk_right	1.186	17.151	1.137	101.0	760.0	71.0	0.46500000357628	0.62000000476837	0.006
station_02	no_shadow	61	walk_right	2.171	17.151	1.137	101.0	760.0	71.0	0.61900001764297	0.7039999961853	0.007
station_02	no_shadow	62	walk_right	1.146	17.151	1.137	101.0	760.0	71.0	0.56800001859665	0.68400001525879	0.006
station_02	no_shadow	63	walk_right	1.22	17.151	1.137	101.0	760.0	71.0	0.71700000762939	0.44699999690056	0.006
station_02	no_shadow	64	walk_right	7.489	17.151	1.137	101.0	760.0	71.0	0.5	0.49200001358986	0.01
station_02	no_shadow	65	walk_right	1.315	17.151	1.137	101.0	760.0	71.0	0.46200001239777	0.49500000476837	0.007
station_02	no_shadow	66	walk_right	1.155	17.151	1.137	101.0	760.0	71.0	0.52499997615814	0.49799999594688	0.007
station_02	no_shadow	67	walk_right	1.111	17.151	1.137	101.0	760.0	71.0	0.65299999713898	9.07100009918213	0.006
station_02	no_shadow	68	walk_right	1.007	17.151	1.137	101.0	760.0	71.0	0.53299999237061	0.63499999046326	0.005
station_02	no_shadow	69	walk_right	1.035	17.151	1.137	101.0	760.0	71.0	0.60299998521805	0.69900000095367	0.008
station_02	no_shadow	70	walk_right	0.967	17.151	1.137	101.0	760.0	71.0	0.62800002098083	0.57200002670288	0.005
station_02	no_shadow	71	walk_right	1.557	17.151	1.137	101.0	760.0	71.0	0.52999997138977	0.64899998903275	0.005
station_02	no_shadow	72	jump_launch	1.902	17.151	1.137	101.0	760.0	71.0	0.46900001168251	0.61100000143051	0.007
station_02	no_shadow	73	jump_launch	1.689	17.151	1.137	101.0	760.0	71.0	0.47999998927116	0.64300000667572	0.007
station_02	no_shadow	74	jump_launch	1.535	17.151	1.137	101.0	760.0	71.0	0.47200000286102	0.47900000214577	0.006
station_02	no_shadow	75	airborne_and_land	1.487	17.151	1.137	101.0	760.0	71.0	0.4839999973774	0.44600000977516	0.006
station_02	no_shadow	76	airborne_and_land	1.816	17.151	1.137	101.0	760.0	71.0	0.45199999213219	0.81400001049042	0.007
station_02	no_shadow	77	airborne_and_land	1.625	17.151	1.137	101.0	760.0	71.0	0.52399998903275	0.48500001430511	0.007
station_02	no_shadow	78	airborne_and_land	1.429	17.151	1.137	101.0	760.0	71.0	0.56400001049042	0.56900000572205	0.006
station_02	no_shadow	79	airborne_and_land	1.698	17.151	1.137	101.0	760.0	71.0	0.55800002813339	0.69599997997284	0.006
station_02	no_shadow	80	airborne_and_land	1.812	17.151	1.137	101.0	760.0	71.0	0.51399999856949	0.73400002717972	0.007
station_02	no_shadow	81	airborne_and_land	1.559	17.151	1.137	101.0	760.0	71.0	0.55500000715256	1.81099998950958	0.007
station_02	no_shadow	82	airborne_and_land	8.306	17.151	1.137	101.0	760.0	71.0	0.76800000667572	0.5799999833107	0.011
station_02	no_shadow	83	airborne_and_land	1.705	17.151	1.137	101.0	760.0	71.0	0.58999997377396	0.4709999859333	0.008
station_02	no_shadow	84	airborne_and_land	1.536	17.151	1.137	101.0	760.0	71.0	0.49000000953674	0.58600002527237	0.007
station_02	no_shadow	85	airborne_and_land	1.434	17.151	1.137	101.0	760.0	71.0	0.58600002527237	0.69900000095367	0.006
station_02	no_shadow	86	airborne_and_land	1.309	17.151	1.137	101.0	760.0	71.0	0.65399998426437	0.72899997234344	0.005
station_02	no_shadow	87	airborne_and_land	2.379	17.151	1.137	101.0	760.0	71.0	0.5120000243187	0.6129999756813	0.006
station_02	no_shadow	88	airborne_and_land	1.479	17.151	1.137	101.0	760.0	71.0	0.8629999756813	0.69800001382828	0.007
station_02	no_shadow	89	airborne_and_land	1.515	17.151	1.137	101.0	760.0	71.0	0.67299997806549	0.58700001239777	0.006
station_02	no_shadow	90	airborne_and_land	1.262	17.151	1.137	101.0	760.0	71.0	0.61500000953674	0.63300001621246	0.005
station_02	no_shadow	91	airborne_and_land	1.344	17.151	1.137	101.0	760.0	71.0	0.52499997615814	0.45100000500679	0.005
station_02	no_shadow	92	airborne_and_land	2.089	17.151	1.137	101.0	760.0	71.0	0.52399998903275	0.45500001311302	0.006
station_02	no_shadow	93	airborne_and_land	2.077	17.151	1.137	101.0	760.0	71.0	0.60100001096725	0.66100001335144	0.006
station_02	no_shadow	94	airborne_and_land	1.643	17.151	1.137	101.0	760.0	71.0	0.56199997663498	0.49599999189377	0.007
station_02	no_shadow	95	airborne_and_land	1.448	17.151	1.137	101.0	760.0	71.0	0.55699998140335	0.49000000953674	0.007
station_02	no_shadow	96	airborne_and_land	1.296	17.151	1.137	101.0	760.0	71.0	0.50700002908707	0.55599999427795	0.006
station_02	no_shadow	97	airborne_and_land	1.361	17.151	1.137	101.0	760.0	71.0	0.51300001144409	0.48500001430511	0.005
station_02	no_shadow	98	airborne_and_land	1.333	17.151	1.137	101.0	760.0	71.0	0.591000020504	0.69499999284744	0.006
station_02	no_shadow	99	airborne_and_land	1.265	17.151	1.137	101.0	760.0	71.0	0.89700001478195	0.59500002861023	0.005
station_02	no_shadow	100	airborne_and_land	1.419	17.151	1.137	101.0	760.0	71.0	0.64999997615814	0.46000000834465	0.007
station_02	no_shadow	101	airborne_and_land	1.516	17.151	1.137	101.0	760.0	71.0	0.53700000047684	0.46999999880791	0.046
station_02	no_shadow	102	airborne_and_land	2.071	17.151	1.137	101.0	760.0	71.0	0.53100001811981	0.45500001311302	0.006
station_02	no_shadow	103	airborne_and_land	1.721	17.151	1.137	101.0	760.0	71.0	0.54799997806549	0.45600000023842	0.012
station_02	no_shadow	104	airborne_and_land	1.688	17.151	1.137	101.0	760.0	71.0	0.55900001525879	0.59700000286102	0.008
station_02	no_shadow	105	airborne_and_land	1.282	17.151	1.137	101.0	760.0	71.0	0.48100000619888	0.4539999961853	0.006
station_02	no_shadow	106	airborne_and_land	7.355	17.151	1.137	101.0	760.0	71.0	0.56999999284744	0.63400000333786	0.012
station_02	no_shadow	107	airborne_and_land	1.508	17.151	1.137	101.0	760.0	71.0	0.51800000667572	0.49700000882149	0.006
station_02	no_shadow	108	airborne_and_land	1.328	17.151	1.137	101.0	760.0	71.0	0.58600002527237	0.54900002479553	0.005
station_02	no_shadow	109	airborne_and_land	1.31	17.151	1.137	101.0	760.0	71.0	0.69599997997284	0.59600001573563	0.005
station_02	no_shadow	110	airborne_and_land	1.537	17.151	1.137	101.0	760.0	71.0	0.56599998474121	0.47600001096725	0.006
station_02	no_shadow	111	airborne_and_land	1.857	17.151	1.137	101.0	760.0	71.0	0.46500000357628	0.57400000095367	0.008
station_02	no_shadow	112	airborne_and_land	2.087	17.151	1.137	101.0	760.0	71.0	0.63300001621246	0.45699998736382	0.007
station_02	no_shadow	113	airborne_and_land	1.888	17.151	1.137	101.0	760.0	71.0	0.58499997854233	0.45500001311302	0.008
station_02	no_shadow	114	airborne_and_land	1.599	17.151	1.137	101.0	760.0	71.0	0.51099997758865	0.4370000064373	0.009
station_02	no_shadow	115	airborne_and_land	1.607	17.151	1.137	101.0	760.0	71.0	0.4839999973774	0.58200001716614	0.006
station_02	no_shadow	116	airborne_and_land	1.566	17.151	1.137	101.0	760.0	71.0	0.57599997520447	1.78900003433228	0.007
station_02	no_shadow	117	airborne_and_land	1.485	17.151	1.137	101.0	760.0	71.0	0.64800000190735	0.49799999594688	0.006
station_02	no_shadow	118	airborne_and_land	1.556	17.151	1.137	101.0	760.0	71.0	0.58799999952316	0.59299999475479	0.006
station_02	no_shadow	119	airborne_and_land	1.44	17.151	1.137	101.0	760.0	71.0	0.55699998140335	0.61599999666214	0.005
station_02	no_shadow	120	airborne_and_land	1.903	17.151	1.137	101.0	760.0	71.0	0.56999999284744	0.52399998903275	0.007
station_02	no_shadow	121	airborne_and_land	1.58	17.151	1.137	101.0	760.0	71.0	0.60000002384186	0.56499999761581	0.006
station_02	no_shadow	122	airborne_and_land	2.548	17.151	1.137	101.0	760.0	71.0	0.53600001335144	0.52399998903275	0.009
station_02	no_shadow	123	airborne_and_land	1.672	17.151	1.137	101.0	760.0	71.0	0.48500001430511	0.63300001621246	0.008
station_02	no_shadow	124	airborne_and_land	1.534	17.151	1.137	101.0	760.0	71.0	0.47699999809265	0.46299999952316	0.007
station_02	no_shadow	125	airborne_and_land	1.351	17.151	1.137	101.0	760.0	71.0	0.5120000243187	0.50300002098083	0.006
station_02	no_shadow	126	airborne_and_land	1.318	17.151	1.137	101.0	760.0	71.0	0.7059999704361	0.53799998760223	0.006
station_02	no_shadow	127	airborne_and_land	1.357	17.151	1.137	101.0	760.0	71.0	0.5120000243187	0.56999999284744	0.006
station_02	no_shadow	128	airborne_and_land	1.421	17.151	1.137	101.0	760.0	71.0	0.69400000572205	0.58200001716614	0.006
station_02	no_shadow	129	airborne_and_land	1.397	17.151	1.137	101.0	760.0	71.0	0.62800002098083	0.53500002622604	0.006
station_02	no_shadow	130	airborne_and_land	1.343	17.151	1.137	101.0	760.0	71.0	0.60900002717972	0.51800000667572	0.006
station_02	no_shadow	131	airborne_and_land	1.49	17.151	1.137	101.0	760.0	71.0	0.49799999594688	0.47600001096725	0.014
station_02	no_shadow	132	airborne_and_land	2.238	17.151	1.137	101.0	760.0	71.0	0.52200001478195	0.47200000286102	0.014
station_02	no_shadow	133	airborne_and_land	1.48	17.151	1.137	101.0	760.0	71.0	0.57800000905991	0.5809999704361	0.007
station_02	no_shadow	134	airborne_and_land	1.527	17.151	1.137	101.0	760.0	71.0	0.60399997234344	0.47999998927116	0.007
station_02	no_shadow	135	airborne_and_land	1.324	17.151	1.137	101.0	760.0	71.0	0.49500000476837	0.483000010252	0.006
station_02	no_shadow	136	airborne_and_land	1.34	17.151	1.137	101.0	760.0	71.0	0.53799998760223	0.625	0.006
station_02	no_shadow	137	airborne_and_land	1.459	17.151	1.137	101.0	760.0	71.0	0.55099999904633	0.52600002288818	0.006
station_02	no_shadow	138	airborne_and_land	1.419	17.151	1.137	101.0	760.0	71.0	0.65200001001358	0.4990000128746	0.006
station_02	no_shadow	139	airborne_and_land	1.295	17.151	1.137	101.0	760.0	71.0	0.53700000047684	0.52200001478195	0.005
station_02	no_shadow	140	airborne_and_land	1.309	17.151	1.137	101.0	760.0	71.0	0.62999999523163	0.57499998807907	0.005
station_02	no_shadow	141	airborne_and_land	1.374	17.151	1.137	101.0	760.0	71.0	0.49500000476837	0.47900000214577	0.005
station_02	no_shadow	142	airborne_and_land	3.023	17.151	1.137	101.0	760.0	71.0	0.56599998474121	0.5009999871254	0.008
station_02	no_shadow	143	airborne_and_land	1.567	17.151	1.137	101.0	760.0	71.0	0.55699998140335	0.58700001239777	0.009
station_02	no_shadow	144	recovery	1.351	17.151	1.137	101.0	760.0	71.0	0.52899998426437	0.47400000691414	0.006
station_02	no_shadow	145	recovery	6.616	17.151	1.137	101.0	760.0	71.0	0.48600000143051	0.5009999871254	0.013
station_02	no_shadow	146	recovery	1.774	17.151	1.137	101.0	760.0	71.0	0.47600001096725	0.47600001096725	0.006
station_02	no_shadow	147	recovery	1.387	17.151	1.137	101.0	760.0	71.0	0.46999999880791	0.60399997234344	0.006
station_02	no_shadow	148	recovery	1.592	17.151	1.137	101.0	760.0	71.0	0.93800002336502	9.23799991607666	0.006
station_02	no_shadow	149	recovery	2.259	17.151	1.137	101.0	760.0	71.0	0.61400002241135	0.51700001955032	0.007
station_02	no_shadow	150	recovery	2.179	17.151	1.137	101.0	760.0	71.0	0.4539999961853	0.52499997615814	0.008
station_02	no_shadow	151	recovery	1.654	17.151	1.137	101.0	760.0	71.0	0.66299998760223	0.658999979496	0.007
station_02	no_shadow	152	recovery	1.394	17.151	1.137	101.0	760.0	71.0	0.82499998807907	0.50800001621246	0.006
station_02	no_shadow	153	recovery	1.347	17.151	1.137	101.0	760.0	71.0	0.54299998283386	0.52300000190735	0.006
station_02	no_shadow	154	recovery	1.388	17.151	1.137	101.0	760.0	71.0	0.63800001144409	0.56300002336502	0.006
station_02	no_shadow	155	recovery	1.291	17.151	1.137	101.0	760.0	71.0	1.28999996185303	0.57300001382828	0.005
station_02	no_shadow	156	recovery	1.602	17.151	1.137	101.0	760.0	71.0	0.64700001478195	0.5440000295639	0.006
station_02	no_shadow	157	recovery	1.292	17.151	1.137	101.0	760.0	71.0	0.64399999380112	0.50499999523163	0.006
station_02	no_shadow	158	recovery	1.904	17.151	1.137	101.0	760.0	71.0	0.56499999761581	0.50900000333786	0.006
station_02	no_shadow	159	recovery	1.887	17.151	1.137	101.0	760.0	71.0	0.4839999973774	0.51800000667572	0.007
station_02	no_shadow	160	recovery	1.481	17.151	1.137	101.0	760.0	71.0	0.50400000810623	0.46900001168251	0.007
station_02	no_shadow	161	recovery	1.363	17.151	1.137	101.0	760.0	71.0	0.49599999189377	0.47600001096725	0.006
station_02	no_shadow	162	recovery	1.338	17.151	1.137	101.0	760.0	71.0	0.59500002861023	0.53799998760223	0.005
station_02	no_shadow	163	recovery	1.379	17.151	1.137	101.0	760.0	71.0	0.49599999189377	0.5	0.006
station_02	no_shadow	164	recovery	1.316	17.151	1.137	101.0	760.0	71.0	0.63599997758865	0.58999997377396	0.006
station_02	no_shadow	165	recovery	1.416	17.151	1.137	101.0	760.0	71.0	0.6259999871254	0.54799997806549	0.005
station_02	no_shadow	166	recovery	1.855	17.151	1.137	119.0	904.0	74.0	0.55000001192093	0.50199997425079	0.006
station_02	no_shadow	167	recovery	1.691	17.151	1.137	119.0	904.0	74.0	0.55199998617172	0.49200001358986	0.006
station_02	no_shadow	168	recovery	1.494	17.151	1.137	119.0	904.0	74.0	0.52799999713898	0.4990000128746	0.006
station_02	no_shadow	169	recovery	2.143	17.151	1.137	119.0	904.0	74.0	0.55099999904633	0.45800000429153	0.009
station_02	no_shadow	170	recovery	1.926	17.151	1.137	119.0	904.0	74.0	0.49200001358986	0.45500001311302	0.008
station_02	no_shadow	171	recovery	1.327	17.151	1.137	119.0	904.0	74.0	0.56999999284744	0.46500000357628	0.006
station_02	no_shadow	172	walk_left	6.507	17.151	1.137	119.0	904.0	74.0	0.56300002336502	0.46700000762939	0.007
station_02	no_shadow	173	walk_left	2.026	17.151	1.137	119.0	904.0	74.0	0.55299997329712	0.48600000143051	0.006
station_02	no_shadow	174	walk_left	2.204	17.151	1.137	119.0	904.0	74.0	0.52399998903275	0.50900000333786	0.007
station_02	no_shadow	175	walk_left	1.915	17.151	1.137	119.0	904.0	74.0	0.84299999475479	8.81900024414063	0.006
station_02	no_shadow	176	walk_left	2.347	17.151	1.137	119.0	904.0	74.0	0.591000020504	0.54699999094009	0.008
station_02	no_shadow	177	walk_left	1.918	17.151	1.137	119.0	904.0	74.0	0.44299998879433	0.47699999809265	0.008
station_02	no_shadow	178	walk_left	1.641	17.151	1.137	119.0	904.0	74.0	0.84500002861023	0.47699999809265	0.007
station_02	no_shadow	179	walk_left	1.606	17.151	1.137	119.0	904.0	74.0	0.59200000762939	0.44600000977516	0.006
station_02	no_shadow	180	walk_left	1.49	17.151	1.137	119.0	904.0	74.0	0.58899998664856	0.51300001144409	0.006
station_02	no_shadow	181	walk_left	1.463	17.151	1.137	119.0	904.0	74.0	0.56800001859665	0.55800002813339	0.006
station_02	no_shadow	182	walk_left	2.313	17.151	1.137	119.0	904.0	74.0	0.7059999704361	0.79699999094009	0.007
station_02	no_shadow	183	walk_left	1.666	17.151	1.137	119.0	904.0	74.0	0.62699997425079	0.64800000190735	0.007
station_02	no_shadow	184	walk_left	1.564	17.151	1.137	119.0	904.0	74.0	0.54799997806549	0.483000010252	0.007
station_02	no_shadow	185	walk_left	1.84	17.151	1.137	119.0	904.0	74.0	0.53200000524521	0.47200000286102	0.007
station_02	no_shadow	186	walk_left	1.658	17.151	1.137	119.0	904.0	74.0	0.52300000190735	0.45699998736382	0.007
station_02	no_shadow	187	walk_left	1.541	17.151	1.137	119.0	904.0	74.0	0.51599997282028	0.48699998855591	0.007
station_02	no_shadow	188	walk_left	1.381	17.151	1.137	119.0	904.0	74.0	0.60799998044968	0.81999999284744	0.005
station_02	no_shadow	189	walk_left	1.453	17.151	1.137	119.0	904.0	74.0	0.59899997711182	0.85299998521805	0.005
station_02	no_shadow	190	walk_left	1.384	17.151	1.137	119.0	904.0	74.0	0.60500001907349	0.81000000238419	0.006
station_02	no_shadow	191	walk_left	2.554	17.151	1.137	119.0	904.0	74.0	0.6259999871254	0.70099997520447	0.007
station_02	no_shadow	192	walk_left	1.551	17.151	1.137	119.0	904.0	74.0	0.60600000619888	1.07099997997284	0.007
station_02	no_shadow	193	walk_left	1.741	17.151	1.137	119.0	904.0	74.0	0.5440000295639	0.6129999756813	0.007
station_02	no_shadow	194	walk_left	1.429	17.151	1.137	119.0	904.0	74.0	0.54299998283386	0.47600001096725	0.006
station_02	no_shadow	195	walk_left	8.515	17.151	1.137	119.0	904.0	74.0	0.55500000715256	0.52200001478195	0.013
station_02	no_shadow	196	walk_left	1.984	17.151	1.137	119.0	904.0	74.0	0.51899999380112	0.51999998092651	0.009
station_02	no_shadow	197	walk_left	1.586	17.151	1.137	119.0	904.0	74.0	0.64200001955032	0.83300000429153	0.007
station_02	no_shadow	198	walk_left	1.762	17.151	1.137	119.0	904.0	74.0	0.53600001335144	0.66600000858307	0.009
station_02	no_shadow	199	walk_left	2.38	17.151	1.137	119.0	904.0	74.0	0.63899999856949	0.61699998378754	0.009
station_02	no_shadow	200	walk_left	1.714	17.151	1.137	119.0	904.0	74.0	0.533999979496	0.625	0.007
station_02	no_shadow	201	walk_left	1.967	17.151	1.137	119.0	904.0	74.0	0.82599997520447	0.61900001764297	0.009
station_02	no_shadow	202	walk_left	2.181	17.151	1.137	119.0	904.0	74.0	0.7490000128746	0.68599998950958	0.023
station_02	no_shadow	203	walk_left	1.568	17.151	1.137	119.0	904.0	74.0	0.55900001525879	0.66699999570847	0.007
station_02	no_shadow	204	walk_left	1.431	17.151	1.137	119.0	904.0	74.0	0.63899999856949	0.64899998903275	0.006
station_02	no_shadow	205	walk_left	1.462	17.151	1.137	119.0	904.0	74.0	0.68199998140335	0.58999997377396	0.006
station_02	no_shadow	206	walk_left	1.403	17.151	1.137	119.0	904.0	74.0	0.73500001430511	0.77999997138977	0.005
station_02	no_shadow	207	walk_left	2.431	17.151	1.137	119.0	904.0	74.0	0.64899998903275	2.01699995994568	0.008
station_02	no_shadow	208	walk_left	1.538	17.151	1.137	119.0	904.0	74.0	0.74199998378754	0.65600001811981	0.007
station_02	no_shadow	209	idle_after_cycle	1.657	17.151	1.137	119.0	904.0	74.0	0.54100000858307	0.58499997854233	0.006
station_02	no_shadow	210	idle_after_cycle	1.544	17.151	1.137	119.0	904.0	74.0	0.55000001192093	0.57499998807907	0.006
station_02	no_shadow	211	idle_after_cycle	1.546	17.151	1.137	119.0	904.0	74.0	0.54299998283386	0.52899998426437	0.007
station_02	no_shadow	212	idle_after_cycle	1.403	17.151	1.137	119.0	904.0	74.0	0.53100001811981	0.73900002241135	0.006
station_02	no_shadow	213	idle_after_cycle	1.095	17.151	1.137	119.0	904.0	74.0	0.6370000243187	0.63599997758865	0.005
station_02	no_shadow	214	idle_after_cycle	1.093	17.151	1.137	119.0	904.0	74.0	0.57499998807907	0.94099998474121	0.005
station_02	no_shadow	215	idle_after_cycle	1.116	17.151	1.137	119.0	904.0	74.0	0.55199998617172	0.48100000619888	0.005
station_02	no_shadow	216	idle_after_cycle	1.659	17.151	1.137	119.0	904.0	74.0	0.5799999833107	0.68999999761581	0.007
station_02	no_shadow	217	idle_after_cycle	1.325	17.151	1.137	119.0	904.0	74.0	0.57300001382828	0.51099997758865	0.033
station_02	no_shadow	218	idle_after_cycle	1.534	17.151	1.137	119.0	904.0	74.0	0.55699998140335	0.46599999070168	0.006
station_02	no_shadow	219	idle_after_cycle	1.289	17.151	1.137	119.0	904.0	74.0	0.47200000286102	0.4709999859333	0.005
