scene	mode	step	phase	frame_interval_ms	time_process_ms	time_physics_ms	canvas_items	canvas_primitives	canvas_draw_calls	render_cpu_ms	render_gpu_ms	frame_setup_cpu_ms
station_02	full_world	2	idle	1.539	380.488	1.06	102.0	752.0	72.0	0.56800001859665	0.48899999260902	0.006
station_02	full_world	3	idle	1.615	380.488	1.06	102.0	752.0	72.0	0.53299999237061	0.52300000190735	0.008
station_02	full_world	4	idle	1.809	380.488	1.06	102.0	752.0	72.0	0.56999999284744	0.51999998092651	0.007
station_02	full_world	5	idle	7.64	380.488	1.06	102.0	752.0	72.0	0.5789999961853	0.48199999332428	0.011
station_02	full_world	6	idle	2.054	380.488	1.06	102.0	752.0	72.0	0.52999997138977	0.52799999713898	0.01
station_02	full_world	7	idle	1.84	380.488	1.06	102.0	752.0	72.0	0.65600001811981	0.59600001573563	0.01
station_02	full_world	8	idle	1.371	380.488	1.06	102.0	752.0	72.0	0.73000001907349	0.56699997186661	0.007
station_02	full_world	9	idle	7.724	380.488	1.06	102.0	752.0	72.0	0.76800000667572	0.54699999094009	0.012
station_02	full_world	10	idle	2.136	380.488	1.06	102.0	752.0	72.0	0.81400001049042	0.5809999704361	0.009
station_02	full_world	11	idle	1.471	380.488	1.06	102.0	752.0	72.0	0.84600001573563	0.6259999871254	0.006
station_02	full_world	12	idle	1.261	380.488	1.06	102.0	752.0	72.0	0.80400002002716	9.52299976348877	0.006
station_02	full_world	13	idle	1.237	380.488	1.06	102.0	752.0	72.0	0.65399998426437	0.51999998092651	0.006
station_02	full_world	14	idle	1.221	380.488	1.06	102.0	752.0	72.0	0.59399998188019	0.59500002861023	0.005
station_02	full_world	15	idle	1.233	380.488	1.06	102.0	752.0	72.0	0.77600002288818	0.71899998188019	0.005
station_02	full_world	16	idle	1.211	380.488	1.06	102.0	752.0	72.0	0.68000000715256	0.55199998617172	0.006
station_02	full_world	17	idle	1.534	380.488	1.06	102.0	752.0	72.0	0.7059999704361	0.52200001478195	0.007
station_02	full_world	18	idle	1.914	380.488	1.06	102.0	752.0	72.0	0.58600002527237	0.51800000667572	0.008
station_02	full_world	19	idle	1.311	380.488	1.06	102.0	752.0	72.0	0.55199998617172	0.53500002622604	0.006
station_02	full_world	20	idle	1.217	380.488	1.06	102.0	752.0	72.0	0.55500000715256	0.51099997758865	0.005
station_02	full_world	21	idle	1.318	380.488	1.06	102.0	752.0	72.0	0.55500000715256	0.61599999666214	0.006
station_02	full_world	22	idle	1.384	380.488	1.06	102.0	752.0	72.0	0.55900001525879	0.57300001382828	0.005
station_02	full_world	23	idle	2.065	380.488	1.06	102.0	752.0	72.0	0.64099997282028	0.57300001382828	0.023
station_02	full_world	24	idle	1.399	380.488	1.06	102.0	752.0	72.0	0.64300000667572	0.5009999871254	0.009
station_02	full_world	25	idle	6.92	380.488	1.06	102.0	752.0	72.0	0.61799997091293	0.55500000715256	0.011
station_02	full_world	26	idle	2.141	380.488	1.06	102.0	752.0	72.0	0.55699998140335	0.50400000810623	0.008
station_02	full_world	27	idle	1.53	380.488	1.06	102.0	752.0	72.0	0.5799999833107	0.50900000333786	0.009
station_02	full_world	28	idle	1.557	380.488	1.06	102.0	752.0	72.0	0.67199999094009	9.59899997711182	0.009
station_02	full_world	29	idle	1.432	380.488	1.06	102.0	752.0	72.0	1.10500001907349	0.64399999380112	0.008
station_02	full_world	30	walk_right	1.322	380.488	1.06	102.0	752.0	72.0	0.60100001096725	0.5450000166893	0.006
station_02	full_world	31	walk_right	1.236	380.488	1.06	102.0	752.0	72.0	0.67199999094009	0.71200001239777	0.005
station_02	full_world	32	walk_right	1.211	380.488	1.06	102.0	752.0	72.0	0.67500001192093	0.59799998998642	0.006
station_02	full_world	33	walk_right	1.395	380.488	1.06	102.0	752.0	72.0	0.67799997329712	0.57599997520447	0.006
station_02	full_world	34	walk_right	1.864	380.488	1.06	102.0	752.0	72.0	0.71399998664856	0.51999998092651	0.006
station_02	full_world	35	walk_right	2.46	380.488	1.06	102.0	752.0	72.0	0.64099997282028	0.49599999189377	0.008
station_02	full_world	36	walk_right	1.315	380.488	1.06	102.0	752.0	72.0	0.58999997377396	0.49200001358986	0.006
station_02	full_world	37	walk_right	1.295	380.488	1.06	102.0	752.0	72.0	0.57599997520447	0.50599998235703	0.006
station_02	full_world	38	walk_right	1.201	380.488	1.06	102.0	752.0	72.0	0.56199997663498	0.51300001144409	0.006
station_02	full_world	39	walk_right	1.214	380.488	1.06	102.0	752.0	72.0	0.60199999809265	0.55900001525879	0.006
station_02	full_world	40	walk_right	1.245	380.488	1.06	102.0	752.0	72.0	0.60399997234344	0.71399998664856	0.006
station_02	full_world	41	walk_right	1.214	380.488	1.06	102.0	752.0	72.0	0.73199999332428	0.6129999756813	0.006
station_02	full_world	42	walk_right	1.2	380.488	1.06	102.0	752.0	72.0	0.60000002384186	0.50599998235703	0.006
station_02	full_world	43	walk_right	1.18	380.488	1.06	102.0	752.0	72.0	0.61699998378754	0.49799999594688	0.005
station_02	full_world	44	walk_right	2.275	380.488	1.06	102.0	752.0	72.0	0.56000000238419	0.50199997425079	0.007
station_02	full_world	45	walk_right	1.344	380.488	1.06	102.0	752.0	72.0	0.55699998140335	0.50300002098083	0.007
station_02	full_world	46	walk_right	1.309	380.488	1.06	102.0	752.0	72.0	0.58600002527237	0.51099997758865	0.006
station_02	full_world	47	walk_right	1.213	380.488	1.06	102.0	752.0	72.0	0.55500000715256	0.48800000548363	0.005
station_02	full_world	48	walk_right	1.227	380.488	1.06	102.0	752.0	72.0	0.56099998950958	0.48899999260902	0.006
station_02	full_world	49	walk_right	1.176	380.488	1.06	102.0	752.0	72.0	0.54900002479553	0.52300000190735	0.005
station_02	full_world	50	walk_right	1.186	380.488	1.06	102.0	752.0	72.0	0.64099997282028	0.59200000762939	0.005
station_02	full_world	51	walk_right	1.227	380.488	1.06	102.0	752.0	72.0	0.60199999809265	0.50599998235703	0.005
station_02	full_world	52	walk_right	1.171	380.488	1.06	102.0	752.0	72.0	0.60000002384186	0.54199999570847	0.005
station_02	full_world	53	walk_right	1.2	380.488	1.06	102.0	752.0	72.0	0.55599999427795	0.51099997758865	0.005
station_02	full_world	54	walk_right	1.195	380.488	1.06	102.0	752.0	72.0	0.58700001239777	0.4839999973774	0.005
station_02	full_world	55	walk_right	2.307	380.488	1.06	102.0	752.0	72.0	0.55199998617172	0.50800001621246	0.007
station_02	full_world	56	walk_right	1.912	380.488	1.06	102.0	752.0	72.0	0.53799998760223	0.49599999189377	0.007
station_02	full_world	57	walk_right	2.208	380.488	1.06	102.0	752.0	72.0	0.57800000905991	0.48699998855591	0.009
station_02	full_world	58	walk_right	6.525	380.488	1.06	102.0	752.0	72.0	0.54699999094009	0.48699998855591	0.009
station_02	full_world	59	walk_right	1.391	380.488	1.06	102.0	752.0	72.0	0.56000000238419	0.483000010252	0.006
station_02	full_world	60	walk_right	1.344	380.488	1.06	102.0	752.0	72.0	0.55400002002716	0.49500000476837	0.006
station_02	full_world	61	walk_right	1.245	380.488	1.06	102.0	752.0	72.0	0.71899998188019	9.92000007629395	0.006
station_02	full_world	62	walk_right	3.101	380.488	1.06	102.0	752.0	72.0	0.58300000429153	0.54100000858307	0.005
station_02	full_world	63	walk_right	1.476	380.488	1.06	102.0	752.0	72.0	1.02300000190735	0.60699999332428	0.006
station_02	full_world	64	walk_right	1.439	380.488	1.06	102.0	752.0	72.0	0.69999998807907	0.6690000295639	0.007
station_02	full_world	65	walk_right	1.631	380.488	1.06	102.0	752.0	72.0	0.64099997282028	0.52200001478195	0.007
station_02	full_world	66	walk_right	2.427	380.488	1.06	102.0	752.0	72.0	0.59899997711182	0.53100001811981	0.009
station_02	full_world	67	walk_right	1.28	380.488	1.06	102.0	752.0	72.0	0.56099998950958	0.50199997425079	0.005
station_02	full_world	68	walk_right	7.114	380.488	1.06	102.0	752.0	72.0	0.64499998092651	0.62900000810623	0.009
station_02	full_world	69	walk_right	1.502	380.488	1.06	102.0	752.0	72.0	0.62699997425079	0.60299998521805	0.007
station_02	full_world	70	walk_right	1.345	380.488	1.06	102.0	752.0	72.0	0.68000000715256	0.56400001049042	0.006
station_02	full_world	71	walk_right	1.39	380.488	1.06	102.0	752.0	72.0	0.62099999189377	9.38700008392334	0.006
station_02	full_world	72	jump_launch	1.211	380.488	1.06	102.0	752.0	72.0	0.65700000524521	0.61500000953674	0.005
station_02	full_world	73	jump_launch	1.215	380.488	1.06	102.0	752.0	72.0	0.54699999094009	0.5440000295639	0.006
station_02	full_world	74	jump_launch	1.241	380.488	1.06	102.0	752.0	72.0	0.74500000476837	0.63300001621246	0.006
station_02	full_world	75	airborne_and_land	1.192	380.488	1.06	102.0	752.0	72.0	0.64999997615814	0.54799997806549	0.005
station_02	full_world	76	airborne_and_land	2.296	380.488	1.06	102.0	752.0	72.0	0.62099999189377	0.55299997329712	0.007
station_02	full_world	77	airborne_and_land	1.614	380.488	1.06	102.0	752.0	72.0	0.71100002527237	0.55800002813339	0.006
station_02	full_world	78	airborne_and_land	2.068	380.488	1.06	102.0	752.0	72.0	0.55199998617172	0.53700000047684	0.005
station_02	full_world	79	airborne_and_land	2.103	380.488	1.06	102.0	752.0	72.0	0.54900002479553	0.51599997282028	0.009
station_02	full_world	80	airborne_and_land	1.641	380.488	1.06	102.0	752.0	72.0	0.58399999141693	0.52499997615814	0.007
station_02	full_world	81	airborne_and_land	6.859	380.488	1.06	102.0	752.0	72.0	0.55000001192093	0.51599997282028	0.007
station_02	full_world	82	airborne_and_land	1.808	380.488	1.06	102.0	752.0	72.0	0.67500001192093	0.51800000667572	0.008
station_02	full_world	83	airborne_and_land	1.656	380.488	1.06	102.0	752.0	72.0	0.61799997091293	0.50999999046326	0.006
station_02	full_world	84	airborne_and_land	1.979	380.488	1.06	102.0	752.0	72.0	0.64999997615814	0.53899997472763	0.008
station_02	full_world	85	airborne_and_land	2.749	380.488	1.06	102.0	752.0	72.0	0.74800002574921	0.57700002193451	0.01
station_02	full_world	86	airborne_and_land	7.217	380.488	1.06	102.0	752.0	72.0	0.59399998188019	0.68199998140335	0.012
station_02	full_world	87	airborne_and_land	3.89	380.488	1.06	102.0	752.0	72.0	0.74099999666214	0.64600002765656	0.01
station_02	full_world	88	airborne_and_land	1.943	380.488	1.06	102.0	752.0	72.0	0.72299998998642	0.55400002002716	0.007
station_02	full_world	89	airborne_and_land	2.626	380.488	1.06	102.0	752.0	72.0	0.61799997091293	0.63200002908707	0.008
station_02	full_world	90	airborne_and_land	1.693	380.488	1.06	102.0	752.0	72.0	0.69300001859665	0.5809999704361	0.007
station_02	full_world	91	airborne_and_land	1.759	380.488	1.06	102.0	752.0	72.0	0.70700001716614	0.60500001907349	0.008
station_02	full_world	92	airborne_and_land	1.715	380.488	1.06	102.0	752.0	72.0	0.81000000238419	0.60900002717972	0.006
station_02	full_world	93	airborne_and_land	1.657	380.488	1.06	102.0	752.0	72.0	0.77799999713898	0.55599999427795	0.006
station_02	full_world	94	airborne_and_land	2.638	380.488	1.06	102.0	752.0	72.0	0.67500001192093	0.6129999756813	0.007
station_02	full_world	95	airborne_and_land	1.643	380.488	1.06	102.0	752.0	72.0	0.74299997091293	0.54699999094009	0.006
station_02	full_world	96	airborne_and_land	1.959	380.488	1.06	102.0	752.0	72.0	0.63499999046326	0.55199998617172	0.008
station_02	full_world	97	airborne_and_land	2.053	380.488	1.06	102.0	752.0	72.0	0.68599998950958	0.52399998903275	0.009
station_02	full_world	98	airborne_and_land	2.056	380.488	1.06	102.0	752.0	72.0	0.69700002670288	0.53500002622604	0.009
station_02	full_world	99	airborne_and_land	2.82	380.488	1.06	102.0	752.0	72.0	0.65499997138977	0.51800000667572	0.009
station_02	full_world	100	airborne_and_land	1.767	380.488	1.06	102.0	752.0	72.0	0.72299998998642	0.52100002765656	0.006
station_02	full_world	101	airborne_and_land	1.707	380.488	1.06	102.0	752.0	72.0	0.64600002765656	0.51399999856949	0.007
station_02	full_world	102	airborne_and_land	1.67	380.488	1.06	102.0	752.0	72.0	0.85199999809265	0.63999998569489	0.006
station_02	full_world	103	airborne_and_land	1.646	380.488	1.06	102.0	752.0	72.0	0.72000002861023	0.69300001859665	0.007
station_02	full_world	104	airborne_and_land	1.731	380.488	1.06	102.0	752.0	72.0	0.78899997472763	0.58200001716614	0.006
station_02	full_world	105	airborne_and_land	1.738	380.488	1.06	102.0	752.0	72.0	0.80299997329712	0.53299999237061	0.007
station_02	full_world	106	airborne_and_land	1.643	380.488	1.06	102.0	752.0	72.0	0.67299997806549	0.51800000667572	0.006
station_02	full_world	107	airborne_and_land	2.531	380.488	1.06	102.0	752.0	72.0	0.63300001621246	0.51300001144409	0.007
station_02	full_world	108	airborne_and_land	1.745	380.488	1.06	102.0	752.0	72.0	0.66100001335144	0.53100001811981	0.006
station_02	full_world	109	airborne_and_land	1.689	380.488	1.06	102.0	752.0	72.0	0.64200001955032	0.61699998378754	0.007
station_02	full_world	110	airborne_and_land	1.671	380.488	1.06	102.0	752.0	72.0	0.71399998664856	0.55500000715256	0.006
station_02	full_world	111	airborne_and_land	1.54	380.488	1.06	102.0	752.0	72.0	0.67799997329712	0.51700001955032	0.005
station_02	full_world	112	airborne_and_land	1.502	380.488	1.06	102.0	752.0	72.0	0.62199997901917	0.51499998569489	0.006
station_02	full_world	113	airborne_and_land	1.516	380.488	1.06	102.0	752.0	72.0	0.7039999961853	0.5440000295639	0.005
station_02	full_world	114	airborne_and_land	1.944	380.488	1.06	102.0	752.0	72.0	0.72899997234344	0.53899997472763	0.007
station_02	full_world	115	airborne_and_land	1.73	380.488	1.06	102.0	752.0	72.0	0.63099998235703	0.51800000667572	0.007
station_02	full_world	116	airborne_and_land	2.562	380.488	1.06	102.0	752.0	72.0	0.64300000667572	0.50900000333786	0.006
station_02	full_world	117	airborne_and_land	1.62	380.488	1.06	102.0	752.0	72.0	0.61100000143051	0.50900000333786	0.006
station_02	full_world	118	airborne_and_land	1.821	380.488	1.06	102.0	752.0	72.0	0.5809999704361	0.51099997758865	0.007
station_02	full_world	119	airborne_and_land	1.706	380.488	1.06	102.0	752.0	72.0	0.60100001096725	0.50999999046326	0.008
station_02	full_world	120	airborne_and_land	1.632	380.488	1.06	102.0	752.0	72.0	0.66600000858307	0.55099999904633	0.007
station_02	full_world	121	airborne_and_land	1.55	380.488	1.06	102.0	752.0	72.0	0.63499999046326	0.51800000667572	0.007
station_02	full_world	122	airborne_and_land	1.604	380.488	1.06	102.0	752.0	72.0	0.71399998664856	0.52200001478195	0.006
station_02	full_world	123	airborne_and_land	1.653	380.488	1.06	102.0	752.0	72.0	0.61599999666214	0.52300000190735	0.008
station_02	full_world	124	airborne_and_land	1.598	380.488	1.06	102.0	752.0	72.0	0.73299998044968	0.69700002670288	0.007
station_02	full_world	125	airborne_and_land	1.617	380.488	1.06	102.0	752.0	72.0	0.63899999856949	0.54699999094009	0.006
station_02	full_world	126	airborne_and_land	2.584	380.488	1.06	102.0	752.0	72.0	0.6129999756813	0.51399999856949	0.008
station_02	full_world	127	airborne_and_land	1.591	380.488	1.06	102.0	752.0	72.0	0.60699999332428	0.51999998092651	0.006
station_02	full_world	128	airborne_and_land	3.4	380.488	1.06	102.0	752.0	72.0	0.64800000190735	0.64399999380112	0.007
station_02	full_world	129	airborne_and_land	1.572	380.488	1.06	102.0	752.0	72.0	0.62699997425079	0.52899998426437	0.005
station_02	full_world	130	airborne_and_land	2.004	380.488	1.06	102.0	752.0	72.0	0.60799998044968	0.51599997282028	0.006
station_02	full_world	131	airborne_and_land	2.083	380.488	1.06	102.0	752.0	72.0	0.65700000524521	0.59399998188019	0.009
station_02	full_world	132	airborne_and_land	1.657	380.488	1.06	102.0	752.0	72.0	0.71799999475479	0.51800000667572	0.007
station_02	full_world	133	airborne_and_land	1.571	380.488	1.06	102.0	752.0	72.0	0.61599999666214	0.52100002765656	0.006
station_02	full_world	134	airborne_and_land	1.627	380.488	1.06	102.0	752.0	72.0	0.63999998569489	0.53299999237061	0.006
station_02	full_world	135	airborne_and_land	1.552	380.488	1.06	102.0	752.0	72.0	0.59700000286102	0.50999999046326	0.005
station_02	full_world	136	airborne_and_land	2.806	380.488	1.06	102.0	752.0	72.0	0.59299999475479	0.56800001859665	0.008
station_02	full_world	137	airborne_and_land	1.723	380.488	1.06	102.0	752.0	72.0	0.73199999332428	0.51399999856949	0.006
station_02	full_world	138	airborne_and_land	1.81	380.488	1.06	102.0	752.0	72.0	0.64800000190735	0.55000001192093	0.007
station_02	full_world	139	airborne_and_land	3.087	380.488	1.06	102.0	752.0	72.0	0.61799997091293	0.54100000858307	0.012
station_02	full_world	140	airborne_and_land	2.533	380.488	1.06	102.0	752.0	72.0	0.64200001955032	0.51399999856949	0.009
station_02	full_world	141	airborne_and_land	6.045	380.488	1.06	102.0	752.0	72.0	0.6240000128746	0.5120000243187	0.011
station_02	full_world	142	airborne_and_land	1.875	380.488	1.06	102.0	752.0	72.0	0.75	0.54699999094009	0.007
station_02	full_world	143	airborne_and_land	1.742	380.488	1.06	102.0	752.0	72.0	0.63899999856949	0.52100002765656	0.008
station_02	full_world	144	recovery	2.269	380.488	1.06	102.0	752.0	72.0	0.7059999704361	0.57499998807907	0.01
station_02	full_world	145	recovery	2.852	380.488	1.06	120.0	896.0	75.0	1.14400005340576	0.60000002384186	0.009
station_02	full_world	146	recovery	1.805	380.488	1.06	120.0	896.0	75.0	0.88200002908707	0.625	0.007
station_02	full_world	147	recovery	1.812	380.488	1.06	120.0	896.0	75.0	0.68900001049042	0.57099997997284	0.006
station_02	full_world	148	recovery	1.712	380.488	1.06	120.0	896.0	75.0	0.70800000429153	0.54299998283386	0.007
station_02	full_world	149	recovery	1.758	380.488	1.06	120.0	896.0	75.0	0.6690000295639	0.57700002193451	0.006
station_02	full_world	150	recovery	1.73	380.488	1.06	120.0	896.0	75.0	0.76800000667572	0.53500002622604	0.008
station_02	full_world	151	recovery	1.84	380.488	1.06	120.0	896.0	75.0	0.77899998426437	0.53500002622604	0.007
station_02	full_world	152	recovery	1.699	380.488	1.06	120.0	896.0	75.0	0.68699997663498	0.52399998903275	0.007
station_02	full_world	153	recovery	1.658	380.488	1.06	120.0	896.0	75.0	0.63999998569489	0.65100002288818	0.006
station_02	full_world	154	recovery	2.254	380.488	1.06	120.0	896.0	75.0	0.6259999871254	0.52499997615814	0.006
station_02	full_world	155	recovery	4.09	380.488	1.06	120.0	896.0	75.0	0.70300000905991	0.53200000524521	0.011
station_02	full_world	156	recovery	1.756	380.488	1.06	120.0	896.0	75.0	0.65700000524521	0.52100002765656	0.007
station_02	full_world	157	recovery	6.347	380.488	1.06	120.0	896.0	75.0	0.77799999713898	0.55599999427795	0.01
station_02	full_world	158	recovery	1.859	380.488	1.06	120.0	896.0	75.0	0.65499997138977	0.52499997615814	0.008
station_02	full_world	159	recovery	1.651	380.488	1.06	120.0	896.0	75.0	0.66299998760223	0.51999998092651	0.006
station_02	full_world	160	recovery	1.968	380.488	1.06	120.0	896.0	75.0	0.68900001049042	0.52799999713898	0.006
station_02	full_world	161	recovery	1.635	380.488	1.06	120.0	896.0	75.0	0.80599999427795	0.69099998474121	0.007
station_02	full_world	162	recovery	1.618	380.488	1.06	120.0	896.0	75.0	0.60199999809265	0.65799999237061	0.02
station_02	full_world	163	recovery	2.176	380.488	1.06	120.0	896.0	75.0	0.71200001239777	0.55099999904633	0.006
station_02	full_world	164	recovery	1.674	380.488	1.06	120.0	896.0	75.0	0.71799999475479	0.54799997806549	0.006
station_02	full_world	165	recovery	2.037	380.488	1.06	120.0	896.0	75.0	0.61699998378754	0.52100002765656	0.009
station_02	full_world	166	recovery	1.88	380.488	1.06	120.0	896.0	75.0	0.66799998283386	0.54900002479553	0.008
station_02	full_world	167	recovery	1.767	380.488	1.06	120.0	896.0	75.0	0.60399997234344	0.52200001478195	0.007
station_02	full_world	168	recovery	1.666	380.488	1.06	120.0	896.0	75.0	0.61599999666214	0.51099997758865	0.006
station_02	full_world	169	recovery	1.623	380.488	1.06	120.0	896.0	75.0	0.6700000166893	0.52100002765656	0.006
station_02	full_world	170	recovery	1.581	307.384	0.884	120.0	896.0	75.0	0.65799999237061	0.54199999570847	0.006
station_02	full_world	171	recovery	1.583	307.384	0.884	120.0	896.0	75.0	0.76499998569489	0.59799998998642	0.006
station_02	full_world	172	walk_left	3.288	307.384	0.884	120.0	896.0	75.0	0.73400002717972	0.52100002765656	0.012
station_02	full_world	173	walk_left	1.915	307.384	0.884	120.0	896.0	75.0	0.64700001478195	0.5120000243187	0.008
station_02	full_world	174	walk_left	7.113	307.384	0.884	120.0	896.0	75.0	0.62999999523163	0.51899999380112	0.011
station_02	full_world	175	walk_left	1.951	307.384	0.884	120.0	896.0	75.0	0.62900000810623	0.52200001478195	0.008
station_02	full_world	176	walk_left	1.9	307.384	0.884	120.0	896.0	75.0	0.59799998998642	0.51399999856949	0.008
station_02	full_world	177	walk_left	4.85	307.384	0.884	120.0	896.0	75.0	0.59899997711182	0.56099998950958	0.007
station_02	full_world	178	walk_left	1.931	307.384	0.884	120.0	896.0	75.0	0.89600002765656	0.63300001621246	0.009
station_02	full_world	179	walk_left	1.704	307.384	0.884	120.0	896.0	75.0	0.7049999833107	0.64200001955032	0.006
station_02	full_world	180	walk_left	1.702	307.384	0.884	120.0	896.0	75.0	1.27900004386902	0.56900000572205	0.007
station_02	full_world	181	walk_left	1.682	307.384	0.884	120.0	896.0	75.0	0.74400001764297	0.56599998474121	0.007
station_02	full_world	182	walk_left	1.676	307.384	0.884	120.0	896.0	75.0	0.68999999761581	0.55199998617172	0.006
station_02	full_world	183	walk_left	2.697	307.384	0.884	120.0	896.0	75.0	0.96100002527237	0.67599999904633	0.01
station_02	full_world	184	walk_left	1.726	307.384	0.884	120.0	896.0	75.0	0.72000002861023	0.56199997663498	0.007
station_02	full_world	185	walk_left	6.588	307.384	0.884	120.0	896.0	75.0	0.63200002908707	0.52399998903275	0.01
station_02	full_world	186	walk_left	2.076	307.384	0.884	120.0	896.0	75.0	0.65299999713898	0.55699998140335	0.008
station_02	full_world	187	walk_left	1.676	307.384	0.884	120.0	896.0	75.0	0.6240000128746	0.51800000667572	0.006
station_02	full_world	188	walk_left	2.543	307.384	0.884	120.0	896.0	75.0	0.63300001621246	10.1750001907349	0.007
station_02	full_world	189	walk_left	1.666	307.384	0.884	120.0	896.0	75.0	0.69499999284744	0.65299999713898	0.006
station_02	full_world	190	walk_left	1.745	307.384	0.884	120.0	896.0	75.0	0.591000020504	0.57200002670288	0.006
station_02	full_world	191	walk_left	2.042	307.384	0.884	120.0	896.0	75.0	0.81599998474121	0.81900000572205	0.009
station_02	full_world	192	walk_left	1.565	307.384	0.884	120.0	896.0	75.0	0.72299998998642	0.55299997329712	0.009
station_02	full_world	193	walk_left	17.755	307.384	0.884	120.0	896.0	75.0	0.61599999666214	0.53899997472763	0.011
station_02	full_world	194	walk_left	2.675	307.384	0.884	121.0	932.0	76.0	0.69800001382828	0.5450000166893	0.01
station_02	full_world	195	walk_left	7.629	307.384	0.884	121.0	932.0	76.0	0.62300002574921	0.57099997997284	0.011
station_02	full_world	196	walk_left	2.077	307.384	0.884	121.0	932.0	76.0	0.69099998474121	0.60500001907349	0.008
station_02	full_world	197	walk_left	2.894	307.384	0.884	121.0	932.0	76.0	0.71299999952316	0.56300002336502	0.008
station_02	full_world	198	walk_left	1.796	307.384	0.884	121.0	932.0	76.0	0.58700001239777	9.95100021362305	0.008
station_02	full_world	199	walk_left	1.77	307.384	0.884	121.0	932.0	76.0	1.15699994564056	0.66799998283386	0.007
station_02	full_world	200	walk_left	1.77	307.384	0.884	121.0	932.0	76.0	0.68800002336502	0.66000002622604	0.007
station_02	full_world	201	walk_left	2.668	307.384	0.884	121.0	932.0	76.0	0.77999997138977	0.62199997901917	0.007
station_02	full_world	202	walk_left	1.841	307.384	0.884	121.0	932.0	76.0	0.86500000953674	0.68500000238419	0.007
station_02	full_world	203	walk_left	4.001	307.384	0.884	121.0	932.0	76.0	0.77300000190735	0.55199998617172	0.01
station_02	full_world	204	walk_left	1.908	307.384	0.884	121.0	932.0	76.0	0.69700002670288	0.55500000715256	0.008
station_02	full_world	205	walk_left	2.718	307.384	0.884	121.0	932.0	76.0	0.67900002002716	0.61699998378754	0.009
station_02	full_world	206	walk_left	1.688	307.384	0.884	121.0	932.0	76.0	0.66200000047684	0.55299997329712	0.008
station_02	full_world	207	walk_left	1.631	307.384	0.884	121.0	932.0	76.0	0.72899997234344	0.54900002479553	0.006
station_02	full_world	208	walk_left	1.626	307.384	0.884	121.0	932.0	76.0	0.71799999475479	0.68000000715256	0.008
station_02	full_world	209	idle_after_cycle	1.691	307.384	0.884	121.0	932.0	76.0	0.7620000243187	0.59500002861023	0.007
station_02	full_world	210	idle_after_cycle	1.659	307.384	0.884	121.0	932.0	76.0	0.68099999427795	0.55699998140335	0.007
station_02	full_world	211	idle_after_cycle	1.574	307.384	0.884	121.0	932.0	76.0	0.73500001430511	0.55800002813339	0.006
station_02	full_world	212	idle_after_cycle	1.669	307.384	0.884	121.0	932.0	76.0	0.63099998235703	0.61100000143051	0.006
station_02	full_world	213	idle_after_cycle	2.247	307.384	0.884	103.0	788.0	73.0	0.61100000143051	0.57099997997284	0.007
station_02	full_world	214	idle_after_cycle	1.656	307.384	0.884	103.0	788.0	73.0	0.62099999189377	0.533999979496	0.007
station_02	full_world	215	idle_after_cycle	1.704	307.384	0.884	103.0	788.0	73.0	0.65499997138977	0.54799997806549	0.008
station_02	full_world	216	idle_after_cycle	1.544	307.384	0.884	103.0	788.0	73.0	0.63200002908707	0.55500000715256	0.007
station_02	full_world	217	idle_after_cycle	1.593	307.384	0.884	103.0	788.0	73.0	0.59799998998642	0.54699999094009	0.006
station_02	full_world	218	idle_after_cycle	1.824	307.384	0.884	103.0	788.0	73.0	0.62900000810623	0.55299997329712	0.007
station_02	full_world	219	idle_after_cycle	2.509	307.384	0.884	103.0	788.0	73.0	0.64200001955032	0.52399998903275	0.009
station_02	no_dust	2	idle	1.479	307.384	0.884	102.0	752.0	72.0	0.88400000333786	0.65399998426437	0.006
station_02	no_dust	3	idle	2.155	307.384	0.884	102.0	752.0	72.0	0.71799999475479	0.625	0.006
station_02	no_dust	4	idle	1.59	307.384	0.884	102.0	752.0	72.0	0.64099997282028	0.5799999833107	0.007
station_02	no_dust	5	idle	1.563	307.384	0.884	102.0	752.0	72.0	0.61900001764297	0.59399998188019	0.006
station_02	no_dust	6	idle	1.567	307.384	0.884	102.0	752.0	72.0	0.62199997901917	0.63300001621246	0.005
station_02	no_dust	7	idle	1.52	307.384	0.884	102.0	752.0	72.0	0.5809999704361	0.63999998569489	0.005
station_02	no_dust	8	idle	1.535	307.384	0.884	102.0	752.0	72.0	0.58399999141693	0.60399997234344	0.005
station_02	no_dust	9	idle	2.139	307.384	0.884	102.0	752.0	72.0	0.66100001335144	0.60500001907349	0.008
station_02	no_dust	10	idle	5.07	307.384	0.884	102.0	752.0	72.0	0.60900002717972	0.60600000619888	0.011
station_02	no_dust	11	idle	1.89	307.384	0.884	102.0	752.0	72.0	0.60699999332428	0.52999997138977	0.011
station_02	no_dust	12	idle	14.89	307.384	0.884	102.0	752.0	72.0	0.60699999332428	0.51099997758865	0.014
station_02	no_dust	13	idle	1.857	307.384	0.884	102.0	752.0	72.0	0.5809999704361	0.51999998092651	0.008
station_02	no_dust	14	idle	8.711	307.384	0.884	102.0	752.0	72.0	0.61100000143051	0.57599997520447	0.012
station_02	no_dust	15	idle	2.635	307.384	0.884	102.0	752.0	72.0	0.92299997806549	0.70099997520447	0.009
station_02	no_dust	16	idle	1.764	307.384	0.884	102.0	752.0	72.0	1.01300001144409	0.66799998283386	0.007
station_02	no_dust	17	idle	1.677	307.384	0.884	102.0	752.0	72.0	0.62800002098083	9.64599990844727	0.006
station_02	no_dust	18	idle	1.556	307.384	0.884	102.0	752.0	72.0	0.97399997711182	0.66200000047684	0.006
station_02	no_dust	19	idle	1.577	307.384	0.884	102.0	752.0	72.0	0.59899997711182	0.65700000524521	0.006
station_02	no_dust	20	idle	2.015	307.384	0.884	102.0	752.0	72.0	0.92299997806549	0.60199999809265	0.007
station_02	no_dust	21	idle	3.095	307.384	0.884	102.0	752.0	72.0	0.80299997329712	0.63499999046326	0.009
station_02	no_dust	22	idle	1.764	307.384	0.884	102.0	752.0	72.0	0.66100001335144	0.65600001811981	0.008
station_02	no_dust	23	idle	1.541	307.384	0.884	102.0	752.0	72.0	0.63400000333786	0.63400000333786	0.007
station_02	no_dust	24	idle	1.494	307.384	0.884	102.0	752.0	72.0	0.59299999475479	0.64499998092651	0.007
station_02	no_dust	25	idle	1.409	307.384	0.884	102.0	752.0	72.0	0.60500001907349	0.74000000953674	0.006
station_02	no_dust	26	idle	1.369	307.384	0.884	102.0	752.0	72.0	0.64800000190735	0.67400002479553	0.005
station_02	no_dust	27	idle	1.41	307.384	0.884	102.0	752.0	72.0	0.98900002241135	0.52600002288818	0.005
station_02	no_dust	28	idle	1.379	307.384	0.884	102.0	752.0	72.0	0.84600001573563	0.62699997425079	0.006
station_02	no_dust	29	idle	1.405	307.384	0.884	102.0	752.0	72.0	0.67199999094009	0.61199998855591	0.005
station_02	no_dust	30	walk_right	2.666	307.384	0.884	102.0	752.0	72.0	0.60199999809265	0.58999997377396	0.009
station_02	no_dust	31	walk_right	1.556	307.384	0.884	102.0	752.0	72.0	0.58200001716614	0.66699999570847	0.022
station_02	no_dust	32	walk_right	1.443	307.384	0.884	102.0	752.0	72.0	0.59899997711182	0.61799997091293	0.006
station_02	no_dust	33	walk_right	1.426	307.384	0.884	102.0	752.0	72.0	0.60000002384186	0.59399998188019	0.006
station_02	no_dust	34	walk_right	1.38	307.384	0.884	102.0	752.0	72.0	0.56999999284744	0.65799999237061	0.006
station_02	no_dust	35	walk_right	1.382	307.384	0.884	102.0	752.0	72.0	0.62199997901917	0.6710000038147	0.005
station_02	no_dust	36	walk_right	1.441	307.384	0.884	102.0	752.0	72.0	0.74500000476837	0.62900000810623	0.006
station_02	no_dust	37	walk_right	1.388	307.384	0.884	102.0	752.0	72.0	0.66000002622604	0.62099999189377	0.006
station_02	no_dust	38	walk_right	1.391	307.384	0.884	102.0	752.0	72.0	0.60799998044968	0.57499998807907	0.006
station_02	no_dust	39	walk_right	1.366	307.384	0.884	102.0	752.0	72.0	0.59200000762939	0.59200000762939	0.006
station_02	no_dust	40	walk_right	1.489	307.384	0.884	102.0	752.0	72.0	0.5789999961853	0.61900001764297	0.006
station_02	no_dust	41	walk_right	2.574	307.384	0.884	102.0	752.0	72.0	0.57700002193451	0.52700001001358	0.008
station_02	no_dust	42	walk_right	1.594	307.384	0.884	102.0	752.0	72.0	0.57700002193451	0.60799998044968	0.006
station_02	no_dust	43	walk_right	1.945	307.384	0.884	102.0	752.0	72.0	0.58399999141693	0.58999997377396	0.011
station_02	no_dust	44	walk_right	1.308	307.384	0.884	102.0	752.0	72.0	0.58899998664856	0.58200001716614	0.007
station_02	no_dust	45	walk_right	7.926	307.384	0.884	102.0	752.0	72.0	0.56599998474121	0.57800000905991	0.009
station_02	no_dust	46	walk_right	1.669	307.384	0.884	102.0	752.0	72.0	0.54799997806549	0.65600001811981	0.01
station_02	no_dust	47	walk_right	1.289	307.384	0.884	102.0	752.0	72.0	0.74000000953674	0.52999997138977	0.007
station_02	no_dust	48	walk_right	1.212	307.384	0.884	102.0	752.0	72.0	0.75300002098083	0.658999979496	0.006
station_02	no_dust	49	walk_right	1.161	307.384	0.884	102.0	752.0	72.0	0.79799997806549	0.63800001144409	0.005
station_02	no_dust	50	walk_right	3.106	307.384	0.884	102.0	752.0	72.0	0.57300001382828	0.69999998807907	0.007
station_02	no_dust	51	walk_right	1.279	307.384	0.884	102.0	752.0	72.0	0.83300000429153	0.74299997091293	0.006
station_02	no_dust	52	walk_right	2.268	307.384	0.884	102.0	752.0	72.0	0.69999998807907	0.58999997377396	0.007
station_02	no_dust	53	walk_right	1.271	307.384	0.884	102.0	752.0	72.0	0.57200002670288	0.65100002288818	0.006
station_02	no_dust	54	walk_right	1.42	307.384	0.884	102.0	752.0	72.0	0.56999999284744	0.65399998426437	0.006
station_02	no_dust	55	walk_right	1.77	307.384	0.884	102.0	752.0	72.0	0.53299999237061	1.02799999713898	0.006
station_02	no_dust	56	walk_right	2.126	307.384	0.884	102.0	752.0	72.0	0.60000002384186	0.58300000429153	0.009
station_02	no_dust	57	walk_right	1.347	307.384	0.884	102.0	752.0	72.0	0.59899997711182	0.66500002145767	0.006
station_02	no_dust	58	walk_right	1.225	307.384	0.884	102.0	752.0	72.0	0.67599999904633	0.59500002861023	0.006
station_02	no_dust	59	walk_right	1.248	307.384	0.884	102.0	752.0	72.0	0.57599997520447	0.51300001144409	0.005
station_02	no_dust	60	walk_right	1.22	307.384	0.884	102.0	752.0	72.0	0.69800001382828	0.51599997282028	0.006
station_02	no_dust	61	walk_right	1.21	307.384	0.884	102.0	752.0	72.0	0.5809999704361	0.67900002002716	0.006
station_02	no_dust	62	walk_right	1.188	307.384	0.884	102.0	752.0	72.0	1.067999958992	0.58999997377396	0.005
station_02	no_dust	63	walk_right	2.117	307.384	0.884	102.0	752.0	72.0	0.60699999332428	0.51300001144409	0.007
station_02	no_dust	64	walk_right	1.325	307.384	0.884	102.0	752.0	72.0	0.56499999761581	0.53100001811981	0.006
station_02	no_dust	65	walk_right	1.31	307.384	0.884	102.0	752.0	72.0	0.58399999141693	0.5440000295639	0.005
station_02	no_dust	66	walk_right	1.389	307.384	0.884	102.0	752.0	72.0	0.56400001049042	0.58399999141693	0.006
station_02	no_dust	67	walk_right	1.392	307.384	0.884	102.0	752.0	72.0	0.54799997806549	0.69499999284744	0.008
station_02	no_dust	68	walk_right	1.228	307.384	0.884	102.0	752.0	72.0	0.53100001811981	0.51099997758865	0.006
station_02	no_dust	69	walk_right	8.684	307.384	0.884	102.0	752.0	72.0	0.64999997615814	0.57599997520447	0.011
station_02	no_dust	70	walk_right	1.639	307.384	0.884	102.0	752.0	72.0	0.57499998807907	0.59200000762939	0.006
station_02	no_dust	71	walk_right	1.385	307.384	0.884	102.0	752.0	72.0	0.58300000429153	0.51300001144409	0.007
station_02	no_dust	72	jump_launch	1.392	307.384	0.884	102.0	752.0	72.0	0.70300000905991	10.3889999389648	0.006
station_02	no_dust	73	jump_launch	2.639	307.384	0.884	102.0	752.0	72.0	0.62999999523163	0.75800001621246	0.01
station_02	no_dust	74	jump_launch	1.964	307.384	0.884	102.0	752.0	72.0	0.52200001478195	0.69199997186661	0.008
station_02	no_dust	75	airborne_and_land	1.788	307.384	0.884	102.0	752.0	72.0	0.81900000572205	0.65299999713898	0.007
station_02	no_dust	76	airborne_and_land	1.718	307.384	0.884	102.0	752.0	72.0	0.68500000238419	0.63599997758865	0.006
station_02	no_dust	77	airborne_and_land	1.749	307.384	0.884	102.0	752.0	72.0	0.62800002098083	0.71399998664856	0.006
station_02	no_dust	78	airborne_and_land	1.863	307.384	0.884	102.0	752.0	72.0	0.67900002002716	0.70800000429153	0.005
station_02	no_dust	79	airborne_and_land	3.573	307.384	0.884	102.0	752.0	72.0	0.77600002288818	0.67799997329712	0.007
station_02	no_dust	80	airborne_and_land	1.908	307.384	0.884	102.0	752.0	72.0	0.69199997186661	0.69199997186661	0.006
station_02	no_dust	81	airborne_and_land	1.705	307.384	0.884	102.0	752.0	72.0	0.63599997758865	0.64999997615814	0.006
station_02	no_dust	82	airborne_and_land	1.726	307.384	0.884	102.0	752.0	72.0	0.60799998044968	0.63400000333786	0.006
station_02	no_dust	83	airborne_and_land	3.51	307.384	0.884	102.0	752.0	72.0	0.61500000953674	0.61799997091293	0.01
station_02	no_dust	84	airborne_and_land	1.645	307.384	0.884	102.0	752.0	72.0	0.71200001239777	0.68999999761581	0.008
station_02	no_dust	85	airborne_and_land	6.452	307.384	0.884	102.0	752.0	72.0	0.6370000243187	0.62000000476837	0.007
station_02	no_dust	86	airborne_and_land	1.989	307.384	0.884	102.0	752.0	72.0	0.64600002765656	0.59399998188019	0.007
station_02	no_dust	87	airborne_and_land	1.767	307.384	0.884	102.0	752.0	72.0	0.62300002574921	0.66100001335144	0.007
station_02	no_dust	88	airborne_and_land	1.717	307.384	0.884	102.0	752.0	72.0	0.62999999523163	0.70099997520447	0.006
station_02	no_dust	89	airborne_and_land	2.538	307.384	0.884	102.0	752.0	72.0	0.80299997329712	0.68599998950958	0.007
station_02	no_dust	90	airborne_and_land	1.969	307.384	0.884	102.0	752.0	72.0	0.57499998807907	0.64800000190735	0.007
station_02	no_dust	91	airborne_and_land	1.862	307.384	0.884	102.0	752.0	72.0	0.94900000095367	0.65399998426437	0.007
station_02	no_dust	92	airborne_and_land	1.716	307.384	0.884	102.0	752.0	72.0	0.7059999704361	0.56599998474121	0.006
station_02	no_dust	93	airborne_and_land	1.76	307.384	0.884	102.0	752.0	72.0	0.62300002574921	0.6700000166893	0.006
station_02	no_dust	94	airborne_and_land	1.742	307.384	0.884	102.0	752.0	72.0	0.60600000619888	0.65600001811981	0.006
station_02	no_dust	95	airborne_and_land	2.597	307.384	0.884	102.0	752.0	72.0	0.68800002336502	0.60799998044968	0.007
station_02	no_dust	96	airborne_and_land	1.766	307.384	0.884	102.0	752.0	72.0	0.69700002670288	0.73400002717972	0.007
station_02	no_dust	97	airborne_and_land	1.732	307.384	0.884	102.0	752.0	72.0	0.64300000667572	0.64399999380112	0.006
station_02	no_dust	98	airborne_and_land	1.793	307.384	0.884	102.0	752.0	72.0	0.59500002861023	0.60500001907349	0.008
station_02	no_dust	99	airborne_and_land	1.772	307.384	0.884	102.0	752.0	72.0	0.64600002765656	0.82499998807907	0.007
station_02	no_dust	100	airborne_and_land	1.811	307.384	0.884	102.0	752.0	72.0	0.62000000476837	0.62800002098083	0.006
station_02	no_dust	101	airborne_and_land	1.767	307.384	0.884	102.0	752.0	72.0	0.74000000953674	0.59500002861023	0.007
station_02	no_dust	102	airborne_and_land	3.434	307.384	0.884	102.0	752.0	72.0	0.63200002908707	0.55699998140335	0.009
station_02	no_dust	103	airborne_and_land	2.339	307.384	0.884	102.0	752.0	72.0	0.6240000128746	0.5009999871254	0.007
station_02	no_dust	104	airborne_and_land	2.264	307.384	0.884	102.0	752.0	72.0	0.64700001478195	0.55199998617172	0.007
station_02	no_dust	105	airborne_and_land	2.221	307.384	0.884	102.0	752.0	72.0	0.63499999046326	0.5809999704361	0.008
station_02	no_dust	106	airborne_and_land	1.985	307.384	0.884	102.0	752.0	72.0	0.68400001525879	0.51599997282028	0.008
station_02	no_dust	107	airborne_and_land	1.589	307.384	0.884	102.0	752.0	72.0	0.64700001478195	0.50400000810623	0.007
station_02	no_dust	108	airborne_and_land	1.586	307.384	0.884	102.0	752.0	72.0	1.04799997806549	0.58499997854233	0.006
station_02	no_dust	109	airborne_and_land	3.475	307.384	0.884	102.0	752.0	72.0	0.95300000905991	0.45899999141693	0.011
station_02	no_dust	110	airborne_and_land	2.841	307.384	0.884	102.0	752.0	72.0	0.89499998092651	0.55699998140335	0.009
station_02	no_dust	111	airborne_and_land	2.537	307.384	0.884	102.0	752.0	72.0	0.87000000476837	0.48800000548363	0.01
station_02	no_dust	112	airborne_and_land	1.703	307.384	0.884	102.0	752.0	72.0	0.72699999809265	0.69199997186661	0.009
station_02	no_dust	113	airborne_and_land	7.278	307.384	0.884	102.0	752.0	72.0	0.625	0.89899998903275	0.014
station_02	no_dust	114	airborne_and_land	1.947	307.384	0.884	102.0	752.0	72.0	0.61500000953674	0.61699998378754	0.008
station_02	no_dust	115	airborne_and_land	2.529	307.384	0.884	102.0	752.0	72.0	1.17799997329712	0.62000000476837	0.008
station_02	no_dust	116	airborne_and_land	2.173	307.384	0.884	102.0	752.0	72.0	0.98500001430511	0.60900002717972	0.013
station_02	no_dust	117	airborne_and_land	4.065	307.384	0.884	102.0	752.0	72.0	0.82300001382828	0.75700002908707	0.011
station_02	no_dust	118	airborne_and_land	4.973	307.384	0.884	102.0	752.0	72.0	0.57499998807907	0.60299998521805	0.011
station_02	no_dust	119	airborne_and_land	9.754	307.384	0.884	102.0	752.0	72.0	0.80099999904633	0.68000000715256	0.011
station_02	no_dust	120	airborne_and_land	3.125	307.384	0.884	102.0	752.0	72.0	0.74599999189377	0.58700001239777	0.009
station_02	no_dust	121	airborne_and_land	2.224	307.384	0.884	102.0	752.0	72.0	0.72600001096725	0.73500001430511	0.012
station_02	no_dust	122	airborne_and_land	1.861	307.384	0.884	102.0	752.0	72.0	0.76700001955032	9.57699966430664	0.01
station_02	no_dust	123	airborne_and_land	1.569	307.384	0.884	102.0	752.0	72.0	0.78600001335144	0.63800001144409	0.007
station_02	no_dust	124	airborne_and_land	7.574	307.384	0.884	102.0	752.0	72.0	0.73600000143051	0.65799999237061	0.015
station_02	no_dust	125	airborne_and_land	2.893	307.384	0.884	102.0	752.0	72.0	0.78899997472763	0.79199999570847	0.008
station_02	no_dust	126	airborne_and_land	2.236	307.384	0.884	102.0	752.0	72.0	0.85100001096725	0.86900001764297	0.007
station_02	no_dust	127	airborne_and_land	1.82	307.384	0.884	102.0	752.0	72.0	0.91299998760223	10.0459995269775	0.008
station_02	no_dust	128	airborne_and_land	1.633	307.384	0.884	102.0	752.0	72.0	0.63099998235703	0.61000001430511	0.006
station_02	no_dust	129	airborne_and_land	1.602	307.384	0.884	102.0	752.0	72.0	0.54199999570847	0.64300000667572	0.006
station_02	no_dust	130	airborne_and_land	3.074	307.384	0.884	120.0	896.0	75.0	0.90200001001358	0.58200001716614	0.01
station_02	no_dust	131	airborne_and_land	1.779	307.384	0.884	120.0	896.0	75.0	0.77399998903275	0.5809999704361	0.007
station_02	no_dust	132	airborne_and_land	6.632	307.384	0.884	120.0	896.0	75.0	0.71499997377396	0.68900001049042	0.008
station_02	no_dust	133	airborne_and_land	1.896	307.384	0.884	120.0	896.0	75.0	0.69099998474121	0.60399997234344	0.007
station_02	no_dust	134	airborne_and_land	1.749	307.384	0.884	120.0	896.0	75.0	0.6129999756813	0.58300000429153	0.007
station_02	no_dust	135	airborne_and_land	2.572	307.384	0.884	120.0	896.0	75.0	0.6129999756813	0.58600002527237	0.007
station_02	no_dust	136	airborne_and_land	1.637	307.384	0.884	120.0	896.0	75.0	0.7940000295639	0.63200002908707	0.007
station_02	no_dust	137	airborne_and_land	1.625	307.384	0.884	120.0	896.0	75.0	0.59700000286102	0.5809999704361	0.006
station_02	no_dust	138	airborne_and_land	1.616	307.384	0.884	120.0	896.0	75.0	0.69999998807907	0.64399999380112	0.006
station_02	no_dust	139	airborne_and_land	2.036	307.384	0.884	120.0	896.0	75.0	0.783999979496	0.61400002241135	0.007
station_02	no_dust	140	airborne_and_land	1.845	307.384	0.884	120.0	896.0	75.0	0.68999999761581	0.56699997186661	0.006
station_02	no_dust	141	airborne_and_land	2.887	307.384	0.884	120.0	896.0	75.0	0.68400001525879	0.658999979496	0.009
station_02	no_dust	142	airborne_and_land	1.695	307.384	0.884	120.0	896.0	75.0	0.62800002098083	0.56999999284744	0.007
station_02	no_dust	143	airborne_and_land	1.702	307.384	0.884	120.0	896.0	75.0	0.60100001096725	0.62199997901917	0.007
station_02	no_dust	144	recovery	1.743	307.384	0.884	120.0	896.0	75.0	0.59600001573563	0.63499999046326	0.006
station_02	no_dust	145	recovery	1.73	307.384	0.884	120.0	896.0	75.0	0.68800002336502	0.5809999704361	0.008
station_02	no_dust	146	recovery	1.634	307.384	0.884	120.0	896.0	75.0	0.68599998950958	0.71399998664856	0.006
station_02	no_dust	147	recovery	8.458	307.384	0.884	120.0	896.0	75.0	0.841000020504	0.62099999189377	0.014
station_02	no_dust	148	recovery	4.846	307.384	0.884	120.0	896.0	75.0	0.63999998569489	0.57599997520447	0.009
station_02	no_dust	149	recovery	1.894	307.384	0.884	120.0	896.0	75.0	0.65200001001358	0.54000002145767	0.007
station_02	no_dust	150	recovery	1.968	307.384	0.884	120.0	896.0	75.0	0.69400000572205	10.3020000457764	0.007
station_02	no_dust	151	recovery	1.858	307.384	0.884	120.0	896.0	75.0	0.57499998807907	0.70899999141693	0.007
station_02	no_dust	152	recovery	2.067	307.384	0.884	120.0	896.0	75.0	0.58300000429153	0.55900001525879	0.008
station_02	no_dust	153	recovery	1.884	307.384	0.884	120.0	896.0	75.0	1.28299999237061	0.72899997234344	0.007
station_02	no_dust	154	recovery	1.844	307.384	0.884	120.0	896.0	75.0	0.77399998903275	0.56000000238419	0.006
station_02	no_dust	155	recovery	2.303	307.384	0.884	120.0	896.0	75.0	0.74000000953674	0.69199997186661	0.007
station_02	no_dust	156	recovery	1.859	307.384	0.884	120.0	896.0	75.0	0.68300002813339	0.56699997186661	0.006
station_02	no_dust	157	recovery	1.81	307.384	0.884	120.0	896.0	75.0	0.64099997282028	0.63999998569489	0.006
station_02	no_dust	158	recovery	1.872	307.384	0.884	120.0	896.0	75.0	0.66299998760223	0.5789999961853	0.006
station_02	no_dust	159	recovery	1.772	307.384	0.884	120.0	896.0	75.0	0.6690000295639	0.55800002813339	0.007
station_02	no_dust	160	recovery	2.075	307.384	0.884	120.0	896.0	75.0	0.64300000667572	0.58300000429153	0.006
station_02	no_dust	161	recovery	1.842	307.384	0.884	120.0	896.0	75.0	0.7039999961853	0.63499999046326	0.007
station_02	no_dust	162	recovery	2.295	307.384	0.884	120.0	896.0	75.0	0.65499997138977	0.55800002813339	0.007
station_02	no_dust	163	recovery	1.841	307.384	0.884	120.0	896.0	75.0	0.63099998235703	0.50999999046326	0.006
station_02	no_dust	164	recovery	1.871	307.384	0.884	120.0	896.0	75.0	0.62999999523163	0.51399999856949	0.006
station_02	no_dust	165	recovery	1.84	307.384	0.884	120.0	896.0	75.0	0.62000000476837	0.50499999523163	0.006
station_02	no_dust	166	recovery	1.781	307.384	0.884	120.0	896.0	75.0	0.73400002717972	0.591000020504	0.006
station_02	no_dust	167	recovery	1.957	307.384	0.884	120.0	896.0	75.0	0.64399999380112	0.56000000238419	0.006
station_02	no_dust	168	recovery	2.229	307.384	0.884	120.0	896.0	75.0	0.72100001573563	0.62300002574921	0.007
station_02	no_dust	169	recovery	2.314	307.384	0.884	120.0	896.0	75.0	0.66100001335144	0.59399998188019	0.006
station_02	no_dust	170	recovery	1.977	307.384	0.884	120.0	896.0	75.0	0.6690000295639	0.5440000295639	0.008
station_02	no_dust	171	recovery	1.88	307.384	0.884	120.0	896.0	75.0	0.67400002479553	1.03299999237061	0.007
station_02	no_dust	172	walk_left	1.779	307.384	0.884	120.0	896.0	75.0	0.62699997425079	0.56999999284744	0.008
station_02	no_dust	173	walk_left	1.812	307.384	0.884	120.0	896.0	75.0	0.67500001192093	0.68800002336502	0.006
station_02	no_dust	174	walk_left	1.464	307.384	0.884	120.0	896.0	75.0	0.716000020504	0.56900000572205	0.006
station_02	no_dust	175	walk_left	1.486	307.384	0.884	120.0	896.0	75.0	0.69400000572205	0.57499998807907	0.005
station_02	no_dust	176	walk_left	1.601	307.384	0.884	120.0	896.0	75.0	0.6710000038147	0.60100001096725	0.006
station_02	no_dust	177	walk_left	1.489	307.384	0.884	120.0	896.0	75.0	0.64999997615814	0.56300002336502	0.006
station_02	no_dust	178	walk_left	2.969	307.384	0.884	120.0	896.0	75.0	0.63099998235703	0.56099998950958	0.008
station_02	no_dust	179	walk_left	2.033	307.384	0.884	120.0	896.0	75.0	0.63899999856949	0.57300001382828	0.009
station_02	no_dust	180	walk_left	1.521	307.384	0.884	120.0	896.0	75.0	0.57700002193451	0.57099997997284	0.009
station_02	no_dust	181	walk_left	7.66	307.384	0.884	120.0	896.0	75.0	0.625	0.56199997663498	0.009
station_02	no_dust	182	walk_left	10.485	307.384	0.884	120.0	896.0	75.0	0.68199998140335	0.55699998140335	0.015
station_02	no_dust	183	walk_left	1.984	307.384	0.884	120.0	896.0	75.0	0.58999997377396	0.56199997663498	0.011
station_02	no_dust	184	walk_left	2.006	307.384	0.884	120.0	896.0	75.0	1.00999999046326	0.62300002574921	0.011
station_02	no_dust	185	walk_left	2.441	307.384	0.884	120.0	896.0	75.0	0.97699999809265	9.83199977874756	0.012
station_02	no_dust	186	walk_left	2.779	307.384	0.884	120.0	896.0	75.0	0.60500001907349	0.68800002336502	0.011
station_02	no_dust	187	walk_left	6.96	307.384	0.884	120.0	896.0	75.0	0.78700000047684	0.7059999704361	0.01
station_02	no_dust	188	walk_left	1.685	307.384	0.884	120.0	896.0	75.0	1.13399994373322	0.65200001001358	0.007
station_02	no_dust	189	walk_left	2.749	307.384	0.884	120.0	896.0	75.0	0.78600001335144	0.61799997091293	0.006
station_02	no_dust	190	walk_left	3.055	307.384	0.884	120.0	896.0	75.0	0.75900000333786	0.63300001621246	0.01
station_02	no_dust	191	walk_left	2.317	307.384	0.884	120.0	896.0	75.0	0.94700002670288	0.61199998855591	0.008
station_02	no_dust	192	walk_left	3.731	307.384	0.884	120.0	896.0	75.0	0.76700001955032	0.63400000333786	0.009
station_02	no_dust	193	walk_left	2.405	307.384	0.884	120.0	896.0	75.0	0.87199997901917	0.63499999046326	0.011
station_02	no_dust	194	walk_left	1.967	307.384	0.884	120.0	896.0	75.0	0.66799998283386	0.59500002861023	0.009
station_02	no_dust	195	walk_left	6.752	307.384	0.884	120.0	896.0	75.0	0.63499999046326	0.85299998521805	0.008
station_02	no_dust	196	walk_left	2.129	307.384	0.884	120.0	896.0	75.0	1.32099997997284	0.77700001001358	0.007
station_02	no_dust	197	walk_left	2.633	307.384	0.884	120.0	896.0	75.0	1.10000002384186	0.70300000905991	0.008
station_02	no_dust	198	walk_left	1.832	307.384	0.884	120.0	896.0	75.0	1.04900002479553	0.658999979496	0.007
station_02	no_dust	199	walk_left	2.305	307.384	0.884	120.0	896.0	75.0	0.90700000524521	0.60799998044968	0.014
station_02	no_dust	200	walk_left	1.845	307.384	0.884	120.0	896.0	75.0	0.63400000333786	0.64800000190735	0.009
station_02	no_dust	201	walk_left	8.068	307.384	0.884	120.0	896.0	75.0	0.81800001859665	0.63800001144409	0.01
station_02	no_dust	202	walk_left	2.823	307.384	0.884	120.0	896.0	75.0	0.74299997091293	0.64899998903275	0.008
station_02	no_dust	203	walk_left	2.047	307.384	0.884	120.0	896.0	75.0	0.71100002527237	0.59799998998642	0.02
station_02	no_dust	204	walk_left	1.929	307.384	0.884	120.0	896.0	75.0	0.64099997282028	1.07500004768372	0.007
station_02	no_dust	205	walk_left	1.918	307.384	0.884	120.0	896.0	75.0	0.77399998903275	0.625	0.007
station_02	no_dust	206	walk_left	1.985	307.384	0.884	120.0	896.0	75.0	0.65200001001358	0.591000020504	0.009
station_02	no_dust	207	walk_left	3.17	307.384	0.884	120.0	896.0	75.0	0.96299999952316	0.6370000243187	0.009
station_02	no_dust	208	walk_left	1.787	307.384	0.884	120.0	896.0	75.0	0.76599997282028	0.61599999666214	0.007
station_02	no_dust	209	idle_after_cycle	5.744	307.384	0.884	120.0	896.0	75.0	0.71899998188019	0.61199998855591	0.009
station_02	no_dust	210	idle_after_cycle	2.131	307.384	0.884	120.0	896.0	75.0	0.66100001335144	0.62999999523163	0.007
station_02	no_dust	211	idle_after_cycle	2.096	307.384	0.884	120.0	896.0	75.0	0.68000000715256	0.64999997615814	0.008
station_02	no_dust	212	idle_after_cycle	2.385	307.384	0.884	120.0	896.0	75.0	0.79000002145767	0.68400001525879	0.007
station_02	no_dust	213	idle_after_cycle	1.829	307.384	0.884	120.0	896.0	75.0	0.89600002765656	0.6700000166893	0.006
station_02	no_dust	214	idle_after_cycle	1.804	307.384	0.884	120.0	896.0	75.0	0.60299998521805	0.65399998426437	0.006
station_02	no_dust	215	idle_after_cycle	1.941	307.384	0.884	120.0	896.0	75.0	0.83700001239777	0.66000002622604	0.006
station_02	no_dust	216	idle_after_cycle	1.825	307.384	0.884	120.0	896.0	75.0	0.81099998950958	0.81999999284744	0.006
station_02	no_dust	217	idle_after_cycle	2.19	307.384	0.884	120.0	896.0	75.0	0.6710000038147	0.59899997711182	0.006
station_02	no_dust	218	idle_after_cycle	3.331	307.384	0.884	102.0	752.0	72.0	0.68699997663498	0.61199998855591	0.011
station_02	no_dust	219	idle_after_cycle	2.372	307.384	0.884	102.0	752.0	72.0	0.63899999856949	0.64399999380112	0.01
station_02	no_dust_and_shadow	2	idle	6.368	307.384	0.884	100.0	724.0	70.0	0.625	0.74000000953674	0.015
station_02	no_dust_and_shadow	3	idle	2.097	307.384	0.884	100.0	724.0	70.0	0.66500002145767	0.7049999833107	0.009
station_02	no_dust_and_shadow	4	idle	1.784	307.384	0.884	100.0	724.0	70.0	0.64399999380112	0.70300000905991	0.007
station_02	no_dust_and_shadow	5	idle	2.855	307.384	0.884	100.0	724.0	70.0	1.05400002002716	0.87099999189377	0.008
station_02	no_dust_and_shadow	6	idle	2.402	307.384	0.884	100.0	724.0	70.0	1.21899998188019	0.69499999284744	0.012
station_02	no_dust_and_shadow	7	idle	1.923	307.384	0.884	100.0	724.0	70.0	1.14199995994568	0.67199999094009	0.008
station_02	no_dust_and_shadow	8	idle	1.785	307.384	0.884	100.0	724.0	70.0	0.9190000295639	0.61900001764297	0.007
station_02	no_dust_and_shadow	9	idle	1.786	307.384	0.884	100.0	724.0	70.0	0.7950000166893	0.61900001764297	0.006
station_02	no_dust_and_shadow	10	idle	1.843	307.384	0.884	100.0	724.0	70.0	0.69700002670288	0.75300002098083	0.007
station_02	no_dust_and_shadow	11	idle	1.929	307.384	0.884	100.0	724.0	70.0	0.73900002241135	0.72500002384186	0.007
station_02	no_dust_and_shadow	12	idle	2.186	307.384	0.884	100.0	724.0	70.0	0.75999999046326	0.71299999952316	0.01
station_02	no_dust_and_shadow	13	idle	1.848	307.384	0.884	100.0	724.0	70.0	0.71100002527237	0.60799998044968	0.007
station_02	no_dust_and_shadow	14	idle	1.813	307.384	0.884	100.0	724.0	70.0	0.66000002622604	0.70800000429153	0.007
station_02	no_dust_and_shadow	15	idle	1.787	17.753	1.289	100.0	724.0	70.0	0.6700000166893	0.67599999904633	0.007
station_02	no_dust_and_shadow	16	idle	1.768	17.753	1.289	100.0	724.0	70.0	0.70700001716614	0.71499997377396	0.006
station_02	no_dust_and_shadow	17	idle	1.5	17.753	1.289	100.0	724.0	70.0	0.72600001096725	0.72799998521805	0.007
station_02	no_dust_and_shadow	18	idle	1.431	17.753	1.289	100.0	724.0	70.0	0.72500002384186	0.72399997711182	0.006
station_02	no_dust_and_shadow	19	idle	1.874	17.753	1.289	100.0	724.0	70.0	0.68900001049042	0.67599999904633	0.008
station_02	no_dust_and_shadow	20	idle	1.462	17.753	1.289	100.0	724.0	70.0	0.68099999427795	0.69400000572205	0.007
station_02	no_dust_and_shadow	21	idle	1.406	17.753	1.289	100.0	724.0	70.0	0.65600001811981	0.69900000095367	0.006
station_02	no_dust_and_shadow	22	idle	1.428	17.753	1.289	100.0	724.0	70.0	0.66699999570847	0.72399997711182	0.006
station_02	no_dust_and_shadow	23	idle	1.919	17.753	1.289	100.0	724.0	70.0	0.63200002908707	1.04700005054474	0.008
station_02	no_dust_and_shadow	24	idle	1.498	17.753	1.289	100.0	724.0	70.0	0.7509999871254	0.68599998950958	0.009
station_02	no_dust_and_shadow	25	idle	1.427	17.753	1.289	100.0	724.0	70.0	0.66299998760223	0.66000002622604	0.008
station_02	no_dust_and_shadow	26	idle	1.36	17.753	1.289	100.0	724.0	70.0	0.62000000476837	0.61799997091293	0.006
station_02	no_dust_and_shadow	27	idle	1.418	17.753	1.289	100.0	724.0	70.0	0.63499999046326	0.91600000858307	0.006
station_02	no_dust_and_shadow	28	idle	2.241	17.753	1.289	100.0	724.0	70.0	0.76599997282028	0.70099997520447	0.009
station_02	no_dust_and_shadow	29	idle	1.723	17.753	1.289	100.0	724.0	70.0	0.76800000667572	0.72000002861023	0.008
station_02	no_dust_and_shadow	30	walk_right	1.408	17.753	1.289	100.0	724.0	70.0	0.69800001382828	0.70700001716614	0.008
station_02	no_dust_and_shadow	31	walk_right	1.243	17.753	1.289	100.0	724.0	70.0	0.61100000143051	0.71200001239777	0.007
station_02	no_dust_and_shadow	32	walk_right	1.269	17.753	1.289	100.0	724.0	70.0	0.60299998521805	0.77799999713898	0.006
station_02	no_dust_and_shadow	33	walk_right	1.479	17.753	1.289	100.0	724.0	70.0	0.68699997663498	0.72600001096725	0.007
station_02	no_dust_and_shadow	34	walk_right	1.433	17.753	1.289	100.0	724.0	70.0	0.96499997377396	0.58600002527237	0.008
station_02	no_dust_and_shadow	35	walk_right	1.494	17.753	1.289	100.0	724.0	70.0	0.86100000143051	0.72399997711182	0.009
station_02	no_dust_and_shadow	36	walk_right	1.514	17.753	1.289	100.0	724.0	70.0	0.64300000667572	0.95800000429153	0.008
station_02	no_dust_and_shadow	37	walk_right	1.361	17.753	1.289	100.0	724.0	70.0	0.60399997234344	0.68800002336502	0.01
station_02	no_dust_and_shadow	38	walk_right	19.015	17.753	1.289	100.0	724.0	70.0	0.61699998378754	0.69700002670288	0.015
station_02	no_dust_and_shadow	39	walk_right	3.206	17.753	1.289	100.0	724.0	70.0	0.66699999570847	0.79000002145767	0.011
station_02	no_dust_and_shadow	40	walk_right	2.119	17.753	1.289	100.0	724.0	70.0	0.66699999570847	0.9210000038147	0.01
station_02	no_dust_and_shadow	41	walk_right	1.817	17.753	1.289	100.0	724.0	70.0	0.71200001239777	0.70800000429153	0.009
station_02	no_dust_and_shadow	42	walk_right	1.399	17.753	1.289	100.0	724.0	70.0	0.716000020504	0.73000001907349	0.008
station_02	no_dust_and_shadow	43	walk_right	1.343	17.753	1.289	100.0	724.0	70.0	0.58499997854233	1.07000005245209	0.007
station_02	no_dust_and_shadow	44	walk_right	1.261	17.753	1.289	100.0	724.0	70.0	0.87000000476837	0.76099997758865	0.007
station_02	no_dust_and_shadow	45	walk_right	1.247	17.753	1.289	100.0	724.0	70.0	1.19400000572205	0.72699999809265	0.006
station_02	no_dust_and_shadow	46	walk_right	1.22	17.753	1.289	100.0	724.0	70.0	1.09899997711182	0.71799999475479	0.006
station_02	no_dust_and_shadow	47	walk_right	1.221	17.753	1.289	100.0	724.0	70.0	0.69099998474121	0.72399997711182	0.005
station_02	no_dust_and_shadow	48	walk_right	2.031	17.753	1.289	100.0	724.0	70.0	0.66699999570847	0.59700000286102	0.009
station_02	no_dust_and_shadow	49	walk_right	1.286	17.753	1.289	100.0	724.0	70.0	0.62900000810623	0.72000002861023	0.007
station_02	no_dust_and_shadow	50	walk_right	1.237	17.753	1.289	100.0	724.0	70.0	0.59600001573563	0.9559999704361	0.006
station_02	no_dust_and_shadow	51	walk_right	1.342	17.753	1.289	100.0	724.0	70.0	0.60799998044968	0.68300002813339	0.006
station_02	no_dust_and_shadow	52	walk_right	1.652	17.753	1.289	100.0	724.0	70.0	0.57200002670288	0.59600001573563	0.007
station_02	no_dust_and_shadow	53	walk_right	1.373	17.753	1.289	100.0	724.0	70.0	0.56000000238419	0.69400000572205	0.008
station_02	no_dust_and_shadow	54	walk_right	1.335	17.753	1.289	100.0	724.0	70.0	0.68599998950958	0.72200000286102	0.007
station_02	no_dust_and_shadow	55	walk_right	1.296	17.753	1.289	100.0	724.0	70.0	0.60000002384186	0.6240000128746	0.006
station_02	no_dust_and_shadow	56	walk_right	1.251	17.753	1.289	100.0	724.0	70.0	0.60500001907349	0.85100001096725	0.006
station_02	no_dust_and_shadow	57	walk_right	3.026	17.753	1.289	100.0	724.0	70.0	0.66600000858307	0.88899999856949	0.011
station_02	no_dust_and_shadow	58	walk_right	1.979	17.753	1.289	100.0	724.0	70.0	0.62000000476837	0.70300000905991	0.009
station_02	no_dust_and_shadow	59	walk_right	1.89	17.753	1.289	100.0	724.0	70.0	0.66799998283386	0.73000001907349	0.009
station_02	no_dust_and_shadow	60	walk_right	1.845	17.753	1.289	100.0	724.0	70.0	0.62900000810623	0.70999997854233	0.009
station_02	no_dust_and_shadow	61	walk_right	1.805	17.753	1.289	100.0	724.0	70.0	0.65399998426437	0.73900002241135	0.007
station_02	no_dust_and_shadow	62	walk_right	1.676	17.753	1.289	100.0	724.0	70.0	0.60100001096725	0.72500002384186	0.009
station_02	no_dust_and_shadow	63	walk_right	1.554	17.753	1.289	100.0	724.0	70.0	1.22000002861023	0.73100000619888	0.008
station_02	no_dust_and_shadow	64	walk_right	1.518	17.753	1.289	100.0	724.0	70.0	0.98600000143051	0.71499997377396	0.007
station_02	no_dust_and_shadow	65	walk_right	1.452	17.753	1.289	100.0	724.0	70.0	0.96100002527237	0.7049999833107	0.007
station_02	no_dust_and_shadow	66	walk_right	2.183	17.753	1.289	100.0	724.0	70.0	0.908999979496	0.71200001239777	0.008
station_02	no_dust_and_shadow	67	walk_right	1.459	17.753	1.289	100.0	724.0	70.0	0.64999997615814	0.69999998807907	0.007
station_02	no_dust_and_shadow	68	walk_right	1.562	17.753	1.289	100.0	724.0	70.0	0.82099997997284	0.71399998664856	0.007
station_02	no_dust_and_shadow	69	walk_right	1.535	17.753	1.289	100.0	724.0	70.0	0.68900001049042	0.62800002098083	0.007
station_02	no_dust_and_shadow	70	walk_right	1.389	17.753	1.289	100.0	724.0	70.0	0.67699998617172	0.72500002384186	0.007
station_02	no_dust_and_shadow	71	walk_right	1.932	17.753	1.289	100.0	724.0	70.0	0.63800001144409	0.62699997425079	0.007
station_02	no_dust_and_shadow	72	jump_launch	1.421	17.753	1.289	100.0	724.0	70.0	0.70899999141693	0.69499999284744	0.008
station_02	no_dust_and_shadow	73	jump_launch	1.461	17.753	1.289	100.0	724.0	70.0	0.625	0.7049999833107	0.006
station_02	no_dust_and_shadow	74	jump_launch	1.4	17.753	1.289	100.0	724.0	70.0	0.76899999380112	0.75300002098083	0.006
station_02	no_dust_and_shadow	75	airborne_and_land	2.403	17.753	1.289	100.0	724.0	70.0	0.64899998903275	0.58999997377396	0.008
station_02	no_dust_and_shadow	76	airborne_and_land	2.225	17.753	1.289	100.0	724.0	70.0	0.60299998521805	0.61199998855591	0.008
station_02	no_dust_and_shadow	77	airborne_and_land	2.056	17.753	1.289	100.0	724.0	70.0	0.7049999833107	0.66600000858307	0.01
station_02	no_dust_and_shadow	78	airborne_and_land	1.916	17.753	1.289	100.0	724.0	70.0	0.66699999570847	0.62800002098083	0.008
station_02	no_dust_and_shadow	79	airborne_and_land	1.778	17.753	1.289	100.0	724.0	70.0	0.64600002765656	0.62099999189377	0.007
station_02	no_dust_and_shadow	80	airborne_and_land	2.277	17.753	1.289	100.0	724.0	70.0	0.6129999756813	0.62300002574921	0.011
station_02	no_dust_and_shadow	81	airborne_and_land	1.955	17.753	1.289	100.0	724.0	70.0	0.8629999756813	0.70300000905991	0.009
station_02	no_dust_and_shadow	82	airborne_and_land	1.86	17.753	1.289	100.0	724.0	70.0	0.83799999952316	0.77499997615814	0.008
station_02	no_dust_and_shadow	83	airborne_and_land	1.877	17.753	1.289	100.0	724.0	70.0	0.75199997425079	0.67699998617172	0.007
station_02	no_dust_and_shadow	84	airborne_and_land	2.879	17.753	1.289	100.0	724.0	70.0	0.67599999904633	0.64999997615814	0.007
station_02	no_dust_and_shadow	85	airborne_and_land	1.807	17.753	1.289	100.0	724.0	70.0	0.64300000667572	0.68000000715256	0.009
station_02	no_dust_and_shadow	86	airborne_and_land	1.786	17.753	1.289	100.0	724.0	70.0	0.81199997663498	0.64600002765656	0.007
station_02	no_dust_and_shadow	87	airborne_and_land	1.755	17.753	1.289	100.0	724.0	70.0	0.71200001239777	0.62800002098083	0.006
station_02	no_dust_and_shadow	88	airborne_and_land	2.216	17.753	1.289	100.0	724.0	70.0	0.7059999704361	0.67500001192093	0.009
station_02	no_dust_and_shadow	89	airborne_and_land	2.156	17.753	1.289	100.0	724.0	70.0	0.68199998140335	0.67299997806549	0.008
station_02	no_dust_and_shadow	90	airborne_and_land	2.116	17.753	1.289	100.0	724.0	70.0	0.88099998235703	0.66200000047684	0.008
station_02	no_dust_and_shadow	91	airborne_and_land	1.746	17.753	1.289	100.0	724.0	70.0	0.71100002527237	0.66100001335144	0.007
station_02	no_dust_and_shadow	92	airborne_and_land	1.839	17.753	1.289	100.0	724.0	70.0	0.66100001335144	0.79900002479553	0.007
station_02	no_dust_and_shadow	93	airborne_and_land	2.486	17.753	1.289	100.0	724.0	70.0	0.66600000858307	0.6129999756813	0.008
station_02	no_dust_and_shadow	94	airborne_and_land	1.898	17.753	1.289	100.0	724.0	70.0	0.81599998474121	0.65499997138977	0.008
station_02	no_dust_and_shadow	95	airborne_and_land	1.816	17.753	1.289	100.0	724.0	70.0	0.92299997806549	0.67199999094009	0.007
station_02	no_dust_and_shadow	96	airborne_and_land	1.989	17.753	1.289	100.0	724.0	70.0	0.66600000858307	0.62199997901917	0.008
station_02	no_dust_and_shadow	97	airborne_and_land	1.842	17.753	1.289	100.0	724.0	70.0	0.68099999427795	0.62699997425079	0.007
station_02	no_dust_and_shadow	98	airborne_and_land	1.855	17.753	1.289	100.0	724.0	70.0	0.658999979496	0.62300002574921	0.007
station_02	no_dust_and_shadow	99	airborne_and_land	1.791	17.753	1.289	100.0	724.0	70.0	0.72799998521805	0.6259999871254	0.006
station_02	no_dust_and_shadow	100	airborne_and_land	1.958	17.753	1.289	100.0	724.0	70.0	0.71499997377396	0.65700000524521	0.007
station_02	no_dust_and_shadow	101	airborne_and_land	1.844	17.753	1.289	100.0	724.0	70.0	0.67500001192093	0.63400000333786	0.007
station_02	no_dust_and_shadow	102	airborne_and_land	2.602	17.753	1.289	100.0	724.0	70.0	0.80199998617172	0.67599999904633	0.008
station_02	no_dust_and_shadow	103	airborne_and_land	2.917	17.753	1.289	100.0	724.0	70.0	0.68699997663498	0.66000002622604	0.009
station_02	no_dust_and_shadow	104	airborne_and_land	2.033	17.753	1.289	100.0	724.0	70.0	0.68400001525879	0.61199998855591	0.01
station_02	no_dust_and_shadow	105	airborne_and_land	1.753	17.753	1.289	100.0	724.0	70.0	0.69099998474121	0.60799998044968	0.01
station_02	no_dust_and_shadow	106	airborne_and_land	8.177	17.753	1.289	100.0	724.0	70.0	0.7039999961853	0.59799998998642	0.013
station_02	no_dust_and_shadow	107	airborne_and_land	2.037	17.753	1.289	100.0	724.0	70.0	0.6710000038147	0.63899999856949	0.009
station_02	no_dust_and_shadow	108	airborne_and_land	3.412	17.753	1.289	100.0	724.0	70.0	0.71399998664856	0.62800002098083	0.011
station_02	no_dust_and_shadow	109	airborne_and_land	2.131	17.753	1.289	100.0	724.0	70.0	1.04100000858307	11.5190000534058	0.008
station_02	no_dust_and_shadow	110	airborne_and_land	2.202	17.753	1.289	100.0	724.0	70.0	0.73000001907349	0.58999997377396	0.009
station_02	no_dust_and_shadow	111	airborne_and_land	1.952	17.753	1.289	100.0	724.0	70.0	0.62099999189377	0.70899999141693	0.009
station_02	no_dust_and_shadow	112	airborne_and_land	1.848	17.753	1.289	100.0	724.0	70.0	1.00399994850159	0.63200002908707	0.007
station_02	no_dust_and_shadow	113	airborne_and_land	1.776	17.753	1.289	100.0	724.0	70.0	0.841000020504	0.65799999237061	0.009
station_02	no_dust_and_shadow	114	airborne_and_land	2.558	17.753	1.289	100.0	724.0	70.0	1.17599999904633	0.658999979496	0.008
station_02	no_dust_and_shadow	115	airborne_and_land	2.013	17.753	1.289	100.0	724.0	70.0	0.77300000190735	0.68800002336502	0.01
station_02	no_dust_and_shadow	116	airborne_and_land	2.239	17.753	1.289	100.0	724.0	70.0	1.00100004673004	0.72500002384186	0.009
station_02	no_dust_and_shadow	117	airborne_and_land	2.001	17.753	1.289	100.0	724.0	70.0	0.77499997615814	0.70300000905991	0.009
station_02	no_dust_and_shadow	118	airborne_and_land	1.826	17.753	1.289	100.0	724.0	70.0	0.74299997091293	0.67699998617172	0.007
station_02	no_dust_and_shadow	119	airborne_and_land	1.899	17.753	1.289	100.0	724.0	70.0	0.69099998474121	0.66000002622604	0.007
station_02	no_dust_and_shadow	120	airborne_and_land	3.421	17.753	1.289	100.0	724.0	70.0	0.75400000810623	0.69900000095367	0.011
station_02	no_dust_and_shadow	121	airborne_and_land	2.638	17.753	1.289	100.0	724.0	70.0	0.7509999871254	0.79799997806549	0.01
station_02	no_dust_and_shadow	122	airborne_and_land	2.467	17.753	1.289	100.0	724.0	70.0	0.80299997329712	0.658999979496	0.011
station_02	no_dust_and_shadow	123	airborne_and_land	8.027	17.753	1.289	100.0	724.0	70.0	0.7620000243187	0.6240000128746	0.013
station_02	no_dust_and_shadow	124	airborne_and_land	2.122	17.753	1.289	100.0	724.0	70.0	0.69099998474121	0.61799997091293	0.008
station_02	no_dust_and_shadow	125	airborne_and_land	1.604	17.753	1.289	100.0	724.0	70.0	0.67599999904633	0.65700000524521	0.007
station_02	no_dust_and_shadow	126	airborne_and_land	2.681	17.753	1.289	100.0	724.0	70.0	1.14100003242493	0.67599999904633	0.009
station_02	no_dust_and_shadow	127	airborne_and_land	1.786	17.753	1.289	100.0	724.0	70.0	1.11300003528595	0.84299999475479	0.008
station_02	no_dust_and_shadow	128	airborne_and_land	1.741	17.753	1.289	100.0	724.0	70.0	0.908999979496	0.61699998378754	0.007
station_02	no_dust_and_shadow	129	airborne_and_land	1.708	17.753	1.289	100.0	724.0	70.0	0.95800000429153	0.61100000143051	0.008
station_02	no_dust_and_shadow	130	airborne_and_land	1.717	17.753	1.289	100.0	724.0	70.0	0.9210000038147	0.60699999332428	0.008
station_02	no_dust_and_shadow	131	airborne_and_land	1.615	17.753	1.289	100.0	724.0	70.0	0.63899999856949	0.58300000429153	0.007
station_02	no_dust_and_shadow	132	airborne_and_land	2.467	17.753	1.289	100.0	724.0	70.0	0.85399997234344	0.6259999871254	0.008
station_02	no_dust_and_shadow	133	airborne_and_land	1.621	17.753	1.289	100.0	724.0	70.0	0.68300002813339	0.5789999961853	0.007
station_02	no_dust_and_shadow	134	airborne_and_land	1.58	17.753	1.289	100.0	724.0	70.0	0.66799998283386	0.5789999961853	0.007
station_02	no_dust_and_shadow	135	airborne_and_land	1.766	17.753	1.289	100.0	724.0	70.0	0.67500001192093	0.65600001811981	0.007
station_02	no_dust_and_shadow	136	airborne_and_land	1.635	17.753	1.289	100.0	724.0	70.0	0.6700000166893	0.58700001239777	0.007
station_02	no_dust_and_shadow	137	airborne_and_land	1.692	17.753	1.289	100.0	724.0	70.0	0.66500002145767	0.63099998235703	0.007
station_02	no_dust_and_shadow	138	airborne_and_land	1.657	17.753	1.289	100.0	724.0	70.0	0.7509999871254	0.58799999952316	0.008
station_02	no_dust_and_shadow	139	airborne_and_land	2.797	17.753	1.289	118.0	868.0	73.0	0.64499998092651	0.61400002241135	0.009
station_02	no_dust_and_shadow	140	airborne_and_land	1.922	17.753	1.289	118.0	868.0	73.0	0.61699998378754	0.58999997377396	0.007
station_02	no_dust_and_shadow	141	airborne_and_land	1.873	17.753	1.289	118.0	868.0	73.0	0.66500002145767	0.61100000143051	0.007
station_02	no_dust_and_shadow	142	airborne_and_land	1.939	17.753	1.289	118.0	868.0	73.0	0.66299998760223	0.62800002098083	0.008
station_02	no_dust_and_shadow	143	airborne_and_land	1.843	17.753	1.289	118.0	868.0	73.0	0.69999998807907	0.62099999189377	0.007
station_02	no_dust_and_shadow	144	recovery	1.886	17.753	1.289	118.0	868.0	73.0	0.63899999856949	0.59500002861023	0.007
station_02	no_dust_and_shadow	145	recovery	1.798	17.753	1.289	118.0	868.0	73.0	0.85699999332428	0.66500002145767	0.007
station_02	no_dust_and_shadow	146	recovery	3.012	17.753	1.289	118.0	868.0	73.0	0.73199999332428	0.66000002622604	0.009
station_02	no_dust_and_shadow	147	recovery	1.96	17.753	1.289	118.0	868.0	73.0	0.71700000762939	0.64399999380112	0.008
station_02	no_dust_and_shadow	148	recovery	1.815	17.753	1.289	118.0	868.0	73.0	0.72699999809265	0.64300000667572	0.007
station_02	no_dust_and_shadow	149	recovery	1.696	17.753	1.289	118.0	868.0	73.0	0.72600001096725	0.66299998760223	0.007
station_02	no_dust_and_shadow	150	recovery	1.674	17.753	1.289	118.0	868.0	73.0	0.76800000667572	0.62800002098083	0.007
station_02	no_dust_and_shadow	151	recovery	1.7	17.753	1.289	118.0	868.0	73.0	0.69300001859665	0.64499998092651	0.006
station_02	no_dust_and_shadow	152	recovery	2.08	17.753	1.289	118.0	868.0	73.0	1.09099996089935	0.64399999380112	0.007
station_02	no_dust_and_shadow	153	recovery	1.724	17.753	1.289	118.0	868.0	73.0	0.77799999713898	0.83399999141693	0.008
station_02	no_dust_and_shadow	154	recovery	2.223	17.753	1.289	118.0	868.0	73.0	0.71700000762939	0.59500002861023	0.009
station_02	no_dust_and_shadow	155	recovery	1.694	17.753	1.289	118.0	868.0	73.0	0.6690000295639	0.59500002861023	0.007
station_02	no_dust_and_shadow	156	recovery	1.741	17.753	1.289	118.0	868.0	73.0	0.66200000047684	0.55500000715256	0.007
station_02	no_dust_and_shadow	157	recovery	1.718	17.753	1.289	118.0	868.0	73.0	0.68199998140335	0.60799998044968	0.007
station_02	no_dust_and_shadow	158	recovery	2.054	17.753	1.289	118.0	868.0	73.0	0.7049999833107	0.6259999871254	0.008
station_02	no_dust_and_shadow	159	recovery	1.784	17.753	1.289	118.0	868.0	73.0	0.66000002622604	0.6700000166893	0.007
station_02	no_dust_and_shadow	160	recovery	1.887	17.753	1.289	118.0	868.0	73.0	0.73900002241135	0.6240000128746	0.008
station_02	no_dust_and_shadow	161	recovery	1.798	17.753	1.289	118.0	868.0	73.0	0.658999979496	0.61100000143051	0.008
station_02	no_dust_and_shadow	162	recovery	2.592	17.753	1.289	118.0	868.0	73.0	0.69499999284744	0.55299997329712	0.008
station_02	no_dust_and_shadow	163	recovery	2.751	17.753	1.289	118.0	868.0	73.0	0.68999999761581	0.6259999871254	0.012
station_02	no_dust_and_shadow	164	recovery	1.989	17.753	1.289	118.0	868.0	73.0	0.72399997711182	0.58999997377396	0.01
station_02	no_dust_and_shadow	165	recovery	7.097	17.753	1.289	118.0	868.0	73.0	0.68099999427795	0.64800000190735	0.015
station_02	no_dust_and_shadow	166	recovery	2.086	17.753	1.289	118.0	868.0	73.0	0.75800001621246	0.63099998235703	0.01
station_02	no_dust_and_shadow	167	recovery	1.907	17.753	1.289	118.0	868.0	73.0	0.70200002193451	0.66600000858307	0.008
station_02	no_dust_and_shadow	168	recovery	1.765	17.753	1.289	118.0	868.0	73.0	0.72100001573563	11.4770002365112	0.007
station_02	no_dust_and_shadow	169	recovery	1.716	17.753	1.289	118.0	868.0	73.0	0.83600002527237	0.5799999833107	0.006
station_02	no_dust_and_shadow	170	recovery	1.853	17.753	1.289	118.0	868.0	73.0	0.71899998188019	0.58899998664856	0.007
station_02	no_dust_and_shadow	171	recovery	1.811	17.753	1.289	118.0	868.0	73.0	0.94099998474121	0.63599997758865	0.007
station_02	no_dust_and_shadow	172	walk_left	2.857	17.753	1.289	118.0	868.0	73.0	0.76099997758865	0.61000001430511	0.009
station_02	no_dust_and_shadow	173	walk_left	1.881	17.753	1.289	118.0	868.0	73.0	0.74800002574921	0.59200000762939	0.008
station_02	no_dust_and_shadow	174	walk_left	1.798	17.753	1.289	118.0	868.0	73.0	0.67599999904633	0.56999999284744	0.008
station_02	no_dust_and_shadow	175	walk_left	1.831	17.753	1.289	118.0	868.0	73.0	0.66100001335144	0.60699999332428	0.008
station_02	no_dust_and_shadow	176	walk_left	1.872	17.753	1.289	118.0	868.0	73.0	0.74000000953674	0.64499998092651	0.007
station_02	no_dust_and_shadow	177	walk_left	1.78	17.753	1.289	118.0	868.0	73.0	0.7039999961853	0.56900000572205	0.008
station_02	no_dust_and_shadow	178	walk_left	1.785	17.753	1.289	118.0	868.0	73.0	0.90299999713898	0.65499997138977	0.008
station_02	no_dust_and_shadow	179	walk_left	1.739	17.753	1.289	118.0	868.0	73.0	0.73299998044968	0.57800000905991	0.007
station_02	no_dust_and_shadow	180	walk_left	1.772	17.753	1.289	118.0	868.0	73.0	0.716000020504	0.59799998998642	0.007
station_02	no_dust_and_shadow	181	walk_left	3.787	17.753	1.289	118.0	868.0	73.0	0.73199999332428	0.57099997997284	0.012
station_02	no_dust_and_shadow	182	walk_left	2.826	17.753	1.289	118.0	868.0	73.0	0.74699997901917	0.55800002813339	0.01
station_02	no_dust_and_shadow	183	walk_left	2.809	17.753	1.289	118.0	868.0	73.0	0.69400000572205	0.55400002002716	0.009
station_02	no_dust_and_shadow	184	walk_left	2.828	17.753	1.289	118.0	868.0	73.0	0.68400001525879	0.60399997234344	0.009
station_02	no_dust_and_shadow	185	walk_left	2.544	17.753	1.289	118.0	868.0	73.0	0.67799997329712	0.54699999094009	0.011
station_02	no_dust_and_shadow	186	walk_left	2.514	17.753	1.289	118.0	868.0	73.0	0.69999998807907	0.59799998998642	0.008
station_02	no_dust_and_shadow	187	walk_left	7.497	17.753	1.289	118.0	868.0	73.0	1.2610000371933	0.59500002861023	0.015
station_02	no_dust_and_shadow	188	walk_left	2.339	17.753	1.289	118.0	868.0	73.0	1.11199998855591	0.56699997186661	0.01
station_02	no_dust_and_shadow	189	walk_left	2.951	17.753	1.289	118.0	868.0	73.0	1.14600002765656	0.60299998521805	0.01
station_02	no_dust_and_shadow	190	walk_left	2.207	17.753	1.289	118.0	868.0	73.0	1.09099996089935	0.61500000953674	0.01
station_02	no_dust_and_shadow	191	walk_left	2.277	17.753	1.289	118.0	868.0	73.0	0.91000002622604	0.61799997091293	0.011
station_02	no_dust_and_shadow	192	walk_left	2.069	17.753	1.289	118.0	868.0	73.0	0.75300002098083	0.68300002813339	0.009
station_02	no_dust_and_shadow	193	walk_left	1.699	17.753	1.289	118.0	868.0	73.0	1.00999999046326	0.60100001096725	0.008
station_02	no_dust_and_shadow	194	walk_left	1.673	17.753	1.289	118.0	868.0	73.0	0.79299998283386	0.58899998664856	0.007
station_02	no_dust_and_shadow	195	walk_left	1.614	17.753	1.289	118.0	868.0	73.0	0.87099999189377	0.5809999704361	0.007
station_02	no_dust_and_shadow	196	walk_left	2.553	17.753	1.289	118.0	868.0	73.0	0.85199999809265	0.66200000047684	0.007
station_02	no_dust_and_shadow	197	walk_left	2.243	17.753	1.289	118.0	868.0	73.0	0.80199998617172	0.64899998903275	0.007
station_02	no_dust_and_shadow	198	walk_left	1.917	17.753	1.289	118.0	868.0	73.0	0.74299997091293	0.64099997282028	0.008
station_02	no_dust_and_shadow	199	walk_left	2.437	17.753	1.289	118.0	868.0	73.0	0.70800000429153	0.6370000243187	0.008
station_02	no_dust_and_shadow	200	walk_left	2.083	17.753	1.289	118.0	868.0	73.0	0.73000001907349	0.6240000128746	0.011
station_02	no_dust_and_shadow	201	walk_left	8.186	17.753	1.289	118.0	868.0	73.0	0.70200002193451	0.56099998950958	0.011
station_02	no_dust_and_shadow	202	walk_left	11.428	17.753	1.289	118.0	868.0	73.0	0.7379999756813	0.64200001955032	0.014
station_02	no_dust_and_shadow	203	walk_left	2.419	17.753	1.289	118.0	868.0	73.0	0.81699997186661	0.61400002241135	0.009
station_02	no_dust_and_shadow	204	walk_left	2.991	17.753	1.289	118.0	868.0	73.0	0.72699999809265	0.59700000286102	0.01
station_02	no_dust_and_shadow	205	walk_left	2.724	17.753	1.289	118.0	868.0	73.0	1.02600002288818	10.8599996566772	0.008
station_02	no_dust_and_shadow	206	walk_left	2.778	17.753	1.289	118.0	868.0	73.0	0.72699999809265	0.66399997472763	0.013
station_02	no_dust_and_shadow	207	walk_left	2.83	17.753	1.289	118.0	868.0	73.0	0.89499998092651	0.57400000095367	0.01
station_02	no_dust_and_shadow	208	walk_left	16.066	17.753	1.289	118.0	868.0	73.0	1.35399997234344	0.62900000810623	0.016
station_02	no_dust_and_shadow	209	idle_after_cycle	2.168	17.753	1.289	118.0	868.0	73.0	0.77600002288818	0.57599997520447	0.01
station_02	no_dust_and_shadow	210	idle_after_cycle	9.356	17.753	1.289	100.0	724.0	70.0	0.90299999713898	0.57599997520447	0.014
station_02	no_dust_and_shadow	211	idle_after_cycle	3.174	17.753	1.289	100.0	724.0	70.0	0.75800001621246	0.61000001430511	0.011
station_02	no_dust_and_shadow	212	idle_after_cycle	2.831	17.753	1.289	100.0	724.0	70.0	0.92599999904633	0.62699997425079	0.009
station_02	no_dust_and_shadow	213	idle_after_cycle	3.199	17.753	1.289	100.0	724.0	70.0	0.81300002336502	10.5069999694824	0.011
station_02	no_dust_and_shadow	214	idle_after_cycle	2.231	17.753	1.289	100.0	724.0	70.0	1.23599994182587	0.60500001907349	0.01
station_02	no_dust_and_shadow	215	idle_after_cycle	2.06	17.753	1.289	100.0	724.0	70.0	0.71299999952316	0.59799998998642	0.008
station_02	no_dust_and_shadow	216	idle_after_cycle	2.534	17.753	1.289	100.0	724.0	70.0	1.33599996566772	0.79100000858307	0.008
station_02	no_dust_and_shadow	217	idle_after_cycle	1.949	17.753	1.289	100.0	724.0	70.0	1.16400003433228	0.63999998569489	0.009
station_02	no_dust_and_shadow	218	idle_after_cycle	1.931	17.753	1.289	100.0	724.0	70.0	1.08599996566772	0.658999979496	0.007
station_02	no_dust_and_shadow	219	idle_after_cycle	1.945	17.753	1.289	100.0	724.0	70.0	1.11699998378754	0.65399998426437	0.007
station_02	no_player_and_shadow	2	idle	1.446	17.753	1.289	80.0	596.0	53.0	0.66500002145767	0.60500001907349	0.007
station_02	no_player_and_shadow	3	idle	2.512	17.753	1.289	80.0	596.0	53.0	0.63200002908707	0.60699999332428	0.01
station_02	no_player_and_shadow	4	idle	1.962	17.753	1.289	80.0	596.0	53.0	0.60799998044968	0.60100001096725	0.01
station_02	no_player_and_shadow	5	idle	1.454	17.753	1.289	80.0	596.0	53.0	0.60199999809265	0.63300001621246	0.008
station_02	no_player_and_shadow	6	idle	8.962	17.753	1.289	80.0	596.0	53.0	0.61400002241135	0.59600001573563	0.013
station_02	no_player_and_shadow	7	idle	1.791	17.753	1.289	80.0	596.0	53.0	0.61599999666214	0.59500002861023	0.009
station_02	no_player_and_shadow	8	idle	1.963	17.753	1.289	80.0	596.0	53.0	0.59799998998642	0.60199999809265	0.008
station_02	no_player_and_shadow	9	idle	1.522	17.753	1.289	80.0	596.0	53.0	1.01999998092651	11.4930000305176	0.009
station_02	no_player_and_shadow	10	idle	1.952	17.753	1.289	80.0	596.0	53.0	0.70200002193451	0.68800002336502	0.01
station_02	no_player_and_shadow	11	idle	1.578	17.753	1.289	80.0	596.0	53.0	0.61699998378754	0.63599997758865	0.008
station_02	no_player_and_shadow	12	idle	1.48	17.753	1.289	80.0	596.0	53.0	0.93000000715256	0.64300000667572	0.02
station_02	no_player_and_shadow	13	idle	1.487	17.753	1.289	80.0	596.0	53.0	0.72399997711182	0.61199998855591	0.007
station_02	no_player_and_shadow	14	idle	1.443	17.753	1.289	80.0	596.0	53.0	0.64700001478195	0.65799999237061	0.007
station_02	no_player_and_shadow	15	idle	1.443	17.753	1.289	80.0	596.0	53.0	0.67500001192093	0.61100000143051	0.007
station_02	no_player_and_shadow	16	idle	1.482	17.753	1.289	80.0	596.0	53.0	0.69900000095367	0.61500000953674	0.007
station_02	no_player_and_shadow	17	idle	1.933	17.753	1.289	80.0	596.0	53.0	0.65399998426437	0.60699999332428	0.008
station_02	no_player_and_shadow	18	idle	1.601	17.753	1.289	80.0	596.0	53.0	0.61500000953674	0.58799999952316	0.009
station_02	no_player_and_shadow	19	idle	1.531	17.753	1.289	80.0	596.0	53.0	0.63300001621246	0.58999997377396	0.008
station_02	no_player_and_shadow	20	idle	1.46	17.753	1.289	80.0	596.0	53.0	0.58799999952316	0.58799999952316	0.007
station_02	no_player_and_shadow	21	idle	1.522	17.753	1.289	80.0	596.0	53.0	0.59200000762939	0.59600001573563	0.006
station_02	no_player_and_shadow	22	idle	1.453	17.753	1.289	80.0	596.0	53.0	0.62999999523163	0.61500000953674	0.007
station_02	no_player_and_shadow	23	idle	1.954	17.753	1.289	80.0	596.0	53.0	0.66399997472763	0.60699999332428	0.007
station_02	no_player_and_shadow	24	idle	1.618	17.753	1.289	80.0	596.0	53.0	0.68500000238419	0.59200000762939	0.009
station_02	no_player_and_shadow	25	idle	1.796	17.753	1.289	80.0	596.0	53.0	0.64200001955032	0.6129999756813	0.01
station_02	no_player_and_shadow	26	idle	1.699	17.753	1.289	80.0	596.0	53.0	0.61500000953674	0.60699999332428	0.011
station_02	no_player_and_shadow	27	idle	20.218	17.753	1.289	80.0	596.0	53.0	0.65299999713898	0.6129999756813	0.017
station_02	no_player_and_shadow	28	idle	1.628	17.753	1.289	80.0	596.0	53.0	0.60900002717972	0.59700000286102	0.011
station_02	no_player_and_shadow	29	idle	11.466	17.753	1.289	80.0	596.0	53.0	0.67400002479553	0.591000020504	0.015
station_02	no_player_and_shadow	30	walk_right	2.837	17.753	1.289	80.0	596.0	53.0	0.77200001478195	22.0419998168945	0.014
station_02	no_player_and_shadow	31	walk_right	2.064	17.753	1.289	80.0	596.0	53.0	0.73199999332428	0.69400000572205	0.011
station_02	no_player_and_shadow	32	walk_right	2.098	17.753	1.289	80.0	596.0	53.0	0.73199999332428	10.9230003356934	0.011
station_02	no_player_and_shadow	33	walk_right	1.974	17.753	1.289	80.0	596.0	53.0	1.44700002670288	0.67299997806549	0.009
station_02	no_player_and_shadow	34	walk_right	2.062	17.753	1.289	80.0	596.0	53.0	0.67400002479553	0.67900002002716	0.009
station_02	no_player_and_shadow	35	walk_right	1.486	17.753	1.289	80.0	596.0	53.0	1.03100001811981	0.60399997234344	0.008
station_02	no_player_and_shadow	36	walk_right	1.774	17.753	1.289	80.0	596.0	53.0	1.11199998855591	0.59799998998642	0.007
station_02	no_player_and_shadow	37	walk_right	1.706	17.753	1.289	80.0	596.0	53.0	0.94099998474121	0.58300000429153	0.009
station_02	no_player_and_shadow	38	walk_right	1.416	17.753	1.289	80.0	596.0	53.0	1.00199997425079	0.5799999833107	0.007
station_02	no_player_and_shadow	39	walk_right	1.815	17.753	1.289	80.0	596.0	53.0	0.94800001382828	0.54900002479553	0.008
station_02	no_player_and_shadow	40	walk_right	1.527	17.753	1.289	80.0	596.0	53.0	0.72399997711182	0.64700001478195	0.009
station_02	no_player_and_shadow	41	walk_right	1.642	17.753	1.289	80.0	596.0	53.0	0.63800001144409	0.64499998092651	0.009
station_02	no_player_and_shadow	42	walk_right	1.595	17.753	1.289	80.0	596.0	53.0	0.625	0.61799997091293	0.009
station_02	no_player_and_shadow	43	walk_right	1.491	17.753	1.289	80.0	596.0	53.0	0.66100001335144	0.63300001621246	0.007
station_02	no_player_and_shadow	44	walk_right	1.483	17.753	1.289	80.0	596.0	53.0	0.61000001430511	0.61900001764297	0.007
station_02	no_player_and_shadow	45	walk_right	1.475	17.753	1.289	80.0	596.0	53.0	0.62999999523163	0.60600000619888	0.007
station_02	no_player_and_shadow	46	walk_right	1.747	17.753	1.289	80.0	596.0	53.0	0.63599997758865	0.62900000810623	0.007
station_02	no_player_and_shadow	47	walk_right	2.016	17.753	1.289	80.0	596.0	53.0	0.67500001192093	0.65499997138977	0.011
station_02	no_player_and_shadow	48	walk_right	2.611	17.753	1.289	80.0	596.0	53.0	0.65600001811981	0.58999997377396	0.011
station_02	no_player_and_shadow	49	walk_right	7.697	17.753	1.289	80.0	596.0	53.0	0.62000000476837	0.59899997711182	0.017
station_02	no_player_and_shadow	50	walk_right	1.626	17.753	1.289	80.0	596.0	53.0	0.59399998188019	0.61400002241135	0.01
station_02	no_player_and_shadow	51	walk_right	1.352	17.753	1.289	80.0	596.0	53.0	0.62000000476837	0.59299999475479	0.007
station_02	no_player_and_shadow	52	walk_right	2.151	17.753	1.289	80.0	596.0	53.0	0.84200000762939	0.66000002622604	0.009
station_02	no_player_and_shadow	53	walk_right	1.473	17.753	1.289	80.0	596.0	53.0	0.88899999856949	0.67799997329712	0.01
station_02	no_player_and_shadow	54	walk_right	1.354	17.753	1.289	80.0	596.0	53.0	1.14300000667572	0.60199999809265	0.008
station_02	no_player_and_shadow	55	walk_right	1.288	17.753	1.289	80.0	596.0	53.0	0.85699999332428	0.62199997901917	0.007
station_02	no_player_and_shadow	56	walk_right	1.284	17.753	1.289	80.0	596.0	53.0	0.72600001096725	0.59500002861023	0.008
station_02	no_player_and_shadow	57	walk_right	1.285	17.753	1.289	80.0	596.0	53.0	0.60100001096725	0.62199997901917	0.007
station_02	no_player_and_shadow	58	walk_right	1.263	17.753	1.289	80.0	596.0	53.0	0.69999998807907	0.60900002717972	0.007
station_02	no_player_and_shadow	59	walk_right	2.637	17.753	1.289	80.0	596.0	53.0	0.6700000166893	0.60299998521805	0.01
station_02	no_player_and_shadow	60	walk_right	2.079	17.753	1.289	80.0	596.0	53.0	0.6240000128746	0.57599997520447	0.009
station_02	no_player_and_shadow	61	walk_right	2.264	17.753	1.289	80.0	596.0	53.0	0.61000001430511	0.5789999961853	0.01
station_02	no_player_and_shadow	62	walk_right	2.168	17.753	1.289	80.0	596.0	53.0	0.58799999952316	0.58499997854233	0.011
station_02	no_player_and_shadow	63	walk_right	1.94	17.753	1.289	80.0	596.0	53.0	0.58300000429153	0.5799999833107	0.009
station_02	no_player_and_shadow	64	walk_right	1.961	17.753	1.289	80.0	596.0	53.0	0.59600001573563	0.60199999809265	0.009
station_02	no_player_and_shadow	65	walk_right	1.93	17.753	1.289	80.0	596.0	53.0	1.03999996185303	0.58899998664856	0.009
station_02	no_player_and_shadow	66	walk_right	2.075	17.753	1.289	80.0	596.0	53.0	0.98199999332428	0.59299999475479	0.009
station_02	no_player_and_shadow	67	walk_right	1.581	17.753	1.289	80.0	596.0	53.0	1.02999997138977	0.58899998664856	0.009
station_02	no_player_and_shadow	68	walk_right	1.288	17.753	1.289	80.0	596.0	53.0	1.01300001144409	0.59600001573563	0.008
station_02	no_player_and_shadow	69	walk_right	9.52	17.753	1.289	80.0	596.0	53.0	0.9190000295639	0.58799999952316	0.016
station_02	no_player_and_shadow	70	walk_right	1.83	17.753	1.289	80.0	596.0	53.0	0.97600001096725	0.58399999141693	0.01
station_02	no_player_and_shadow	71	walk_right	1.506	17.753	1.289	80.0	596.0	53.0	0.91799998283386	0.591000020504	0.008
station_02	no_player_and_shadow	72	jump_launch	1.465	17.753	1.289	80.0	596.0	53.0	0.908999979496	11.5050001144409	0.008
station_02	no_player_and_shadow	73	jump_launch	1.539	17.753	1.289	80.0	596.0	53.0	0.67400002479553	0.72299998998642	0.008
station_02	no_player_and_shadow	74	jump_launch	1.519	17.753	1.289	80.0	596.0	53.0	0.53600001335144	0.61400002241135	0.008
station_02	no_player_and_shadow	75	airborne_and_land	1.9	17.753	1.289	80.0	596.0	53.0	0.90100002288818	0.59899997711182	0.008
station_02	no_player_and_shadow	76	airborne_and_land	1.676	17.753	1.289	80.0	596.0	53.0	0.66799998283386	0.64999997615814	0.01
station_02	no_player_and_shadow	77	airborne_and_land	1.602	17.753	1.289	80.0	596.0	53.0	0.61199998855591	0.65499997138977	0.008
station_02	no_player_and_shadow	78	airborne_and_land	1.961	17.753	1.289	80.0	596.0	53.0	0.58499997854233	0.61100000143051	0.008
station_02	no_player_and_shadow	79	airborne_and_land	1.552	17.753	1.289	80.0	596.0	53.0	0.6710000038147	0.61100000143051	0.007
station_02	no_player_and_shadow	80	airborne_and_land	1.452	17.753	1.289	80.0	596.0	53.0	0.6259999871254	0.61599999666214	0.007
station_02	no_player_and_shadow	81	airborne_and_land	1.386	17.753	1.289	80.0	596.0	53.0	0.68999999761581	0.6370000243187	0.006
station_02	no_player_and_shadow	82	airborne_and_land	1.442	17.753	1.289	80.0	596.0	53.0	0.65700000524521	0.61500000953674	0.007
station_02	no_player_and_shadow	83	airborne_and_land	1.662	17.753	1.289	80.0	596.0	53.0	0.64800000190735	0.6129999756813	0.008
station_02	no_player_and_shadow	84	airborne_and_land	1.32	17.753	1.289	80.0	596.0	53.0	0.61599999666214	0.64600002765656	0.008
station_02	no_player_and_shadow	85	airborne_and_land	2.088	17.753	1.289	80.0	596.0	53.0	0.68199998140335	0.591000020504	0.01
station_02	no_player_and_shadow	86	airborne_and_land	2.352	17.753	1.289	80.0	596.0	53.0	0.59799998998642	0.60000002384186	0.011
station_02	no_player_and_shadow	87	airborne_and_land	2.633	17.753	1.289	80.0	596.0	53.0	0.5799999833107	0.5789999961853	0.014
station_02	no_player_and_shadow	88	airborne_and_land	8.475	17.753	1.289	80.0	596.0	53.0	0.59500002861023	0.62300002574921	0.014
station_02	no_player_and_shadow	89	airborne_and_land	1.854	17.753	1.289	80.0	596.0	53.0	0.75900000333786	0.60900002717972	0.011
station_02	no_player_and_shadow	90	airborne_and_land	1.76	17.753	1.289	80.0	596.0	53.0	0.57400000095367	0.6129999756813	0.01
station_02	no_player_and_shadow	91	airborne_and_land	1.612	17.753	1.289	80.0	596.0	53.0	0.69499999284744	0.59600001573563	0.009
station_02	no_player_and_shadow	92	airborne_and_land	1.614	17.753	1.289	80.0	596.0	53.0	1.11500000953674	0.61000001430511	0.008
station_02	no_player_and_shadow	93	airborne_and_land	1.6	17.753	1.289	80.0	596.0	53.0	1.27199995517731	0.62699997425079	0.009
station_02	no_player_and_shadow	94	airborne_and_land	1.852	17.753	1.289	80.0	596.0	53.0	0.94800001382828	0.63999998569489	0.009
station_02	no_player_and_shadow	95	airborne_and_land	1.562	17.753	1.289	80.0	596.0	53.0	0.73299998044968	0.63200002908707	0.008
station_02	no_player_and_shadow	96	airborne_and_land	1.471	17.753	1.289	80.0	596.0	53.0	0.75700002908707	0.64499998092651	0.007
station_02	no_player_and_shadow	97	airborne_and_land	1.503	17.753	1.289	80.0	596.0	53.0	0.65200001001358	0.60799998044968	0.008
station_02	no_player_and_shadow	98	airborne_and_land	1.941	17.753	1.289	80.0	596.0	53.0	0.64999997615814	0.62900000810623	0.008
station_02	no_player_and_shadow	99	airborne_and_land	1.628	17.753	1.289	80.0	596.0	53.0	0.6710000038147	0.66600000858307	0.009
station_02	no_player_and_shadow	100	airborne_and_land	1.547	17.753	1.289	80.0	596.0	53.0	0.66200000047684	0.59500002861023	0.007
station_02	no_player_and_shadow	101	airborne_and_land	2.685	17.753	1.289	80.0	596.0	53.0	0.63599997758865	0.64300000667572	0.011
station_02	no_player_and_shadow	102	airborne_and_land	2.036	17.753	1.289	80.0	596.0	53.0	0.62000000476837	0.61199998855591	0.01
station_02	no_player_and_shadow	103	airborne_and_land	1.935	17.753	1.289	80.0	596.0	53.0	0.61500000953674	0.63200002908707	0.01
station_02	no_player_and_shadow	104	airborne_and_land	1.99	17.753	1.289	80.0	596.0	53.0	0.66500002145767	0.64300000667572	0.013
station_02	no_player_and_shadow	105	airborne_and_land	2.044	17.753	1.289	80.0	596.0	53.0	0.658999979496	0.60699999332428	0.012
station_02	no_player_and_shadow	106	airborne_and_land	1.421	17.753	1.289	80.0	596.0	53.0	0.64399999380112	0.58999997377396	0.009
station_02	no_player_and_shadow	107	airborne_and_land	19.719	17.753	1.289	80.0	596.0	53.0	1.05799996852875	0.59799998998642	0.015
station_02	no_player_and_shadow	108	airborne_and_land	3.329	17.753	1.289	80.0	596.0	53.0	0.97200000286102	0.60199999809265	0.014
station_02	no_player_and_shadow	109	airborne_and_land	8.897	17.753	1.289	80.0	596.0	53.0	0.94499999284744	0.54699999094009	0.016
station_02	no_player_and_shadow	110	airborne_and_land	11.12	17.753	1.289	80.0	596.0	53.0	0.92500001192093	22.3549995422363	0.015
station_02	no_player_and_shadow	111	airborne_and_land	3.074	17.753	1.289	80.0	596.0	53.0	0.80199998617172	0.66100001335144	0.014
station_02	no_player_and_shadow	112	airborne_and_land	2.327	17.753	1.289	80.0	596.0	53.0	0.57800000905991	10.7360000610352	0.111
station_02	no_player_and_shadow	113	airborne_and_land	2.531	17.753	1.289	98.0	740.0	56.0	0.87900000810623	10.9069995880127	0.012
station_02	no_player_and_shadow	114	airborne_and_land	1.533	17.753	1.289	98.0	740.0	56.0	1.25699996948242	0.60600000619888	0.009
station_02	no_player_and_shadow	115	airborne_and_land	8.21	17.753	1.289	98.0	740.0	56.0	0.78500002622604	0.61199998855591	0.014
station_02	no_player_and_shadow	116	airborne_and_land	2.109	17.753	1.289	98.0	740.0	56.0	0.85799998044968	0.62099999189377	0.01
station_02	no_player_and_shadow	117	airborne_and_land	1.569	17.753	1.289	98.0	740.0	56.0	1.20299994945526	0.64200001955032	0.009
station_02	no_player_and_shadow	118	airborne_and_land	1.509	17.753	1.289	98.0	740.0	56.0	1.05299997329712	11.5010004043579	0.008
station_02	no_player_and_shadow	119	airborne_and_land	1.496	17.753	1.289	98.0	740.0	56.0	0.73000001907349	0.67500001192093	0.008
station_02	no_player_and_shadow	120	airborne_and_land	1.441	17.753	1.289	98.0	740.0	56.0	0.62699997425079	0.62099999189377	0.01
station_02	no_player_and_shadow	121	airborne_and_land	1.387	17.753	1.289	98.0	740.0	56.0	0.81099998950958	0.63300001621246	0.007
station_02	no_player_and_shadow	122	airborne_and_land	1.371	17.753	1.289	98.0	740.0	56.0	0.75800001621246	0.64099997282028	0.007
station_02	no_player_and_shadow	123	airborne_and_land	1.381	17.753	1.289	98.0	740.0	56.0	0.68400001525879	0.60900002717972	0.007
station_02	no_player_and_shadow	124	airborne_and_land	1.335	17.753	1.289	98.0	740.0	56.0	0.64200001955032	0.63200002908707	0.006
station_02	no_player_and_shadow	125	airborne_and_land	1.348	17.753	1.289	98.0	740.0	56.0	0.65700000524521	0.62000000476837	0.007
station_02	no_player_and_shadow	126	airborne_and_land	1.284	17.753	1.289	98.0	740.0	56.0	0.62199997901917	0.58799999952316	0.006
station_02	no_player_and_shadow	127	airborne_and_land	4.123	17.753	1.289	98.0	740.0	56.0	0.59399998188019	0.66699999570847	0.011
station_02	no_player_and_shadow	128	airborne_and_land	2.105	17.753	1.289	98.0	740.0	56.0	0.61000001430511	0.57400000095367	0.012
station_02	no_player_and_shadow	129	airborne_and_land	1.584	17.753	1.289	98.0	740.0	56.0	0.61900001764297	0.59799998998642	0.009
station_02	no_player_and_shadow	130	airborne_and_land	8.605	17.753	1.289	98.0	740.0	56.0	0.58899998664856	0.5789999961853	0.013
station_02	no_player_and_shadow	131	airborne_and_land	11.743	17.753	1.289	98.0	740.0	56.0	0.6129999756813	0.57099997997284	0.016
station_02	no_player_and_shadow	132	airborne_and_land	1.756	19.754	0.869	98.0	740.0	56.0	0.56999999284744	0.58200001716614	0.01
station_02	no_player_and_shadow	133	airborne_and_land	1.46	19.754	0.869	98.0	740.0	56.0	1.12800002098084	1.11800003051758	0.007
station_02	no_player_and_shadow	134	airborne_and_land	1.558	19.754	0.869	98.0	740.0	56.0	0.81599998474121	11.4200000762939	0.007
station_02	no_player_and_shadow	135	airborne_and_land	1.966	19.754	0.869	98.0	740.0	56.0	0.62999999523163	0.60900002717972	0.011
station_02	no_player_and_shadow	136	airborne_and_land	1.479	19.754	0.869	98.0	740.0	56.0	0.73699998855591	0.60399997234344	0.007
station_02	no_player_and_shadow	137	airborne_and_land	1.455	19.754	0.869	98.0	740.0	56.0	0.84399998188019	0.59200000762939	0.008
station_02	no_player_and_shadow	138	airborne_and_land	1.588	19.754	0.869	98.0	740.0	56.0	0.72799998521805	0.59500002861023	0.009
station_02	no_player_and_shadow	139	airborne_and_land	1.422	19.754	0.869	98.0	740.0	56.0	0.64499998092651	0.58200001716614	0.008
station_02	no_player_and_shadow	140	airborne_and_land	1.367	19.754	0.869	98.0	740.0	56.0	0.69099998474121	0.65399998426437	0.008
station_02	no_player_and_shadow	141	airborne_and_land	1.435	19.754	0.869	98.0	740.0	56.0	0.71299999952316	0.61699998378754	0.007
station_02	no_player_and_shadow	142	airborne_and_land	1.375	19.754	0.869	98.0	740.0	56.0	0.64399999380112	0.59700000286102	0.008
station_02	no_player_and_shadow	143	airborne_and_land	3.057	19.754	0.869	98.0	740.0	56.0	0.66299998760223	0.63099998235703	0.011
station_02	no_player_and_shadow	144	recovery	2.477	19.754	0.869	98.0	740.0	56.0	0.72399997711182	0.59299999475479	0.012
station_02	no_player_and_shadow	145	recovery	2.169	19.754	0.869	98.0	740.0	56.0	0.63800001144409	0.58399999141693	0.01
station_02	no_player_and_shadow	146	recovery	2.047	19.754	0.869	98.0	740.0	56.0	0.60299998521805	0.58799999952316	0.01
station_02	no_player_and_shadow	147	recovery	1.527	19.754	0.869	98.0	740.0	56.0	0.65700000524521	0.5789999961853	0.009
station_02	no_player_and_shadow	148	recovery	1.616	19.754	0.869	98.0	740.0	56.0	0.60399997234344	0.59600001573563	0.007
station_02	no_player_and_shadow	149	recovery	1.448	19.754	0.869	98.0	740.0	56.0	1.35899996757507	0.76599997282028	0.008
station_02	no_player_and_shadow	150	recovery	1.518	19.754	0.869	98.0	740.0	56.0	1.04700005054474	0.59600001573563	0.007
station_02	no_player_and_shadow	151	recovery	1.784	19.754	0.869	98.0	740.0	56.0	0.98000001907349	0.591000020504	0.007
station_02	no_player_and_shadow	152	recovery	1.507	19.754	0.869	98.0	740.0	56.0	0.90399998426437	0.66200000047684	0.008
station_02	no_player_and_shadow	153	recovery	1.458	19.754	0.869	98.0	740.0	56.0	0.625	0.67900002002716	0.007
station_02	no_player_and_shadow	154	recovery	1.403	19.754	0.869	98.0	740.0	56.0	0.74099999666214	0.67299997806549	0.008
station_02	no_player_and_shadow	155	recovery	1.681	19.754	0.869	98.0	740.0	56.0	0.61100000143051	0.63300001621246	0.007
station_02	no_player_and_shadow	156	recovery	1.503	19.754	0.869	98.0	740.0	56.0	0.66500002145767	0.66299998760223	0.008
station_02	no_player_and_shadow	157	recovery	1.456	19.754	0.869	98.0	740.0	56.0	0.68699997663498	0.71799999475479	0.008
station_02	no_player_and_shadow	158	recovery	1.639	19.754	0.869	98.0	740.0	56.0	0.60199999809265	0.62699997425079	0.008
station_02	no_player_and_shadow	159	recovery	1.48	19.754	0.869	98.0	740.0	56.0	0.64300000667572	0.658999979496	0.008
station_02	no_player_and_shadow	160	recovery	1.852	19.754	0.869	98.0	740.0	56.0	0.62199997901917	0.66100001335144	0.008
station_02	no_player_and_shadow	161	recovery	1.667	19.754	0.869	98.0	740.0	56.0	0.69300001859665	0.62900000810623	0.007
station_02	no_player_and_shadow	162	recovery	1.881	19.754	0.869	98.0	740.0	56.0	0.60500001907349	0.62099999189377	0.01
station_02	no_player_and_shadow	163	recovery	1.985	19.754	0.869	98.0	740.0	56.0	0.60399997234344	0.63899999856949	0.009
station_02	no_player_and_shadow	164	recovery	1.925	19.754	0.869	98.0	740.0	56.0	0.78100001811981	0.61400002241135	0.012
station_02	no_player_and_shadow	165	recovery	2.012	19.754	0.869	98.0	740.0	56.0	0.61599999666214	0.60799998044968	0.01
station_02	no_player_and_shadow	166	recovery	2.046	19.754	0.869	98.0	740.0	56.0	0.6700000166893	0.60600000619888	0.011
station_02	no_player_and_shadow	167	recovery	1.761	19.754	0.869	98.0	740.0	56.0	0.62999999523163	0.6700000166893	0.011
station_02	no_player_and_shadow	168	recovery	1.545	19.754	0.869	98.0	740.0	56.0	0.70999997854233	0.61500000953674	0.008
station_02	no_player_and_shadow	169	recovery	1.998	19.754	0.869	98.0	740.0	56.0	0.74299997091293	0.82599997520447	0.009
station_02	no_player_and_shadow	170	recovery	1.647	19.754	0.869	98.0	740.0	56.0	0.82499998807907	0.69199997186661	0.007
station_02	no_player_and_shadow	171	recovery	1.607	19.754	0.869	98.0	740.0	56.0	0.85299998521805	0.64800000190735	0.007
station_02	no_player_and_shadow	172	walk_left	1.652	19.754	0.869	98.0	740.0	56.0	0.89700001478195	0.64600002765656	0.008
station_02	no_player_and_shadow	173	walk_left	1.565	19.754	0.869	98.0	740.0	56.0	0.68599998950958	0.62699997425079	0.007
station_02	no_player_and_shadow	174	walk_left	1.531	19.754	0.869	98.0	740.0	56.0	0.6690000295639	0.67500001192093	0.007
station_02	no_player_and_shadow	175	walk_left	1.557	19.754	0.869	98.0	740.0	56.0	0.75599998235703	0.63400000333786	0.007
station_02	no_player_and_shadow	176	walk_left	1.568	19.754	0.869	98.0	740.0	56.0	0.68099999427795	0.62000000476837	0.008
station_02	no_player_and_shadow	177	walk_left	1.563	19.754	0.869	98.0	740.0	56.0	0.64600002765656	0.61199998855591	0.007
station_02	no_player_and_shadow	178	walk_left	2.131	19.754	0.869	98.0	740.0	56.0	0.64200001955032	0.60299998521805	0.009
station_02	no_player_and_shadow	179	walk_left	1.605	19.754	0.869	98.0	740.0	56.0	0.64899998903275	0.60199999809265	0.008
station_02	no_player_and_shadow	180	walk_left	1.81	19.754	0.869	98.0	740.0	56.0	0.61100000143051	0.60000002384186	0.008
station_02	no_player_and_shadow	181	walk_left	1.687	19.754	0.869	98.0	740.0	56.0	0.64300000667572	0.60600000619888	0.009
station_02	no_player_and_shadow	182	walk_left	1.433	19.754	0.869	98.0	740.0	56.0	0.64099997282028	0.6129999756813	0.008
station_02	no_player_and_shadow	183	walk_left	19.884	19.754	0.869	98.0	740.0	56.0	0.64499998092651	0.60600000619888	0.017
station_02	no_player_and_shadow	184	walk_left	2.576	19.754	0.869	98.0	740.0	56.0	0.82800000905991	0.6370000243187	0.012
station_02	no_player_and_shadow	185	walk_left	1.803	19.754	0.869	98.0	740.0	56.0	0.69700002670288	0.66799998283386	0.011
station_02	no_player_and_shadow	186	walk_left	1.658	19.754	0.869	98.0	740.0	56.0	0.75599998235703	21.9249992370605	0.01
station_02	no_player_and_shadow	187	walk_left	2.089	19.754	0.869	98.0	740.0	56.0	0.67199999094009	0.68900001049042	0.013
station_02	no_player_and_shadow	188	walk_left	1.812	19.754	0.869	98.0	740.0	56.0	0.62099999189377	0.62000000476837	0.012
station_02	no_player_and_shadow	189	walk_left	1.689	19.754	0.869	98.0	740.0	56.0	0.94499999284744	0.62900000810623	0.011
station_02	no_player_and_shadow	190	walk_left	3.324	19.754	0.869	98.0	740.0	56.0	0.84799998998642	0.68199998140335	0.016
station_02	no_player_and_shadow	191	walk_left	2.808	19.754	0.869	98.0	740.0	56.0	0.74199998378754	0.61199998855591	0.057
station_02	no_player_and_shadow	192	walk_left	2.385	19.754	0.869	98.0	740.0	56.0	0.71799999475479	0.63200002908707	0.011
station_02	no_player_and_shadow	193	walk_left	2.586	19.754	0.869	98.0	740.0	56.0	0.8870000243187	0.64899998903275	0.009
station_02	no_player_and_shadow	194	walk_left	2.013	19.754	0.869	98.0	740.0	56.0	0.77100002765656	0.63800001144409	0.012
station_02	no_player_and_shadow	195	walk_left	1.794	19.754	0.869	98.0	740.0	56.0	0.71200001239777	0.63300001621246	0.009
station_02	no_player_and_shadow	196	walk_left	2.76	19.754	0.869	98.0	740.0	56.0	1.27499997615814	0.70899999141693	0.011
station_02	no_player_and_shadow	197	walk_left	2.202	19.754	0.869	98.0	740.0	56.0	1.26400005817413	0.66600000858307	0.011
station_02	no_player_and_shadow	198	walk_left	2.192	19.754	0.869	98.0	740.0	56.0	1.03999996185303	0.60100001096725	0.01
station_02	no_player_and_shadow	199	walk_left	2.167	19.754	0.869	98.0	740.0	56.0	0.71499997377396	0.68900001049042	0.011
station_02	no_player_and_shadow	200	walk_left	1.871	19.754	0.869	98.0	740.0	56.0	0.83999997377396	0.69400000572205	0.009
station_02	no_player_and_shadow	201	walk_left	1.703	19.754	0.869	98.0	740.0	56.0	0.69099998474121	0.6370000243187	0.011
station_02	no_player_and_shadow	202	walk_left	1.552	19.754	0.869	98.0	740.0	56.0	1.07799994945526	0.59600001573563	0.009
station_02	no_player_and_shadow	203	walk_left	1.961	19.754	0.869	98.0	740.0	56.0	0.98199999332428	0.591000020504	0.011
station_02	no_player_and_shadow	204	walk_left	8.652	19.754	0.869	98.0	740.0	56.0	0.99699997901917	0.59500002861023	0.013
station_02	no_player_and_shadow	205	walk_left	1.618	19.754	0.869	98.0	740.0	56.0	1.01600003242493	0.55400002002716	0.009
station_02	no_player_and_shadow	206	walk_left	1.574	19.754	0.869	98.0	740.0	56.0	0.67500001192093	0.63899999856949	0.01
station_02	no_player_and_shadow	207	walk_left	1.447	19.754	0.869	98.0	740.0	56.0	0.73299998044968	0.6129999756813	0.007
station_02	no_player_and_shadow	208	walk_left	1.377	19.754	0.869	98.0	740.0	56.0	0.64999997615814	0.82499998807907	0.007
station_02	no_player_and_shadow	209	idle_after_cycle	2.682	19.754	0.869	98.0	740.0	56.0	0.67599999904633	0.6240000128746	0.011
station_02	no_player_and_shadow	210	idle_after_cycle	2.172	19.754	0.869	98.0	740.0	56.0	0.80299997329712	0.65200001001358	0.009
station_02	no_player_and_shadow	211	idle_after_cycle	2.428	19.754	0.869	98.0	740.0	56.0	0.69300001859665	0.68099999427795	0.01
station_02	no_player_and_shadow	212	idle_after_cycle	2.078	19.754	0.869	98.0	740.0	56.0	0.68300002813339	0.64700001478195	0.009
station_02	no_player_and_shadow	213	idle_after_cycle	2.843	19.754	0.869	98.0	740.0	56.0	0.62099999189377	0.64300000667572	0.008
station_02	no_player_and_shadow	214	idle_after_cycle	1.948	19.754	0.869	98.0	740.0	56.0	0.62099999189377	0.65100002288818	0.008
station_02	no_player_and_shadow	215	idle_after_cycle	1.783	19.754	0.869	98.0	740.0	56.0	1.067999958992	0.64200001955032	0.01
station_02	no_player_and_shadow	216	idle_after_cycle	2.451	19.754	0.869	98.0	740.0	56.0	1.0460000038147	0.65200001001358	0.011
station_02	no_player_and_shadow	217	idle_after_cycle	2.61	19.754	0.869	98.0	740.0	56.0	1.05200004577637	0.63800001144409	0.015
station_02	no_player_and_shadow	218	idle_after_cycle	1.645	19.754	0.869	98.0	740.0	56.0	0.97600001096725	0.66600000858307	0.01
station_02	no_player_and_shadow	219	idle_after_cycle	19.234	19.754	0.869	98.0	740.0	56.0	0.94300001859665	0.83999997377396	0.015
station_02	no_shadow	2	idle	1.434	19.754	0.869	101.0	760.0	71.0	0.71399998664856	0.58899998664856	0.006
station_02	no_shadow	3	idle	1.441	19.754	0.869	101.0	760.0	71.0	0.80099999904633	0.74500000476837	0.007
station_02	no_shadow	4	idle	1.944	19.754	0.869	101.0	760.0	71.0	0.58499997854233	0.73299998044968	0.009
station_02	no_shadow	5	idle	1.81	19.754	0.869	101.0	760.0	71.0	0.89399999380112	0.72600001096725	0.008
station_02	no_shadow	6	idle	2.624	19.754	0.869	101.0	760.0	71.0	0.7940000295639	0.64300000667572	0.011
station_02	no_shadow	7	idle	1.851	19.754	0.869	101.0	760.0	71.0	0.658999979496	0.63800001144409	0.011
station_02	no_shadow	8	idle	1.446	19.754	0.869	101.0	760.0	71.0	0.64899998903275	0.64099997282028	0.008
station_02	no_shadow	9	idle	10.683	19.754	0.869	101.0	760.0	71.0	0.61000001430511	0.60199999809265	0.017
station_02	no_shadow	10	idle	10.615	19.754	0.869	101.0	760.0	71.0	0.68999999761581	0.72399997711182	0.014
station_02	no_shadow	11	idle	2.125	19.754	0.869	101.0	760.0	71.0	0.83899998664856	0.65499997138977	0.01
station_02	no_shadow	12	idle	1.71	19.754	0.869	101.0	760.0	71.0	1.03100001811981	1.0460000038147	0.008
station_02	no_shadow	13	idle	2.17	19.754	0.869	101.0	760.0	71.0	0.83700001239777	11.6630001068115	0.009
station_02	no_shadow	14	idle	1.549	19.754	0.869	101.0	760.0	71.0	0.65700000524521	0.74099999666214	0.01
station_02	no_shadow	15	idle	1.387	19.754	0.869	101.0	760.0	71.0	0.86699998378754	1.0	0.008
station_02	no_shadow	16	idle	1.278	19.754	0.869	101.0	760.0	71.0	1.00899994373322	0.73400002717972	0.007
station_02	no_shadow	17	idle	1.27	19.754	0.869	101.0	760.0	71.0	0.77399998903275	0.71100002527237	0.007
station_02	no_shadow	18	idle	1.715	19.754	0.869	101.0	760.0	71.0	0.78899997472763	0.67599999904633	0.008
station_02	no_shadow	19	idle	1.287	19.754	0.869	101.0	760.0	71.0	0.82599997520447	0.88200002908707	0.007
station_02	no_shadow	20	idle	1.356	19.754	0.869	101.0	760.0	71.0	0.74699997901917	0.67799997329712	0.008
station_02	no_shadow	21	idle	1.259	19.754	0.869	101.0	760.0	71.0	0.658999979496	0.60799998044968	0.007
station_02	no_shadow	22	idle	1.226	19.754	0.869	101.0	760.0	71.0	0.63200002908707	0.58700001239777	0.006
station_02	no_shadow	23	idle	1.412	19.754	0.869	101.0	760.0	71.0	0.63200002908707	0.55099999904633	0.008
station_02	no_shadow	24	idle	1.493	19.754	0.869	101.0	760.0	71.0	0.65499997138977	0.5789999961853	0.01
station_02	no_shadow	25	idle	1.434	19.754	0.869	101.0	760.0	71.0	0.61100000143051	0.55199998617172	0.008
station_02	no_shadow	26	idle	1.92	19.754	0.869	101.0	760.0	71.0	0.67199999094009	0.58399999141693	0.01
station_02	no_shadow	27	idle	1.352	19.754	0.869	101.0	760.0	71.0	0.61100000143051	0.57800000905991	0.008
station_02	no_shadow	28	idle	1.312	19.754	0.869	101.0	760.0	71.0	0.61100000143051	0.58200001716614	0.008
station_02	no_shadow	29	idle	1.277	19.754	0.869	101.0	760.0	71.0	0.6710000038147	0.62000000476837	0.007
station_02	no_shadow	30	walk_right	1.35	19.754	0.869	101.0	760.0	71.0	0.69999998807907	0.63300001621246	0.008
station_02	no_shadow	31	walk_right	1.298	19.754	0.869	101.0	760.0	71.0	0.66500002145767	0.64999997615814	0.007
station_02	no_shadow	32	walk_right	1.262	19.754	0.869	101.0	760.0	71.0	0.71100002527237	0.59799998998642	0.008
station_02	no_shadow	33	walk_right	1.215	19.754	0.869	101.0	760.0	71.0	0.64399999380112	0.58999997377396	0.007
station_02	no_shadow	34	walk_right	9.769	19.754	0.869	101.0	760.0	71.0	0.64700001478195	0.60600000619888	0.012
station_02	no_shadow	35	walk_right	1.457	19.754	0.869	101.0	760.0	71.0	0.61599999666214	0.58999997377396	0.008
station_02	no_shadow	36	walk_right	1.241	19.754	0.869	101.0	760.0	71.0	0.67500001192093	0.74400001764297	0.007
station_02	no_shadow	37	walk_right	1.221	19.754	0.869	101.0	760.0	71.0	0.65200001001358	11.253999710083	0.007
station_02	no_shadow	38	walk_right	1.196	19.754	0.869	101.0	760.0	71.0	0.59500002861023	0.61699998378754	0.007
station_02	no_shadow	39	walk_right	1.411	19.754	0.869	101.0	760.0	71.0	0.5799999833107	0.75900000333786	0.007
station_02	no_shadow	40	walk_right	1.768	19.754	0.869	101.0	760.0	71.0	0.78700000047684	0.68500000238419	0.011
station_02	no_shadow	41	walk_right	1.409	19.754	0.869	101.0	760.0	71.0	0.73600000143051	0.6700000166893	0.009
station_02	no_shadow	42	walk_right	2.043	19.754	0.869	101.0	760.0	71.0	0.591000020504	0.7059999704361	0.009
station_02	no_shadow	43	walk_right	9.13	19.754	0.869	101.0	760.0	71.0	0.60699999332428	0.66799998283386	0.011
station_02	no_shadow	44	walk_right	1.415	19.754	0.869	101.0	760.0	71.0	0.58999997377396	0.66399997472763	0.008
station_02	no_shadow	45	walk_right	1.316	19.754	0.869	101.0	760.0	71.0	0.5789999961853	0.6700000166893	0.008
station_02	no_shadow	46	walk_right	1.245	19.754	0.869	101.0	760.0	71.0	0.67400002479553	11.4289999008179	0.008
station_02	no_shadow	47	walk_right	1.197	19.754	0.869	101.0	760.0	71.0	0.66600000858307	0.783999979496	0.006
station_02	no_shadow	48	walk_right	1.369	19.754	0.869	101.0	760.0	71.0	0.60799998044968	0.66600000858307	0.006
station_02	no_shadow	49	walk_right	1.264	19.754	0.869	101.0	760.0	71.0	0.88999998569489	0.71100002527237	0.006
station_02	no_shadow	50	walk_right	2.037	19.754	0.869	101.0	760.0	71.0	0.65499997138977	0.71100002527237	0.008
station_02	no_shadow	51	walk_right	1.323	19.754	0.869	101.0	760.0	71.0	0.60199999809265	0.69999998807907	0.007
station_02	no_shadow	52	walk_right	1.217	19.754	0.869	101.0	760.0	71.0	0.6259999871254	0.67299997806549	0.006
station_02	no_shadow	53	walk_right	10.173	19.754	0.869	101.0	760.0	71.0	0.5799999833107	0.6690000295639	0.051
station_02	no_shadow	54	walk_right	1.578	19.754	0.869	101.0	760.0	71.0	0.57099997997284	0.64899998903275	0.008
station_02	no_shadow	55	walk_right	1.395	19.754	0.869	101.0	760.0	71.0	0.61599999666214	0.75599998235703	0.007
station_02	no_shadow	56	walk_right	1.366	19.754	0.869	101.0	760.0	71.0	0.68900001049042	11.5699996948242	0.007
station_02	no_shadow	57	walk_right	2.128	19.754	0.869	101.0	760.0	71.0	0.6240000128746	0.78799998760223	0.008
station_02	no_shadow	58	walk_right	1.388	19.754	0.869	101.0	760.0	71.0	0.56900000572205	0.70300000905991	0.008
station_02	no_shadow	59	walk_right	1.442	19.754	0.869	101.0	760.0	71.0	0.9200000166893	0.72000002861023	0.007
station_02	no_shadow	60	walk_right	1.41	19.754	0.869	101.0	760.0	71.0	0.76399999856949	0.75599998235703	0.006
station_02	no_shadow	61	walk_right	1.62	19.754	0.869	101.0	760.0	71.0	0.68099999427795	0.75400000810623	0.01
station_02	no_shadow	62	walk_right	1.531	19.754	0.869	101.0	760.0	71.0	0.6690000295639	0.76099997758865	0.008
station_02	no_shadow	63	walk_right	1.724	19.754	0.869	101.0	760.0	71.0	0.64899998903275	0.73000001907349	0.011
station_02	no_shadow	64	walk_right	1.937	19.754	0.869	101.0	760.0	71.0	0.66299998760223	0.75700002908707	0.014
station_02	no_shadow	65	walk_right	2.695	19.754	0.869	101.0	760.0	71.0	0.64399999380112	0.74500000476837	0.01
station_02	no_shadow	66	walk_right	1.412	19.754	0.869	101.0	760.0	71.0	0.73100000619888	0.74599999189377	0.008
station_02	no_shadow	67	walk_right	19.63	19.754	0.869	101.0	760.0	71.0	0.78700000047684	0.70200002193451	0.017
station_02	no_shadow	68	walk_right	2.2	19.754	0.869	101.0	760.0	71.0	0.74500000476837	0.716000020504	0.012
station_02	no_shadow	69	walk_right	2.849	19.754	0.869	101.0	760.0	71.0	0.79000002145767	0.82700002193451	0.013
station_02	no_shadow	70	walk_right	1.415	19.754	0.869	101.0	760.0	71.0	0.87099999189377	22.238000869751	0.009
station_02	no_shadow	71	walk_right	8.114	19.754	0.869	101.0	760.0	71.0	0.72799998521805	0.81800001859665	0.013
station_02	no_shadow	72	jump_launch	1.435	19.754	0.869	101.0	760.0	71.0	0.64899998903275	0.68800002336502	0.008
station_02	no_shadow	73	jump_launch	1.271	19.754	0.869	101.0	760.0	71.0	1.11500000953674	0.69199997186661	0.007
station_02	no_shadow	74	jump_launch	2.242	19.754	0.869	101.0	760.0	71.0	0.89700001478195	11.6920003890991	0.009
station_02	no_shadow	75	airborne_and_land	1.679	19.754	0.869	101.0	760.0	71.0	0.76700001955032	0.72799998521805	0.008
station_02	no_shadow	76	airborne_and_land	1.625	19.754	0.869	101.0	760.0	71.0	0.63599997758865	0.6129999756813	0.007
station_02	no_shadow	77	airborne_and_land	1.68	19.754	0.869	101.0	760.0	71.0	0.82599997520447	0.68300002813339	0.007
station_02	no_shadow	78	airborne_and_land	1.581	19.754	0.869	101.0	760.0	71.0	0.66200000047684	0.64899998903275	0.007
station_02	no_shadow	79	airborne_and_land	2.179	19.754	0.869	101.0	760.0	71.0	0.59200000762939	0.65399998426437	0.007
station_02	no_shadow	80	airborne_and_land	1.581	19.754	0.869	101.0	760.0	71.0	0.72100001573563	0.73600000143051	0.007
station_02	no_shadow	81	airborne_and_land	1.536	19.754	0.869	101.0	760.0	71.0	0.65799999237061	0.64200001955032	0.006
station_02	no_shadow	82	airborne_and_land	1.499	19.754	0.869	101.0	760.0	71.0	0.67699998617172	0.6690000295639	0.006
station_02	no_shadow	83	airborne_and_land	1.552	19.754	0.869	101.0	760.0	71.0	0.66699999570847	0.66299998760223	0.007
station_02	no_shadow	84	airborne_and_land	1.693	19.754	0.869	101.0	760.0	71.0	0.63099998235703	0.64999997615814	0.007
station_02	no_shadow	85	airborne_and_land	2.922	19.754	0.869	101.0	760.0	71.0	0.69700002670288	0.65299999713898	0.011
station_02	no_shadow	86	airborne_and_land	1.629	19.754	0.869	101.0	760.0	71.0	0.625	0.63899999856949	0.008
station_02	no_shadow	87	airborne_and_land	7.61	19.754	0.869	101.0	760.0	71.0	0.64800000190735	0.64300000667572	0.009
station_02	no_shadow	88	airborne_and_land	1.68	19.754	0.869	101.0	760.0	71.0	0.59700000286102	0.64800000190735	0.007
station_02	no_shadow	89	airborne_and_land	1.535	19.754	0.869	101.0	760.0	71.0	0.62800002098083	0.64200001955032	0.007
station_02	no_shadow	90	airborne_and_land	1.554	19.754	0.869	101.0	760.0	71.0	0.75400000810623	0.65399998426437	0.007
station_02	no_shadow	91	airborne_and_land	3.276	19.754	0.869	101.0	760.0	71.0	0.82300001382828	0.7620000243187	0.009
station_02	no_shadow	92	airborne_and_land	2.262	19.754	0.869	101.0	760.0	71.0	0.58799999952316	0.76300001144409	0.01
station_02	no_shadow	93	airborne_and_land	1.767	19.754	0.869	101.0	760.0	71.0	0.71399998664856	0.75199997425079	0.008
station_02	no_shadow	94	airborne_and_land	2.753	19.754	0.869	101.0	760.0	71.0	0.69900000095367	0.65299999713898	0.007
station_02	no_shadow	95	airborne_and_land	2.218	19.754	0.869	101.0	760.0	71.0	0.62800002098083	0.69900000095367	0.011
station_02	no_shadow	96	airborne_and_land	2.215	19.754	0.869	101.0	760.0	71.0	0.61900001764297	0.63599997758865	0.01
station_02	no_shadow	97	airborne_and_land	2.0	19.754	0.869	101.0	760.0	71.0	1.08000004291534	0.61400002241135	0.008
station_02	no_shadow	98	airborne_and_land	2.493	19.754	0.869	101.0	760.0	71.0	0.8309999704361	0.67299997806549	0.009
station_02	no_shadow	99	airborne_and_land	1.622	19.754	0.869	101.0	760.0	71.0	0.70300000905991	0.72100001573563	0.007
station_02	no_shadow	100	airborne_and_land	1.64	19.754	0.869	101.0	760.0	71.0	0.71299999952316	0.7490000128746	0.007
station_02	no_shadow	101	airborne_and_land	1.603	19.754	0.869	101.0	760.0	71.0	0.83999997377396	1.04700005054474	0.007
station_02	no_shadow	102	airborne_and_land	1.737	19.754	0.869	101.0	760.0	71.0	0.91200000047684	0.67400002479553	0.01
station_02	no_shadow	103	airborne_and_land	1.611	19.754	0.869	101.0	760.0	71.0	0.88200002908707	0.63499999046326	0.008
station_02	no_shadow	104	airborne_and_land	1.575	19.754	0.869	101.0	760.0	71.0	0.73000001907349	0.59200000762939	0.006
station_02	no_shadow	105	airborne_and_land	1.568	19.754	0.869	101.0	760.0	71.0	0.64800000190735	0.59299999475479	0.007
station_02	no_shadow	106	airborne_and_land	2.567	19.754	0.869	101.0	760.0	71.0	0.63899999856949	0.61900001764297	0.006
station_02	no_shadow	107	airborne_and_land	3.038	19.754	0.869	101.0	760.0	71.0	0.65399998426437	0.67400002479553	0.011
station_02	no_shadow	108	airborne_and_land	1.618	19.754	0.869	101.0	760.0	71.0	0.75999999046326	0.61400002241135	0.008
station_02	no_shadow	109	airborne_and_land	7.101	19.754	0.869	101.0	760.0	71.0	0.64099997282028	0.55000001192093	0.013
station_02	no_shadow	110	airborne_and_land	1.986	19.754	0.869	101.0	760.0	71.0	0.63599997758865	0.58700001239777	0.009
station_02	no_shadow	111	airborne_and_land	1.669	19.754	0.869	101.0	760.0	71.0	0.64700001478195	0.56999999284744	0.007
station_02	no_shadow	112	airborne_and_land	1.614	19.754	0.869	101.0	760.0	71.0	0.68400001525879	11.6850004196167	0.007
station_02	no_shadow	113	airborne_and_land	1.615	19.754	0.869	101.0	760.0	71.0	0.76099997758865	0.68400001525879	0.008
station_02	no_shadow	114	airborne_and_land	9.605	19.754	0.869	101.0	760.0	71.0	0.61100000143051	0.66500002145767	0.01
station_02	no_shadow	115	airborne_and_land	2.766	19.754	0.869	101.0	760.0	71.0	0.908999979496	0.60600000619888	0.01
station_02	no_shadow	116	airborne_and_land	1.652	19.754	0.869	101.0	760.0	71.0	0.77499997615814	0.61100000143051	0.007
station_02	no_shadow	117	airborne_and_land	1.567	19.754	0.869	101.0	760.0	71.0	0.64600002765656	0.63099998235703	0.007
station_02	no_shadow	118	airborne_and_land	1.565	19.754	0.869	101.0	760.0	71.0	0.65299999713898	0.67500001192093	0.007
station_02	no_shadow	119	airborne_and_land	1.533	19.754	0.869	101.0	760.0	71.0	0.60299998521805	0.6370000243187	0.006
station_02	no_shadow	120	airborne_and_land	1.744	19.754	0.869	101.0	760.0	71.0	0.76599997282028	0.62800002098083	0.009
station_02	no_shadow	121	airborne_and_land	1.711	19.754	0.869	101.0	760.0	71.0	0.82200002670288	0.61000001430511	0.007
station_02	no_shadow	122	airborne_and_land	1.583	19.754	0.869	101.0	760.0	71.0	0.66000002622604	0.60399997234344	0.007
station_02	no_shadow	123	airborne_and_land	2.462	19.754	0.869	119.0	904.0	74.0	0.6259999871254	0.64499998092651	0.008
station_02	no_shadow	124	airborne_and_land	1.695	19.754	0.869	119.0	904.0	74.0	0.63200002908707	0.62900000810623	0.007
station_02	no_shadow	125	airborne_and_land	1.664	19.754	0.869	119.0	904.0	74.0	0.62000000476837	0.65600001811981	0.007
station_02	no_shadow	126	airborne_and_land	1.655	19.754	0.869	119.0	904.0	74.0	0.65799999237061	0.66100001335144	0.007
station_02	no_shadow	127	airborne_and_land	1.673	19.754	0.869	119.0	904.0	74.0	0.72000002861023	0.68599998950958	0.009
station_02	no_shadow	128	airborne_and_land	1.595	19.754	0.869	119.0	904.0	74.0	0.64499998092651	0.65200001001358	0.007
station_02	no_shadow	129	airborne_and_land	9.219	19.754	0.869	119.0	904.0	74.0	0.73299998044968	0.59600001573563	0.012
station_02	no_shadow	130	airborne_and_land	1.958	19.754	0.869	119.0	904.0	74.0	0.68599998950958	0.60100001096725	0.008
station_02	no_shadow	131	airborne_and_land	2.731	19.754	0.869	119.0	904.0	74.0	0.66699999570847	0.55099999904633	0.011
station_02	no_shadow	132	airborne_and_land	1.909	19.754	0.869	119.0	904.0	74.0	0.63899999856949	11.4650001525879	0.011
station_02	no_shadow	133	airborne_and_land	1.756	19.754	0.869	119.0	904.0	74.0	0.625	0.66000002622604	0.007
station_02	no_shadow	134	airborne_and_land	1.91	19.754	0.869	119.0	904.0	74.0	0.56400001049042	0.60699999332428	0.01
station_02	no_shadow	135	airborne_and_land	1.663	19.754	0.869	119.0	904.0	74.0	0.86000001430511	0.6690000295639	0.008
station_02	no_shadow	136	airborne_and_land	1.578	19.754	0.869	119.0	904.0	74.0	0.783999979496	0.68300002813339	0.007
station_02	no_shadow	137	airborne_and_land	1.558	19.754	0.869	119.0	904.0	74.0	0.8289999961853	0.62699997425079	0.007
station_02	no_shadow	138	airborne_and_land	1.567	19.754	0.869	119.0	904.0	74.0	0.70800000429153	0.67199999094009	0.006
station_02	no_shadow	139	airborne_and_land	2.98	19.754	0.869	119.0	904.0	74.0	0.73100000619888	0.63800001144409	0.009
station_02	no_shadow	140	airborne_and_land	1.783	19.754	0.869	119.0	904.0	74.0	0.71799999475479	0.67699998617172	0.008
station_02	no_shadow	141	airborne_and_land	1.721	19.754	0.869	119.0	904.0	74.0	0.64499998092651	0.5799999833107	0.007
station_02	no_shadow	142	airborne_and_land	1.876	19.754	0.869	119.0	904.0	74.0	0.61599999666214	0.55199998617172	0.008
station_02	no_shadow	143	airborne_and_land	1.804	19.754	0.869	119.0	904.0	74.0	0.61000001430511	0.58399999141693	0.008
station_02	no_shadow	144	recovery	2.1	19.754	0.869	119.0	904.0	74.0	0.62099999189377	0.56800001859665	0.008
station_02	no_shadow	145	recovery	1.875	19.754	0.869	119.0	904.0	74.0	0.90399998426437	0.62099999189377	0.009
station_02	no_shadow	146	recovery	1.648	19.754	0.869	119.0	904.0	74.0	0.65600001811981	0.62699997425079	0.007
station_02	no_shadow	147	recovery	8.968	19.754	0.869	119.0	904.0	74.0	0.69499999284744	0.65100002288818	0.011
station_02	no_shadow	148	recovery	1.95	19.754	0.869	119.0	904.0	74.0	0.72200000286102	0.64300000667572	0.009
station_02	no_shadow	149	recovery	1.731	19.754	0.869	119.0	904.0	74.0	0.70800000429153	0.64800000190735	0.008
station_02	no_shadow	150	recovery	1.713	19.754	0.869	119.0	904.0	74.0	0.90499997138977	11.4890003204346	0.006
station_02	no_shadow	151	recovery	1.665	19.754	0.869	119.0	904.0	74.0	0.65299999713898	0.87300002574921	0.007
station_02	no_shadow	152	recovery	2.164	19.754	0.869	119.0	904.0	74.0	0.60100001096725	0.64800000190735	0.007
station_02	no_shadow	153	recovery	1.685	19.754	0.869	119.0	904.0	74.0	1.01300001144409	0.71499997377396	0.007
station_02	no_shadow	154	recovery	1.859	19.754	0.869	119.0	904.0	74.0	0.77999997138977	0.66500002145767	0.006
station_02	no_shadow	155	recovery	2.36	19.754	0.869	119.0	904.0	74.0	0.65499997138977	0.69800001382828	0.011
station_02	no_shadow	156	recovery	1.659	19.754	0.869	119.0	904.0	74.0	0.67599999904633	0.7059999704361	0.009
station_02	no_shadow	157	recovery	8.341	19.754	0.869	119.0	904.0	74.0	0.6710000038147	0.7039999961853	0.011
station_02	no_shadow	158	recovery	1.928	19.754	0.869	119.0	904.0	74.0	0.75199997425079	0.65200001001358	0.01
station_02	no_shadow	159	recovery	1.878	19.754	0.869	119.0	904.0	74.0	0.65100002288818	0.69599997997284	0.007
station_02	no_shadow	160	recovery	1.857	19.754	0.869	119.0	904.0	74.0	0.68800002336502	11.4169998168945	0.008
station_02	no_shadow	161	recovery	2.158	19.754	0.869	119.0	904.0	74.0	0.75800001621246	0.80299997329712	0.008
station_02	no_shadow	162	recovery	1.732	19.754	0.869	119.0	904.0	74.0	0.60900002717972	0.69900000095367	0.007
station_02	no_shadow	163	recovery	1.744	19.754	0.869	119.0	904.0	74.0	0.85699999332428	0.74099999666214	0.008
station_02	no_shadow	164	recovery	1.952	19.754	0.869	119.0	904.0	74.0	0.77300000190735	0.69800001382828	0.008
station_02	no_shadow	165	recovery	1.721	19.754	0.869	119.0	904.0	74.0	0.68699997663498	0.68900001049042	0.007
station_02	no_shadow	166	recovery	1.727	19.754	0.869	119.0	904.0	74.0	0.68999999761581	0.74299997091293	0.008
station_02	no_shadow	167	recovery	2.77	19.754	0.869	119.0	904.0	74.0	0.69599997997284	0.70899999141693	0.009
station_02	no_shadow	168	recovery	2.436	19.754	0.869	119.0	904.0	74.0	0.65499997138977	0.76399999856949	0.01
station_02	no_shadow	169	recovery	2.429	19.754	0.869	119.0	904.0	74.0	0.67199999094009	0.74199998378754	0.01
station_02	no_shadow	170	recovery	2.081	19.754	0.869	119.0	904.0	74.0	0.78100001811981	0.75499999523163	0.01
station_02	no_shadow	171	recovery	8.896	19.754	0.869	119.0	904.0	74.0	0.63400000333786	0.70099997520447	0.01
station_02	no_shadow	172	walk_left	1.981	19.754	0.869	119.0	904.0	74.0	0.66799998283386	0.69099998474121	0.009
station_02	no_shadow	173	walk_left	2.609	19.754	0.869	119.0	904.0	74.0	1.00300002098084	0.7509999871254	0.008
station_02	no_shadow	174	walk_left	1.719	19.754	0.869	119.0	904.0	74.0	1.0	0.71700000762939	0.008
station_02	no_shadow	175	walk_left	1.668	19.754	0.869	119.0	904.0	74.0	0.966000020504	0.7379999756813	0.008
station_02	no_shadow	176	walk_left	1.691	19.754	0.869	119.0	904.0	74.0	0.65100002288818	0.75300002098083	0.008
station_02	no_shadow	177	walk_left	1.614	19.754	0.869	119.0	904.0	74.0	0.7059999704361	0.67199999094009	0.007
station_02	no_shadow	178	walk_left	1.659	19.754	0.869	119.0	904.0	74.0	0.7950000166893	0.70200002193451	0.006
station_02	no_shadow	179	walk_left	3.187	19.754	0.869	119.0	904.0	74.0	0.71100002527237	0.66000002622604	0.01
station_02	no_shadow	180	walk_left	2.805	19.754	0.869	119.0	904.0	74.0	0.68500000238419	0.72000002861023	0.012
station_02	no_shadow	181	walk_left	8.736	19.754	0.869	119.0	904.0	74.0	0.65700000524521	0.65100002288818	0.014
station_02	no_shadow	182	walk_left	1.989	19.754	0.869	119.0	904.0	74.0	0.63099998235703	0.63800001144409	0.01
station_02	no_shadow	183	walk_left	1.406	19.754	0.869	119.0	904.0	74.0	0.62900000810623	0.716000020504	0.008
station_02	no_shadow	184	walk_left	1.593	19.754	0.869	119.0	904.0	74.0	0.62999999523163	0.69599997997284	0.007
station_02	no_shadow	185	walk_left	2.715	19.754	0.869	119.0	904.0	74.0	1.07200002670288	0.7960000038147	0.011
station_02	no_shadow	186	walk_left	2.028	19.754	0.869	119.0	904.0	74.0	0.97200000286102	0.74000000953674	0.008
station_02	no_shadow	187	walk_left	1.815	19.754	0.869	119.0	904.0	74.0	1.31299996376038	0.7049999833107	0.008
station_02	no_shadow	188	walk_left	1.727	19.754	0.869	119.0	904.0	74.0	0.73199999332428	0.75499999523163	0.007
station_02	no_shadow	189	walk_left	1.763	19.754	0.869	119.0	904.0	74.0	0.58999997377396	0.74800002574921	0.007
station_02	no_shadow	190	walk_left	1.706	19.754	0.869	119.0	904.0	74.0	0.7960000038147	0.80599999427795	0.006
station_02	no_shadow	191	walk_left	2.464	19.754	0.869	119.0	904.0	74.0	0.80000001192093	0.70999997854233	0.007
station_02	no_shadow	192	walk_left	2.537	19.754	0.869	119.0	904.0	74.0	0.83399999141693	0.73299998044968	0.007
station_02	no_shadow	193	walk_left	2.528	19.754	0.869	119.0	904.0	74.0	0.68800002336502	0.72399997711182	0.011
station_02	no_shadow	194	walk_left	1.734	19.754	0.869	119.0	904.0	74.0	0.658999979496	0.75199997425079	0.008
station_02	no_shadow	195	walk_left	8.707	19.754	0.869	119.0	904.0	74.0	0.66299998760223	0.76800000667572	0.011
station_02	no_shadow	196	walk_left	2.341	19.754	0.869	119.0	904.0	74.0	0.6370000243187	0.69999998807907	0.009
station_02	no_shadow	197	walk_left	3.312	19.754	0.869	119.0	904.0	74.0	0.69900000095367	0.70700001716614	0.012
station_02	no_shadow	198	walk_left	2.129	19.754	0.869	119.0	904.0	74.0	0.8870000243187	0.75499999523163	0.01
station_02	no_shadow	199	walk_left	1.754	19.754	0.869	119.0	904.0	74.0	0.86599999666214	0.72899997234344	0.007
station_02	no_shadow	200	walk_left	1.764	19.754	0.869	119.0	904.0	74.0	0.6259999871254	0.74199998378754	0.007
station_02	no_shadow	201	walk_left	1.707	19.754	0.869	119.0	904.0	74.0	0.86900001764297	0.73699998855591	0.007
station_02	no_shadow	202	walk_left	1.768	19.754	0.869	119.0	904.0	74.0	0.96899998188019	1.21300005912781	0.007
station_02	no_shadow	203	walk_left	2.721	19.754	0.869	119.0	904.0	74.0	1.09800004959106	0.55800002813339	0.009
station_02	no_shadow	204	walk_left	2.183	19.754	0.869	119.0	904.0	74.0	0.70800000429153	0.75599998235703	0.009
station_02	no_shadow	205	walk_left	1.76	19.754	0.869	119.0	904.0	74.0	0.658999979496	0.70099997520447	0.009
station_02	no_shadow	206	walk_left	9.154	19.754	0.869	119.0	904.0	74.0	0.65700000524521	0.74699997901917	0.011
station_02	no_shadow	207	walk_left	2.003	19.754	0.869	119.0	904.0	74.0	0.66399997472763	0.75700002908707	0.008
station_02	no_shadow	208	walk_left	1.716	19.754	0.869	119.0	904.0	74.0	0.72500002384186	0.70700001716614	0.007
station_02	no_shadow	209	idle_after_cycle	2.89	19.754	0.869	119.0	904.0	74.0	0.94099998474121	0.68999999761581	0.01
station_02	no_shadow	210	idle_after_cycle	2.212	19.754	0.869	119.0	904.0	74.0	0.77399998903275	0.78799998760223	0.01
station_02	no_shadow	211	idle_after_cycle	1.707	19.754	0.869	119.0	904.0	74.0	0.63899999856949	0.77100002765656	0.007
station_02	no_shadow	212	idle_after_cycle	1.573	19.754	0.869	119.0	904.0	74.0	0.78500002622604	0.75499999523163	0.006
station_02	no_shadow	213	idle_after_cycle	1.528	19.754	0.869	119.0	904.0	74.0	0.83700001239777	0.74199998378754	0.007
station_02	no_shadow	214	idle_after_cycle	1.61	19.754	0.869	119.0	904.0	74.0	0.67799997329712	0.68099999427795	0.008
station_02	no_shadow	215	idle_after_cycle	1.644	19.754	0.869	119.0	904.0	74.0	1.03299999237061	0.55500000715256	0.007
station_02	no_shadow	216	idle_after_cycle	2.446	19.754	0.869	101.0	760.0	71.0	0.93800002336502	0.66100001335144	0.009
station_02	no_shadow	217	idle_after_cycle	1.58	19.754	0.869	101.0	760.0	71.0	0.66399997472763	0.71700000762939	0.007
station_02	no_shadow	218	idle_after_cycle	1.494	19.754	0.869	101.0	760.0	71.0	0.6259999871254	0.64800000190735	0.007
station_02	no_shadow	219	idle_after_cycle	1.518	19.754	0.869	101.0	760.0	71.0	0.59899997711182	0.71700000762939	0.007
