generator	source	arguments	player_or_bus	category	peak	dc_offset	loop_seam	alternative_channel	status
create_anchor_sound	scripts/audio/procedural_audio.gd:66		mapped by source-reference scan; Master bus	interaction	measured by tools/pkg_0182_evidence.gd when callable without required args	measured by tools/pkg_0182_evidence.gd when callable without required args	measured by tools/pkg_0182_evidence.gd when callable without required args	critical state also represented visually/textually by contract	PASS
create_unanchor_sound	scripts/audio/procedural_audio.gd:88		mapped by source-reference scan; Master bus	interaction	measured by tools/pkg_0182_evidence.gd when callable without required args	measured by tools/pkg_0182_evidence.gd when callable without required args	measured by tools/pkg_0182_evidence.gd when callable without required args	critical state also represented visually/textually by contract	PASS
create_correction_pulse_sound	scripts/audio/procedural_audio.gd:101		mapped by source-reference scan; Master bus	interaction	measured by tools/pkg_0182_evidence.gd when callable without required args	measured by tools/pkg_0182_evidence.gd when callable without required args	measured by tools/pkg_0182_evidence.gd when callable without required args	critical state also represented visually/textually by contract	PASS
create_resist_sound	scripts/audio/procedural_audio.gd:124		mapped by source-reference scan; Master bus	interaction	measured by tools/pkg_0182_evidence.gd when callable without required args	measured by tools/pkg_0182_evidence.gd when callable without required args	measured by tools/pkg_0182_evidence.gd when callable without required args	critical state also represented visually/textually by contract	PASS
create_goal_sound	scripts/audio/procedural_audio.gd:147		mapped by source-reference scan; Master bus	interaction	measured by tools/pkg_0182_evidence.gd when callable without required args	measured by tools/pkg_0182_evidence.gd when callable without required args	measured by tools/pkg_0182_evidence.gd when callable without required args	critical state also represented visually/textually by contract	PASS
create_footstep_linoleum_sound	scripts/audio/procedural_audio.gd:158		mapped by source-reference scan; Master bus	foley	measured by tools/pkg_0182_evidence.gd when callable without required args	measured by tools/pkg_0182_evidence.gd when callable without required args	measured by tools/pkg_0182_evidence.gd when callable without required args	critical state also represented visually/textually by contract	PASS
create_footstep_metal_sound	scripts/audio/procedural_audio.gd:171		mapped by source-reference scan; Master bus	foley	measured by tools/pkg_0182_evidence.gd when callable without required args	measured by tools/pkg_0182_evidence.gd when callable without required args	measured by tools/pkg_0182_evidence.gd when callable without required args	critical state also represented visually/textually by contract	PASS
create_land_sound	scripts/audio/procedural_audio.gd:184	is_metal: bool = false	mapped by source-reference scan; Master bus	foley	measured by tools/pkg_0182_evidence.gd when callable without required args	measured by tools/pkg_0182_evidence.gd when callable without required args	measured by tools/pkg_0182_evidence.gd when callable without required args	critical state also represented visually/textually by contract	PASS
create_airlock_seal_sound	scripts/audio/procedural_audio.gd:199		mapped by source-reference scan; Master bus	interaction	measured by tools/pkg_0182_evidence.gd when callable without required args	measured by tools/pkg_0182_evidence.gd when callable without required args	measured by tools/pkg_0182_evidence.gd when callable without required args	critical state also represented visually/textually by contract	PASS
create_memory_resonance_sound	scripts/audio/procedural_audio.gd:230		mapped by source-reference scan; Master bus	ambience	measured by tools/pkg_0182_evidence.gd when callable without required args	measured by tools/pkg_0182_evidence.gd when callable without required args	measured by tools/pkg_0182_evidence.gd when callable without required args	critical state also represented visually/textually by contract	PASS
create_switch_toggle_sound	scripts/audio/procedural_audio.gd:254		mapped by source-reference scan; Master bus	interaction	measured by tools/pkg_0182_evidence.gd when callable without required args	measured by tools/pkg_0182_evidence.gd when callable without required args	measured by tools/pkg_0182_evidence.gd when callable without required args	critical state also represented visually/textually by contract	PASS
create_vacuum_hum_sound	scripts/audio/procedural_audio.gd:269		mapped by source-reference scan; Master bus	ambience	measured by tools/pkg_0182_evidence.gd when callable without required args	measured by tools/pkg_0182_evidence.gd when callable without required args	measured by tools/pkg_0182_evidence.gd when callable without required args	critical state also represented visually/textually by contract	PASS
create_correlation_hum_sound	scripts/audio/procedural_audio.gd:282		mapped by source-reference scan; Master bus	ambience	measured by tools/pkg_0182_evidence.gd when callable without required args	measured by tools/pkg_0182_evidence.gd when callable without required args	measured by tools/pkg_0182_evidence.gd when callable without required args	critical state also represented visually/textually by contract	PASS
create_printer_strip_sound	scripts/audio/procedural_audio.gd:298		mapped by source-reference scan; Master bus	interaction	measured by tools/pkg_0182_evidence.gd when callable without required args	measured by tools/pkg_0182_evidence.gd when callable without required args	measured by tools/pkg_0182_evidence.gd when callable without required args	critical state also represented visually/textually by contract	PASS
create_needle_spike_sound	scripts/audio/procedural_audio.gd:314		mapped by source-reference scan; Master bus	interaction	measured by tools/pkg_0182_evidence.gd when callable without required args	measured by tools/pkg_0182_evidence.gd when callable without required args	measured by tools/pkg_0182_evidence.gd when callable without required args	critical state also represented visually/textually by contract	PASS
create_phone_ring_pulse_sound	scripts/audio/procedural_audio.gd:330		mapped by source-reference scan; Master bus	interaction	measured by tools/pkg_0182_evidence.gd when callable without required args	measured by tools/pkg_0182_evidence.gd when callable without required args	measured by tools/pkg_0182_evidence.gd when callable without required args	critical state also represented visually/textually by contract	PASS
create_card_reader_beep_sound	scripts/audio/procedural_audio.gd:345		mapped by source-reference scan; Master bus	interaction	measured by tools/pkg_0182_evidence.gd when callable without required args	measured by tools/pkg_0182_evidence.gd when callable without required args	measured by tools/pkg_0182_evidence.gd when callable without required args	critical state also represented visually/textually by contract	PASS
create_fluorescent_hum_sound	scripts/audio/procedural_audio.gd:369		mapped by source-reference scan; Master bus	ambience	measured by tools/pkg_0182_evidence.gd when callable without required args	measured by tools/pkg_0182_evidence.gd when callable without required args	measured by tools/pkg_0182_evidence.gd when callable without required args	critical state also represented visually/textually by contract	PASS
create_camera_click_sound	scripts/audio/procedural_audio.gd:384		mapped by source-reference scan; Master bus	interaction	measured by tools/pkg_0182_evidence.gd when callable without required args	measured by tools/pkg_0182_evidence.gd when callable without required args	measured by tools/pkg_0182_evidence.gd when callable without required args	critical state also represented visually/textually by contract	PASS
create_turnstile_unlatch_sound	scripts/audio/procedural_audio.gd:399		mapped by source-reference scan; Master bus	interaction	measured by tools/pkg_0182_evidence.gd when callable without required args	measured by tools/pkg_0182_evidence.gd when callable without required args	measured by tools/pkg_0182_evidence.gd when callable without required args	critical state also represented visually/textually by contract	PASS
create_dialogue_blip_sound	scripts/audio/procedural_audio.gd:418	is_lena: bool = true	mapped by source-reference scan; Master bus	interaction	measured by tools/pkg_0182_evidence.gd when callable without required args	measured by tools/pkg_0182_evidence.gd when callable without required args	measured by tools/pkg_0182_evidence.gd when callable without required args	critical state also represented visually/textually by contract	PASS
create_crosswalk_signal_sound	scripts/audio/procedural_audio.gd:430	with_name_whisper: bool = false	mapped by source-reference scan; Master bus	interaction	measured by tools/pkg_0182_evidence.gd when callable without required args	measured by tools/pkg_0182_evidence.gd when callable without required args	measured by tools/pkg_0182_evidence.gd when callable without required args	critical state also represented visually/textually by contract	PASS
create_rain_asphalt_sound	scripts/audio/procedural_audio.gd:467		mapped by source-reference scan; Master bus	interaction	measured by tools/pkg_0182_evidence.gd when callable without required args	measured by tools/pkg_0182_evidence.gd when callable without required args	measured by tools/pkg_0182_evidence.gd when callable without required args	critical state also represented visually/textually by contract	PASS
create_tram_traction_sound	scripts/audio/procedural_audio.gd:489		mapped by source-reference scan; Master bus	interaction	measured by tools/pkg_0182_evidence.gd when callable without required args	measured by tools/pkg_0182_evidence.gd when callable without required args	measured by tools/pkg_0182_evidence.gd when callable without required args	critical state also represented visually/textually by contract	PASS
create_bus_engine_sound	scripts/audio/procedural_audio.gd:507	is_decelerating: bool = false	mapped by source-reference scan; Master bus	interaction	measured by tools/pkg_0182_evidence.gd when callable without required args	measured by tools/pkg_0182_evidence.gd when callable without required args	measured by tools/pkg_0182_evidence.gd when callable without required args	critical state also represented visually/textually by contract	PASS
create_bus_rain_window_sound	scripts/audio/procedural_audio.gd:529		mapped by source-reference scan; Master bus	ambience	measured by tools/pkg_0182_evidence.gd when callable without required args	measured by tools/pkg_0182_evidence.gd when callable without required args	measured by tools/pkg_0182_evidence.gd when callable without required args	critical state also represented visually/textually by contract	PASS
create_bus_announcement_sound	scripts/audio/procedural_audio.gd:550		mapped by source-reference scan; Master bus	interaction	measured by tools/pkg_0182_evidence.gd when callable without required args	measured by tools/pkg_0182_evidence.gd when callable without required args	measured by tools/pkg_0182_evidence.gd when callable without required args	critical state also represented visually/textually by contract	PASS
create_bus_door_pneumatic_sound	scripts/audio/procedural_audio.gd:577		mapped by source-reference scan; Master bus	interaction	measured by tools/pkg_0182_evidence.gd when callable without required args	measured by tools/pkg_0182_evidence.gd when callable without required args	measured by tools/pkg_0182_evidence.gd when callable without required args	critical state also represented visually/textually by contract	PASS
create_ring_chime_sound	scripts/audio/procedural_audio.gd:598		mapped by source-reference scan; Master bus	interaction	measured by tools/pkg_0182_evidence.gd when callable without required args	measured by tools/pkg_0182_evidence.gd when callable without required args	measured by tools/pkg_0182_evidence.gd when callable without required args	critical state also represented visually/textually by contract	PASS
create_stair_footstep_sound	scripts/audio/procedural_audio.gd:613		mapped by source-reference scan; Master bus	foley	measured by tools/pkg_0182_evidence.gd when callable without required args	measured by tools/pkg_0182_evidence.gd when callable without required args	measured by tools/pkg_0182_evidence.gd when callable without required args	critical state also represented visually/textually by contract	PASS
create_apartment_door_sound	scripts/audio/procedural_audio.gd:629		mapped by source-reference scan; Master bus	interaction	measured by tools/pkg_0182_evidence.gd when callable without required args	measured by tools/pkg_0182_evidence.gd when callable without required args	measured by tools/pkg_0182_evidence.gd when callable without required args	critical state also represented visually/textually by contract	PASS
create_dialogue_marta_blip_sound	scripts/audio/procedural_audio.gd:655		mapped by source-reference scan; Master bus	interaction	measured by tools/pkg_0182_evidence.gd when callable without required args	measured by tools/pkg_0182_evidence.gd when callable without required args	measured by tools/pkg_0182_evidence.gd when callable without required args	critical state also represented visually/textually by contract	PASS
create_stair_timer_switch_sound	scripts/audio/procedural_audio.gd:670		mapped by source-reference scan; Master bus	interaction	measured by tools/pkg_0182_evidence.gd when callable without required args	measured by tools/pkg_0182_evidence.gd when callable without required args	measured by tools/pkg_0182_evidence.gd when callable without required args	critical state also represented visually/textually by contract	PASS
create_parquet_footstep_sound	scripts/audio/procedural_audio.gd:685		mapped by source-reference scan; Master bus	foley	measured by tools/pkg_0182_evidence.gd when callable without required args	measured by tools/pkg_0182_evidence.gd when callable without required args	measured by tools/pkg_0182_evidence.gd when callable without required args	critical state also represented visually/textually by contract	PASS
create_drawer_lock_unlatch_sound	scripts/audio/procedural_audio.gd:702		mapped by source-reference scan; Master bus	interaction	measured by tools/pkg_0182_evidence.gd when callable without required args	measured by tools/pkg_0182_evidence.gd when callable without required args	measured by tools/pkg_0182_evidence.gd when callable without required args	critical state also represented visually/textually by contract	PASS
create_paper_rustle_sound	scripts/audio/procedural_audio.gd:734		mapped by source-reference scan; Master bus	interaction	measured by tools/pkg_0182_evidence.gd when callable without required args	measured by tools/pkg_0182_evidence.gd when callable without required args	measured by tools/pkg_0182_evidence.gd when callable without required args	critical state also represented visually/textually by contract	PASS
create_kettle_boil_sound	scripts/audio/procedural_audio.gd:751		mapped by source-reference scan; Master bus	interaction	measured by tools/pkg_0182_evidence.gd when callable without required args	measured by tools/pkg_0182_evidence.gd when callable without required args	measured by tools/pkg_0182_evidence.gd when callable without required args	critical state also represented visually/textually by contract	PASS
create_kettle_whistle_sound	scripts/audio/procedural_audio.gd:767		mapped by source-reference scan; Master bus	interaction	measured by tools/pkg_0182_evidence.gd when callable without required args	measured by tools/pkg_0182_evidence.gd when callable without required args	measured by tools/pkg_0182_evidence.gd when callable without required args	critical state also represented visually/textually by contract	PASS
create_tile_footstep_sound	scripts/audio/procedural_audio.gd:783		mapped by source-reference scan; Master bus	foley	measured by tools/pkg_0182_evidence.gd when callable without required args	measured by tools/pkg_0182_evidence.gd when callable without required args	measured by tools/pkg_0182_evidence.gd when callable without required args	critical state also represented visually/textually by contract	PASS
create_water_pipe_hiss_sound	scripts/audio/procedural_audio.gd:803		mapped by source-reference scan; Master bus	interaction	measured by tools/pkg_0182_evidence.gd when callable without required args	measured by tools/pkg_0182_evidence.gd when callable without required args	measured by tools/pkg_0182_evidence.gd when callable without required args	critical state also represented visually/textually by contract	PASS
create_glass_scratch_sound	scripts/audio/procedural_audio.gd:820		mapped by source-reference scan; Master bus	interaction	measured by tools/pkg_0182_evidence.gd when callable without required args	measured by tools/pkg_0182_evidence.gd when callable without required args	measured by tools/pkg_0182_evidence.gd when callable without required args	critical state also represented visually/textually by contract	PASS
create_mirror_shimmer_sound	scripts/audio/procedural_audio.gd:838		mapped by source-reference scan; Master bus	interaction	measured by tools/pkg_0182_evidence.gd when callable without required args	measured by tools/pkg_0182_evidence.gd when callable without required args	measured by tools/pkg_0182_evidence.gd when callable without required args	critical state also represented visually/textually by contract	PASS
create_bakelite_bell_sound	scripts/audio/procedural_audio.gd:856		mapped by source-reference scan; Master bus	interaction	measured by tools/pkg_0182_evidence.gd when callable without required args	measured by tools/pkg_0182_evidence.gd when callable without required args	measured by tools/pkg_0182_evidence.gd when callable without required args	critical state also represented visually/textually by contract	PASS
create_handset_pickup_sound	scripts/audio/procedural_audio.gd:873		mapped by source-reference scan; Master bus	interaction	measured by tools/pkg_0182_evidence.gd when callable without required args	measured by tools/pkg_0182_evidence.gd when callable without required args	measured by tools/pkg_0182_evidence.gd when callable without required args	critical state also represented visually/textually by contract	PASS
create_tape_motor_hum_sound	scripts/audio/procedural_audio.gd:886		mapped by source-reference scan; Master bus	ambience	measured by tools/pkg_0182_evidence.gd when callable without required args	measured by tools/pkg_0182_evidence.gd when callable without required args	measured by tools/pkg_0182_evidence.gd when callable without required args	critical state also represented visually/textually by contract	PASS
create_dialogue_jakub_blip_sound	scripts/audio/procedural_audio.gd:899		mapped by source-reference scan; Master bus	interaction	measured by tools/pkg_0182_evidence.gd when callable without required args	measured by tools/pkg_0182_evidence.gd when callable without required args	measured by tools/pkg_0182_evidence.gd when callable without required args	critical state also represented visually/textually by contract	PASS
create_morning_ambience_sound	scripts/audio/procedural_audio.gd:916		mapped by source-reference scan; Master bus	interaction	measured by tools/pkg_0182_evidence.gd when callable without required args	measured by tools/pkg_0182_evidence.gd when callable without required args	measured by tools/pkg_0182_evidence.gd when callable without required args	critical state also represented visually/textually by contract	PASS
create_ucp_stabilizer_beam_sound	scripts/audio/procedural_audio.gd:934		mapped by source-reference scan; Master bus	interaction	measured by tools/pkg_0182_evidence.gd when callable without required args	measured by tools/pkg_0182_evidence.gd when callable without required args	measured by tools/pkg_0182_evidence.gd when callable without required args	critical state also represented visually/textually by contract	PASS
create_masonry_smooth_sound	scripts/audio/procedural_audio.gd:952		mapped by source-reference scan; Master bus	interaction	measured by tools/pkg_0182_evidence.gd when callable without required args	measured by tools/pkg_0182_evidence.gd when callable without required args	measured by tools/pkg_0182_evidence.gd when callable without required args	critical state also represented visually/textually by contract	PASS
create_dialogue_elderly_woman_sound	scripts/audio/procedural_audio.gd:972		mapped by source-reference scan; Master bus	interaction	measured by tools/pkg_0182_evidence.gd when callable without required args	measured by tools/pkg_0182_evidence.gd when callable without required args	measured by tools/pkg_0182_evidence.gd when callable without required args	critical state also represented visually/textually by contract	PASS
create_subway_hum_sound	scripts/audio/procedural_audio.gd:988		mapped by source-reference scan; Master bus	ambience	measured by tools/pkg_0182_evidence.gd when callable without required args	measured by tools/pkg_0182_evidence.gd when callable without required args	measured by tools/pkg_0182_evidence.gd when callable without required args	critical state also represented visually/textually by contract	PASS
create_neon_flicker_sound	scripts/audio/procedural_audio.gd:1008		mapped by source-reference scan; Master bus	interaction	measured by tools/pkg_0182_evidence.gd when callable without required args	measured by tools/pkg_0182_evidence.gd when callable without required args	measured by tools/pkg_0182_evidence.gd when callable without required args	critical state also represented visually/textually by contract	PASS
create_terminal_keypress_sound	scripts/audio/procedural_audio.gd:1026		mapped by source-reference scan; Master bus	interaction	measured by tools/pkg_0182_evidence.gd when callable without required args	measured by tools/pkg_0182_evidence.gd when callable without required args	measured by tools/pkg_0182_evidence.gd when callable without required args	critical state also represented visually/textually by contract	PASS
create_pa_chime_sound	scripts/audio/procedural_audio.gd:1042		mapped by source-reference scan; Master bus	interaction	measured by tools/pkg_0182_evidence.gd when callable without required args	measured by tools/pkg_0182_evidence.gd when callable without required args	measured by tools/pkg_0182_evidence.gd when callable without required args	critical state also represented visually/textually by contract	PASS
create_drafting_lamp_hum_sound	scripts/audio/procedural_audio.gd:1069		mapped by source-reference scan; Master bus	ambience	measured by tools/pkg_0182_evidence.gd when callable without required args	measured by tools/pkg_0182_evidence.gd when callable without required args	measured by tools/pkg_0182_evidence.gd when callable without required args	critical state also represented visually/textually by contract	PASS
create_photo_slide_sound	scripts/audio/procedural_audio.gd:1089		mapped by source-reference scan; Master bus	interaction	measured by tools/pkg_0182_evidence.gd when callable without required args	measured by tools/pkg_0182_evidence.gd when callable without required args	measured by tools/pkg_0182_evidence.gd when callable without required args	critical state also represented visually/textually by contract	PASS
create_shadow_whisper_sound	scripts/audio/procedural_audio.gd:1112		mapped by source-reference scan; Master bus	interaction	measured by tools/pkg_0182_evidence.gd when callable without required args	measured by tools/pkg_0182_evidence.gd when callable without required args	measured by tools/pkg_0182_evidence.gd when callable without required args	critical state also represented visually/textually by contract	PASS
create_relay_alignment_click_sound	scripts/audio/procedural_audio.gd:1136		mapped by source-reference scan; Master bus	interaction	measured by tools/pkg_0182_evidence.gd when callable without required args	measured by tools/pkg_0182_evidence.gd when callable without required args	measured by tools/pkg_0182_evidence.gd when callable without required args	critical state also represented visually/textually by contract	PASS
create_metal_scratch_chime_sound	scripts/audio/procedural_audio.gd:1159		mapped by source-reference scan; Master bus	interaction	measured by tools/pkg_0182_evidence.gd when callable without required args	measured by tools/pkg_0182_evidence.gd when callable without required args	measured by tools/pkg_0182_evidence.gd when callable without required args	critical state also represented visually/textually by contract	PASS
create_tape_degradation_filter_sound	scripts/audio/procedural_audio.gd:1187		mapped by source-reference scan; Master bus	interaction	measured by tools/pkg_0182_evidence.gd when callable without required args	measured by tools/pkg_0182_evidence.gd when callable without required args	measured by tools/pkg_0182_evidence.gd when callable without required args	critical state also represented visually/textually by contract	PASS
create_seam_clamp_sound	scripts/audio/procedural_audio.gd:1212		mapped by source-reference scan; Master bus	interaction	measured by tools/pkg_0182_evidence.gd when callable without required args	measured by tools/pkg_0182_evidence.gd when callable without required args	measured by tools/pkg_0182_evidence.gd when callable without required args	critical state also represented visually/textually by contract	PASS
create_conduit_shaft_wind_sound	scripts/audio/procedural_audio.gd:1235		mapped by source-reference scan; Master bus	ambience	measured by tools/pkg_0182_evidence.gd when callable without required args	measured by tools/pkg_0182_evidence.gd when callable without required args	measured by tools/pkg_0182_evidence.gd when callable without required args	critical state also represented visually/textually by contract	PASS
create_catwalk_footstep_sound	scripts/audio/procedural_audio.gd:1260		mapped by source-reference scan; Master bus	foley	measured by tools/pkg_0182_evidence.gd when callable without required args	measured by tools/pkg_0182_evidence.gd when callable without required args	measured by tools/pkg_0182_evidence.gd when callable without required args	critical state also represented visually/textually by contract	PASS
create_water_drip_puddle_sound	scripts/audio/procedural_audio.gd:1280		mapped by source-reference scan; Master bus	interaction	measured by tools/pkg_0182_evidence.gd when callable without required args	measured by tools/pkg_0182_evidence.gd when callable without required args	measured by tools/pkg_0182_evidence.gd when callable without required args	critical state also represented visually/textually by contract	PASS
create_pressure_valve_release_sound	scripts/audio/procedural_audio.gd:1300		mapped by source-reference scan; Master bus	interaction	measured by tools/pkg_0182_evidence.gd when callable without required args	measured by tools/pkg_0182_evidence.gd when callable without required args	measured by tools/pkg_0182_evidence.gd when callable without required args	critical state also represented visually/textually by contract	PASS
create_resonance_pulse_sound	scripts/audio/procedural_audio.gd:1322		mapped by source-reference scan; Master bus	ambience	measured by tools/pkg_0182_evidence.gd when callable without required args	measured by tools/pkg_0182_evidence.gd when callable without required args	measured by tools/pkg_0182_evidence.gd when callable without required args	critical state also represented visually/textually by contract	PASS
create_ceramic_cup_clink_sound	scripts/audio/procedural_audio.gd:1346		mapped by source-reference scan; Master bus	interaction	measured by tools/pkg_0182_evidence.gd when callable without required args	measured by tools/pkg_0182_evidence.gd when callable without required args	measured by tools/pkg_0182_evidence.gd when callable without required args	critical state also represented visually/textually by contract	PASS
create_tea_pour_steam_sound	scripts/audio/procedural_audio.gd:1371		mapped by source-reference scan; Master bus	interaction	measured by tools/pkg_0182_evidence.gd when callable without required args	measured by tools/pkg_0182_evidence.gd when callable without required args	measured by tools/pkg_0182_evidence.gd when callable without required args	critical state also represented visually/textually by contract	PASS
create_kitchen_clock_tick_sound	scripts/audio/procedural_audio.gd:1394		mapped by source-reference scan; Master bus	interaction	measured by tools/pkg_0182_evidence.gd when callable without required args	measured by tools/pkg_0182_evidence.gd when callable without required args	measured by tools/pkg_0182_evidence.gd when callable without required args	critical state also represented visually/textually by contract	PASS
create_dossier_paper_turn_sound	scripts/audio/procedural_audio.gd:1420		mapped by source-reference scan; Master bus	interaction	measured by tools/pkg_0182_evidence.gd when callable without required args	measured by tools/pkg_0182_evidence.gd when callable without required args	measured by tools/pkg_0182_evidence.gd when callable without required args	critical state also represented visually/textually by contract	PASS
create_dispenser_ticket_sound	scripts/audio/procedural_audio.gd:1441		mapped by source-reference scan; Master bus	interaction	measured by tools/pkg_0182_evidence.gd when callable without required args	measured by tools/pkg_0182_evidence.gd when callable without required args	measured by tools/pkg_0182_evidence.gd when callable without required args	critical state also represented visually/textually by contract	PASS
create_clinic_intercom_chime_sound	scripts/audio/procedural_audio.gd:1465		mapped by source-reference scan; Master bus	interaction	measured by tools/pkg_0182_evidence.gd when callable without required args	measured by tools/pkg_0182_evidence.gd when callable without required args	measured by tools/pkg_0182_evidence.gd when callable without required args	critical state also represented visually/textually by contract	PASS
create_pneumatic_tube_whoosh_sound	scripts/audio/procedural_audio.gd:1499		mapped by source-reference scan; Master bus	interaction	measured by tools/pkg_0182_evidence.gd when callable without required args	measured by tools/pkg_0182_evidence.gd when callable without required args	measured by tools/pkg_0182_evidence.gd when callable without required args	critical state also represented visually/textually by contract	PASS
create_wierzbicka_printer_sound	scripts/audio/procedural_audio.gd:1527		mapped by source-reference scan; Master bus	interaction	measured by tools/pkg_0182_evidence.gd when callable without required args	measured by tools/pkg_0182_evidence.gd when callable without required args	measured by tools/pkg_0182_evidence.gd when callable without required args	critical state also represented visually/textually by contract	PASS
create_sensory_galvanometer_tick_sound	scripts/audio/procedural_audio.gd:1548		mapped by source-reference scan; Master bus	interaction	measured by tools/pkg_0182_evidence.gd when callable without required args	measured by tools/pkg_0182_evidence.gd when callable without required args	measured by tools/pkg_0182_evidence.gd when callable without required args	critical state also represented visually/textually by contract	PASS
create_substructure_strain_groan_sound	scripts/audio/procedural_audio.gd:1564		mapped by source-reference scan; Master bus	interaction	measured by tools/pkg_0182_evidence.gd when callable without required args	measured by tools/pkg_0182_evidence.gd when callable without required args	measured by tools/pkg_0182_evidence.gd when callable without required args	critical state also represented visually/textually by contract	PASS
create_map_node_pulse_sound	scripts/audio/procedural_audio.gd:1578		mapped by source-reference scan; Master bus	interaction	measured by tools/pkg_0182_evidence.gd when callable without required args	measured by tools/pkg_0182_evidence.gd when callable without required args	measured by tools/pkg_0182_evidence.gd when callable without required args	critical state also represented visually/textually by contract	PASS
create_wierzbicka_stamp_sound	scripts/audio/procedural_audio.gd:1594		mapped by source-reference scan; Master bus	interaction	measured by tools/pkg_0182_evidence.gd when callable without required args	measured by tools/pkg_0182_evidence.gd when callable without required args	measured by tools/pkg_0182_evidence.gd when callable without required args	critical state also represented visually/textually by contract	PASS
create_model_table_resonance_sound	scripts/audio/procedural_audio.gd:1612		mapped by source-reference scan; Master bus	ambience	measured by tools/pkg_0182_evidence.gd when callable without required args	measured by tools/pkg_0182_evidence.gd when callable without required args	measured by tools/pkg_0182_evidence.gd when callable without required args	critical state also represented visually/textually by contract	PASS
create_paper_map_rustle_sound	scripts/audio/procedural_audio.gd:1630		mapped by source-reference scan; Master bus	interaction	measured by tools/pkg_0182_evidence.gd when callable without required args	measured by tools/pkg_0182_evidence.gd when callable without required args	measured by tools/pkg_0182_evidence.gd when callable without required args	critical state also represented visually/textually by contract	PASS
create_ledger_page_turn_sound	scripts/audio/procedural_audio.gd:1646		mapped by source-reference scan; Master bus	interaction	measured by tools/pkg_0182_evidence.gd when callable without required args	measured by tools/pkg_0182_evidence.gd when callable without required args	measured by tools/pkg_0182_evidence.gd when callable without required args	critical state also represented visually/textually by contract	PASS
create_model_room_door_release_sound	scripts/audio/procedural_audio.gd:1662		mapped by source-reference scan; Master bus	interaction	measured by tools/pkg_0182_evidence.gd when callable without required args	measured by tools/pkg_0182_evidence.gd when callable without required args	measured by tools/pkg_0182_evidence.gd when callable without required args	critical state also represented visually/textually by contract	PASS
create_crayon_drawing_rustle_sound	scripts/audio/procedural_audio.gd:1679		mapped by source-reference scan; Master bus	interaction	measured by tools/pkg_0182_evidence.gd when callable without required args	measured by tools/pkg_0182_evidence.gd when callable without required args	measured by tools/pkg_0182_evidence.gd when callable without required args	critical state also represented visually/textually by contract	PASS
create_well_water_drip_sound	scripts/audio/procedural_audio.gd:1696		mapped by source-reference scan; Master bus	interaction	measured by tools/pkg_0182_evidence.gd when callable without required args	measured by tools/pkg_0182_evidence.gd when callable without required args	measured by tools/pkg_0182_evidence.gd when callable without required args	critical state also represented visually/textually by contract	PASS
create_szymon_dialogue_blip_sound	scripts/audio/procedural_audio.gd:1715		mapped by source-reference scan; Master bus	interaction	measured by tools/pkg_0182_evidence.gd when callable without required args	measured by tools/pkg_0182_evidence.gd when callable without required args	measured by tools/pkg_0182_evidence.gd when callable without required args	critical state also represented visually/textually by contract	PASS
create_door_creak_shift_sound	scripts/audio/procedural_audio.gd:1730		mapped by source-reference scan; Master bus	interaction	measured by tools/pkg_0182_evidence.gd when callable without required args	measured by tools/pkg_0182_evidence.gd when callable without required args	measured by tools/pkg_0182_evidence.gd when callable without required args	critical state also represented visually/textually by contract	PASS
create_anesthetic_hum_sound	scripts/audio/procedural_audio.gd:1747		mapped by source-reference scan; Master bus	ambience	measured by tools/pkg_0182_evidence.gd when callable without required args	measured by tools/pkg_0182_evidence.gd when callable without required args	measured by tools/pkg_0182_evidence.gd when callable without required args	critical state also represented visually/textually by contract	PASS
create_sedation_monitor_blip_sound	scripts/audio/procedural_audio.gd:1761		mapped by source-reference scan; Master bus	interaction	measured by tools/pkg_0182_evidence.gd when callable without required args	measured by tools/pkg_0182_evidence.gd when callable without required args	measured by tools/pkg_0182_evidence.gd when callable without required args	critical state also represented visually/textually by contract	PASS
create_erased_name_glitch_sound	scripts/audio/procedural_audio.gd:1774		mapped by source-reference scan; Master bus	interaction	measured by tools/pkg_0182_evidence.gd when callable without required args	measured by tools/pkg_0182_evidence.gd when callable without required args	measured by tools/pkg_0182_evidence.gd when callable without required args	critical state also represented visually/textually by contract	PASS
create_station21_airlock_sound	scripts/audio/procedural_audio.gd:1791		mapped by source-reference scan; Master bus	interaction	measured by tools/pkg_0182_evidence.gd when callable without required args	measured by tools/pkg_0182_evidence.gd when callable without required args	measured by tools/pkg_0182_evidence.gd when callable without required args	critical state also represented visually/textually by contract	PASS
create_biometric_gate_scan_sound	scripts/audio/procedural_audio.gd:1811		mapped by source-reference scan; Master bus	interaction	measured by tools/pkg_0182_evidence.gd when callable without required args	measured by tools/pkg_0182_evidence.gd when callable without required args	measured by tools/pkg_0182_evidence.gd when callable without required args	critical state also represented visually/textually by contract	PASS
create_ring_resonance_hum_sound	scripts/audio/procedural_audio.gd:1838		mapped by source-reference scan; Master bus	ambience	measured by tools/pkg_0182_evidence.gd when callable without required args	measured by tools/pkg_0182_evidence.gd when callable without required args	measured by tools/pkg_0182_evidence.gd when callable without required args	critical state also represented visually/textually by contract	PASS
create_paint_memory_recall_sound	scripts/audio/procedural_audio.gd:1861		mapped by source-reference scan; Master bus	interaction	measured by tools/pkg_0182_evidence.gd when callable without required args	measured by tools/pkg_0182_evidence.gd when callable without required args	measured by tools/pkg_0182_evidence.gd when callable without required args	critical state also represented visually/textually by contract	PASS
create_biographical_erasure_glitch_sound	scripts/audio/procedural_audio.gd:1884		mapped by source-reference scan; Master bus	interaction	measured by tools/pkg_0182_evidence.gd when callable without required args	measured by tools/pkg_0182_evidence.gd when callable without required args	measured by tools/pkg_0182_evidence.gd when callable without required args	critical state also represented visually/textually by contract	PASS
create_station22_door_release_sound	scripts/audio/procedural_audio.gd:1909		mapped by source-reference scan; Master bus	interaction	measured by tools/pkg_0182_evidence.gd when callable without required args	measured by tools/pkg_0182_evidence.gd when callable without required args	measured by tools/pkg_0182_evidence.gd when callable without required args	critical state also represented visually/textually by contract	PASS
create_designer_terminal_hum_sound	scripts/audio/procedural_audio.gd:1933		mapped by source-reference scan; Master bus	ambience	measured by tools/pkg_0182_evidence.gd when callable without required args	measured by tools/pkg_0182_evidence.gd when callable without required args	measured by tools/pkg_0182_evidence.gd when callable without required args	critical state also represented visually/textually by contract	PASS
create_cursor_shift_glitch_sound	scripts/audio/procedural_audio.gd:1954		mapped by source-reference scan; Master bus	interaction	measured by tools/pkg_0182_evidence.gd when callable without required args	measured by tools/pkg_0182_evidence.gd when callable without required args	measured by tools/pkg_0182_evidence.gd when callable without required args	critical state also represented visually/textually by contract	PASS
create_burden_ledger_scan_sound	scripts/audio/procedural_audio.gd:1978		mapped by source-reference scan; Master bus	interaction	measured by tools/pkg_0182_evidence.gd when callable without required args	measured by tools/pkg_0182_evidence.gd when callable without required args	measured by tools/pkg_0182_evidence.gd when callable without required args	critical state also represented visually/textually by contract	PASS
create_designer_note_chime_sound	scripts/audio/procedural_audio.gd:2001		mapped by source-reference scan; Master bus	interaction	measured by tools/pkg_0182_evidence.gd when callable without required args	measured by tools/pkg_0182_evidence.gd when callable without required args	measured by tools/pkg_0182_evidence.gd when callable without required args	critical state also represented visually/textually by contract	PASS
create_station23_exit_unlatch_sound	scripts/audio/procedural_audio.gd:2027		mapped by source-reference scan; Master bus	interaction	measured by tools/pkg_0182_evidence.gd when callable without required args	measured by tools/pkg_0182_evidence.gd when callable without required args	measured by tools/pkg_0182_evidence.gd when callable without required args	critical state also represented visually/textually by contract	PASS
create_cctv_static_hum_sound	scripts/audio/procedural_audio.gd:2051		mapped by source-reference scan; Master bus	ambience	measured by tools/pkg_0182_evidence.gd when callable without required args	measured by tools/pkg_0182_evidence.gd when callable without required args	measured by tools/pkg_0182_evidence.gd when callable without required args	critical state also represented visually/textually by contract	PASS
create_correction_stress_siren_sound	scripts/audio/procedural_audio.gd:2073		mapped by source-reference scan; Master bus	interaction	measured by tools/pkg_0182_evidence.gd when callable without required args	measured by tools/pkg_0182_evidence.gd when callable without required args	measured by tools/pkg_0182_evidence.gd when callable without required args	critical state also represented visually/textually by contract	PASS
create_intercom_wierzbicka_tone_sound	scripts/audio/procedural_audio.gd:2097		mapped by source-reference scan; Master bus	interaction	measured by tools/pkg_0182_evidence.gd when callable without required args	measured by tools/pkg_0182_evidence.gd when callable without required args	measured by tools/pkg_0182_evidence.gd when callable without required args	critical state also represented visually/textually by contract	PASS
create_decision_button_latch_sound	scripts/audio/procedural_audio.gd:2121		mapped by source-reference scan; Master bus	interaction	measured by tools/pkg_0182_evidence.gd when callable without required args	measured by tools/pkg_0182_evidence.gd when callable without required args	measured by tools/pkg_0182_evidence.gd when callable without required args	critical state also represented visually/textually by contract	PASS
create_station24_door_release_sound	scripts/audio/procedural_audio.gd:2145		mapped by source-reference scan; Master bus	interaction	measured by tools/pkg_0182_evidence.gd when callable without required args	measured by tools/pkg_0182_evidence.gd when callable without required args	measured by tools/pkg_0182_evidence.gd when callable without required args	critical state also represented visually/textually by contract	PASS
create_transit_rail_hum_sound	scripts/audio/procedural_audio.gd:2169		mapped by source-reference scan; Master bus	ambience	measured by tools/pkg_0182_evidence.gd when callable without required args	measured by tools/pkg_0182_evidence.gd when callable without required args	measured by tools/pkg_0182_evidence.gd when callable without required args	critical state also represented visually/textually by contract	PASS
create_jakub_uniform_rustle_sound	scripts/audio/procedural_audio.gd:2193		mapped by source-reference scan; Master bus	interaction	measured by tools/pkg_0182_evidence.gd when callable without required args	measured by tools/pkg_0182_evidence.gd when callable without required args	measured by tools/pkg_0182_evidence.gd when callable without required args	critical state also represented visually/textually by contract	PASS
create_scar_revelation_chime_sound	scripts/audio/procedural_audio.gd:2214		mapped by source-reference scan; Master bus	interaction	measured by tools/pkg_0182_evidence.gd when callable without required args	measured by tools/pkg_0182_evidence.gd when callable without required args	measured by tools/pkg_0182_evidence.gd when callable without required args	critical state also represented visually/textually by contract	PASS
create_finger_edge_scrape_sound	scripts/audio/procedural_audio.gd:2239		mapped by source-reference scan; Master bus	interaction	measured by tools/pkg_0182_evidence.gd when callable without required args	measured by tools/pkg_0182_evidence.gd when callable without required args	measured by tools/pkg_0182_evidence.gd when callable without required args	critical state also represented visually/textually by contract	PASS
create_station25_door_release_sound	scripts/audio/procedural_audio.gd:2260		mapped by source-reference scan; Master bus	interaction	measured by tools/pkg_0182_evidence.gd when callable without required args	measured by tools/pkg_0182_evidence.gd when callable without required args	measured by tools/pkg_0182_evidence.gd when callable without required args	critical state also represented visually/textually by contract	PASS
create_isolation_hum_sound	scripts/audio/procedural_audio.gd:2284		mapped by source-reference scan; Master bus	ambience	measured by tools/pkg_0182_evidence.gd when callable without required args	measured by tools/pkg_0182_evidence.gd when callable without required args	measured by tools/pkg_0182_evidence.gd when callable without required args	critical state also represented visually/textually by contract	PASS
create_reconfiguration_chime_sound	scripts/audio/procedural_audio.gd:2306		mapped by source-reference scan; Master bus	interaction	measured by tools/pkg_0182_evidence.gd when callable without required args	measured by tools/pkg_0182_evidence.gd when callable without required args	measured by tools/pkg_0182_evidence.gd when callable without required args	critical state also represented visually/textually by contract	PASS
create_wierzbicka_calming_tone_sound	scripts/audio/procedural_audio.gd:2331		mapped by source-reference scan; Master bus	interaction	measured by tools/pkg_0182_evidence.gd when callable without required args	measured by tools/pkg_0182_evidence.gd when callable without required args	measured by tools/pkg_0182_evidence.gd when callable without required args	critical state also represented visually/textually by contract	PASS
create_motivation_scratch_sound	scripts/audio/procedural_audio.gd:2351		mapped by source-reference scan; Master bus	interaction	measured by tools/pkg_0182_evidence.gd when callable without required args	measured by tools/pkg_0182_evidence.gd when callable without required args	measured by tools/pkg_0182_evidence.gd when callable without required args	critical state also represented visually/textually by contract	PASS
create_station26_door_release_sound	scripts/audio/procedural_audio.gd:2376		mapped by source-reference scan; Master bus	interaction	measured by tools/pkg_0182_evidence.gd when callable without required args	measured by tools/pkg_0182_evidence.gd when callable without required args	measured by tools/pkg_0182_evidence.gd when callable without required args	critical state also represented visually/textually by contract	PASS
create_service_tunnel_hum_sound	scripts/audio/procedural_audio.gd:2400		mapped by source-reference scan; Master bus	ambience	measured by tools/pkg_0182_evidence.gd when callable without required args	measured by tools/pkg_0182_evidence.gd when callable without required args	measured by tools/pkg_0182_evidence.gd when callable without required args	critical state also represented visually/textually by contract	PASS
create_jakub_keycard_latch_sound	scripts/audio/procedural_audio.gd:2420		mapped by source-reference scan; Master bus	interaction	measured by tools/pkg_0182_evidence.gd when callable without required args	measured by tools/pkg_0182_evidence.gd when callable without required args	measured by tools/pkg_0182_evidence.gd when callable without required args	critical state also represented visually/textually by contract	PASS
create_gratitude_confession_tone_sound	scripts/audio/procedural_audio.gd:2445		mapped by source-reference scan; Master bus	interaction	measured by tools/pkg_0182_evidence.gd when callable without required args	measured by tools/pkg_0182_evidence.gd when callable without required args	measured by tools/pkg_0182_evidence.gd when callable without required args	critical state also represented visually/textually by contract	PASS
create_surface_danger_siren_sound	scripts/audio/procedural_audio.gd:2465		mapped by source-reference scan; Master bus	interaction	measured by tools/pkg_0182_evidence.gd when callable without required args	measured by tools/pkg_0182_evidence.gd when callable without required args	measured by tools/pkg_0182_evidence.gd when callable without required args	critical state also represented visually/textually by contract	PASS
create_station27_door_release_sound	scripts/audio/procedural_audio.gd:2485		mapped by source-reference scan; Master bus	interaction	measured by tools/pkg_0182_evidence.gd when callable without required args	measured by tools/pkg_0182_evidence.gd when callable without required args	measured by tools/pkg_0182_evidence.gd when callable without required args	critical state also represented visually/textually by contract	PASS
create_moving_tram_motor_sound	scripts/audio/procedural_audio.gd:2506		mapped by source-reference scan; Master bus	interaction	measured by tools/pkg_0182_evidence.gd when callable without required args	measured by tools/pkg_0182_evidence.gd when callable without required args	measured by tools/pkg_0182_evidence.gd when callable without required args	critical state also represented visually/textually by contract	PASS
create_track_switch_clack_sound	scripts/audio/procedural_audio.gd:2525		mapped by source-reference scan; Master bus	interaction	measured by tools/pkg_0182_evidence.gd when callable without required args	measured by tools/pkg_0182_evidence.gd when callable without required args	measured by tools/pkg_0182_evidence.gd when callable without required args	critical state also represented visually/textually by contract	PASS
create_wierzbicka_closing_intercom_sound	scripts/audio/procedural_audio.gd:2549		mapped by source-reference scan; Master bus	interaction	measured by tools/pkg_0182_evidence.gd when callable without required args	measured by tools/pkg_0182_evidence.gd when callable without required args	measured by tools/pkg_0182_evidence.gd when callable without required args	critical state also represented visually/textually by contract	PASS
create_paradox_peron_shimmer_sound	scripts/audio/procedural_audio.gd:2568		mapped by source-reference scan; Master bus	interaction	measured by tools/pkg_0182_evidence.gd when callable without required args	measured by tools/pkg_0182_evidence.gd when callable without required args	measured by tools/pkg_0182_evidence.gd when callable without required args	critical state also represented visually/textually by contract	PASS
create_station28_pneumatic_brake_sound	scripts/audio/procedural_audio.gd:2586		mapped by source-reference scan; Master bus	interaction	measured by tools/pkg_0182_evidence.gd when callable without required args	measured by tools/pkg_0182_evidence.gd when callable without required args	measured by tools/pkg_0182_evidence.gd when callable without required args	critical state also represented visually/textually by contract	PASS
create_platform13_drip_echo_sound	scripts/audio/procedural_audio.gd:2604		mapped by source-reference scan; Master bus	interaction	measured by tools/pkg_0182_evidence.gd when callable without required args	measured by tools/pkg_0182_evidence.gd when callable without required args	measured by tools/pkg_0182_evidence.gd when callable without required args	critical state also represented visually/textually by contract	PASS
create_flickering_neon_buzz_sound	scripts/audio/procedural_audio.gd:2623		mapped by source-reference scan; Master bus	interaction	measured by tools/pkg_0182_evidence.gd when callable without required args	measured by tools/pkg_0182_evidence.gd when callable without required args	measured by tools/pkg_0182_evidence.gd when callable without required args	critical state also represented visually/textually by contract	PASS
create_deep_well_drone_sound	scripts/audio/procedural_audio.gd:2641		mapped by source-reference scan; Master bus	ambience	measured by tools/pkg_0182_evidence.gd when callable without required args	measured by tools/pkg_0182_evidence.gd when callable without required args	measured by tools/pkg_0182_evidence.gd when callable without required args	critical state also represented visually/textually by contract	PASS
create_jakub_torch_click_sound	scripts/audio/procedural_audio.gd:2659		mapped by source-reference scan; Master bus	interaction	measured by tools/pkg_0182_evidence.gd when callable without required args	measured by tools/pkg_0182_evidence.gd when callable without required args	measured by tools/pkg_0182_evidence.gd when callable without required args	critical state also represented visually/textually by contract	PASS
create_station29_grate_creak_sound	scripts/audio/procedural_audio.gd:2677		mapped by source-reference scan; Master bus	interaction	measured by tools/pkg_0182_evidence.gd when callable without required args	measured by tools/pkg_0182_evidence.gd when callable without required args	measured by tools/pkg_0182_evidence.gd when callable without required args	critical state also represented visually/textually by contract	PASS
create_transformer_oil_hum_sound	scripts/audio/procedural_audio.gd:2696		mapped by source-reference scan; Master bus	ambience	measured by tools/pkg_0182_evidence.gd when callable without required args	measured by tools/pkg_0182_evidence.gd when callable without required args	measured by tools/pkg_0182_evidence.gd when callable without required args	critical state also represented visually/textually by contract	PASS
create_knife_switch_throw_sound	scripts/audio/procedural_audio.gd:2711		mapped by source-reference scan; Master bus	interaction	measured by tools/pkg_0182_evidence.gd when callable without required args	measured by tools/pkg_0182_evidence.gd when callable without required args	measured by tools/pkg_0182_evidence.gd when callable without required args	critical state also represented visually/textually by contract	PASS
create_high_voltage_spark_sound	scripts/audio/procedural_audio.gd:2725		mapped by source-reference scan; Master bus	interaction	measured by tools/pkg_0182_evidence.gd when callable without required args	measured by tools/pkg_0182_evidence.gd when callable without required args	measured by tools/pkg_0182_evidence.gd when callable without required args	critical state also represented visually/textually by contract	PASS
create_power_grid_relay_sound	scripts/audio/procedural_audio.gd:2737		mapped by source-reference scan; Master bus	interaction	measured by tools/pkg_0182_evidence.gd when callable without required args	measured by tools/pkg_0182_evidence.gd when callable without required args	measured by tools/pkg_0182_evidence.gd when callable without required args	critical state also represented visually/textually by contract	PASS
create_station30_door_release_sound	scripts/audio/procedural_audio.gd:2754		mapped by source-reference scan; Master bus	interaction	measured by tools/pkg_0182_evidence.gd when callable without required args	measured by tools/pkg_0182_evidence.gd when callable without required args	measured by tools/pkg_0182_evidence.gd when callable without required args	critical state also represented visually/textually by contract	PASS
create_eleven_chairs_whisper_sound	scripts/audio/procedural_audio.gd:2768		mapped by source-reference scan; Master bus	interaction	measured by tools/pkg_0182_evidence.gd when callable without required args	measured by tools/pkg_0182_evidence.gd when callable without required args	measured by tools/pkg_0182_evidence.gd when callable without required args	critical state also represented visually/textually by contract	PASS
create_wierzbicka_recitation_chime_sound	scripts/audio/procedural_audio.gd:2785		mapped by source-reference scan; Master bus	interaction	measured by tools/pkg_0182_evidence.gd when callable without required args	measured by tools/pkg_0182_evidence.gd when callable without required args	measured by tools/pkg_0182_evidence.gd when callable without required args	critical state also represented visually/textually by contract	PASS
create_twelfth_chair_resonance_sound	scripts/audio/procedural_audio.gd:2800		mapped by source-reference scan; Master bus	ambience	measured by tools/pkg_0182_evidence.gd when callable without required args	measured by tools/pkg_0182_evidence.gd when callable without required args	measured by tools/pkg_0182_evidence.gd when callable without required args	critical state also represented visually/textually by contract	PASS
create_variant_ledger_page_sound	scripts/audio/procedural_audio.gd:2815		mapped by source-reference scan; Master bus	interaction	measured by tools/pkg_0182_evidence.gd when callable without required args	measured by tools/pkg_0182_evidence.gd when callable without required args	measured by tools/pkg_0182_evidence.gd when callable without required args	critical state also represented visually/textually by contract	PASS
create_station31_pressure_hiss_sound	scripts/audio/procedural_audio.gd:2832		mapped by source-reference scan; Master bus	interaction	measured by tools/pkg_0182_evidence.gd when callable without required args	measured by tools/pkg_0182_evidence.gd when callable without required args	measured by tools/pkg_0182_evidence.gd when callable without required args	critical state also represented visually/textually by contract	PASS
create_glass_condensation_wipe_sound	scripts/audio/procedural_audio.gd:2848		mapped by source-reference scan; Master bus	interaction	measured by tools/pkg_0182_evidence.gd when callable without required args	measured by tools/pkg_0182_evidence.gd when callable without required args	measured by tools/pkg_0182_evidence.gd when callable without required args	critical state also represented visually/textually by contract	PASS
create_glass_stress_ring_sound	scripts/audio/procedural_audio.gd:2866		mapped by source-reference scan; Master bus	interaction	measured by tools/pkg_0182_evidence.gd when callable without required args	measured by tools/pkg_0182_evidence.gd when callable without required args	measured by tools/pkg_0182_evidence.gd when callable without required args	critical state also represented visually/textually by contract	PASS
create_fire_memory_rumble_sound	scripts/audio/procedural_audio.gd:2882		mapped by source-reference scan; Master bus	interaction	measured by tools/pkg_0182_evidence.gd when callable without required args	measured by tools/pkg_0182_evidence.gd when callable without required args	measured by tools/pkg_0182_evidence.gd when callable without required args	critical state also represented visually/textually by contract	PASS
create_consensus_stamp_reverberation_sound	scripts/audio/procedural_audio.gd:2898		mapped by source-reference scan; Master bus	interaction	measured by tools/pkg_0182_evidence.gd when callable without required args	measured by tools/pkg_0182_evidence.gd when callable without required args	measured by tools/pkg_0182_evidence.gd when callable without required args	critical state also represented visually/textually by contract	PASS
create_station32_hatch_unseal_sound	scripts/audio/procedural_audio.gd:2913		mapped by source-reference scan; Master bus	interaction	measured by tools/pkg_0182_evidence.gd when callable without required args	measured by tools/pkg_0182_evidence.gd when callable without required args	measured by tools/pkg_0182_evidence.gd when callable without required args	critical state also represented visually/textually by contract	PASS
create_ladder_rung_climb_sound	scripts/audio/procedural_audio.gd:2933		mapped by source-reference scan; Master bus	interaction	measured by tools/pkg_0182_evidence.gd when callable without required args	measured by tools/pkg_0182_evidence.gd when callable without required args	measured by tools/pkg_0182_evidence.gd when callable without required args	critical state also represented visually/textually by contract	PASS
create_depth_pressure_creak_sound	scripts/audio/procedural_audio.gd:2947		mapped by source-reference scan; Master bus	interaction	measured by tools/pkg_0182_evidence.gd when callable without required args	measured by tools/pkg_0182_evidence.gd when callable without required args	measured by tools/pkg_0182_evidence.gd when callable without required args	critical state also represented visually/textually by contract	PASS
create_cable_trunk_pulse_sound	scripts/audio/procedural_audio.gd:2963		mapped by source-reference scan; Master bus	interaction	measured by tools/pkg_0182_evidence.gd when callable without required args	measured by tools/pkg_0182_evidence.gd when callable without required args	measured by tools/pkg_0182_evidence.gd when callable without required args	critical state also represented visually/textually by contract	PASS
create_shaft_work_light_hum_sound	scripts/audio/procedural_audio.gd:2978		mapped by source-reference scan; Master bus	ambience	measured by tools/pkg_0182_evidence.gd when callable without required args	measured by tools/pkg_0182_evidence.gd when callable without required args	measured by tools/pkg_0182_evidence.gd when callable without required args	critical state also represented visually/textually by contract	PASS
create_station33_lower_hatch_sound	scripts/audio/procedural_audio.gd:2991		mapped by source-reference scan; Master bus	interaction	measured by tools/pkg_0182_evidence.gd when callable without required args	measured by tools/pkg_0182_evidence.gd when callable without required args	measured by tools/pkg_0182_evidence.gd when callable without required args	critical state also represented visually/textually by contract	PASS
create_core_reactor_pulse_sound	scripts/audio/procedural_audio.gd:3006		mapped by source-reference scan; Master bus	interaction	measured by tools/pkg_0182_evidence.gd when callable without required args	measured by tools/pkg_0182_evidence.gd when callable without required args	measured by tools/pkg_0182_evidence.gd when callable without required args	critical state also represented visually/textually by contract	PASS
create_biography_slider_drag_sound	scripts/audio/procedural_audio.gd:3020		mapped by source-reference scan; Master bus	interaction	measured by tools/pkg_0182_evidence.gd when callable without required args	measured by tools/pkg_0182_evidence.gd when callable without required args	measured by tools/pkg_0182_evidence.gd when callable without required args	critical state also represented visually/textually by contract	PASS
create_core_thermal_alarm_sound	scripts/audio/procedural_audio.gd:3036		mapped by source-reference scan; Master bus	interaction	measured by tools/pkg_0182_evidence.gd when callable without required args	measured by tools/pkg_0182_evidence.gd when callable without required args	measured by tools/pkg_0182_evidence.gd when callable without required args	critical state also represented visually/textually by contract	PASS
create_jakub_diagnostic_probe_sound	scripts/audio/procedural_audio.gd:3050		mapped by source-reference scan; Master bus	interaction	measured by tools/pkg_0182_evidence.gd when callable without required args	measured by tools/pkg_0182_evidence.gd when callable without required args	measured by tools/pkg_0182_evidence.gd when callable without required args	critical state also represented visually/textually by contract	PASS
create_station34_filtration_gate_sound	scripts/audio/procedural_audio.gd:3062		mapped by source-reference scan; Master bus	interaction	measured by tools/pkg_0182_evidence.gd when callable without required args	measured by tools/pkg_0182_evidence.gd when callable without required args	measured by tools/pkg_0182_evidence.gd when callable without required args	critical state also represented visually/textually by contract	PASS
create_sedation_liquid_slosh_sound	scripts/audio/procedural_audio.gd:3076		mapped by source-reference scan; Master bus	interaction	measured by tools/pkg_0182_evidence.gd when callable without required args	measured by tools/pkg_0182_evidence.gd when callable without required args	measured by tools/pkg_0182_evidence.gd when callable without required args	critical state also represented visually/textually by contract	PASS
create_sludge_valve_creak_sound	scripts/audio/procedural_audio.gd:3091		mapped by source-reference scan; Master bus	interaction	measured by tools/pkg_0182_evidence.gd when callable without required args	measured by tools/pkg_0182_evidence.gd when callable without required args	measured by tools/pkg_0182_evidence.gd when callable without required args	critical state also represented visually/textually by contract	PASS
create_chemical_bubbler_sound	scripts/audio/procedural_audio.gd:3104		mapped by source-reference scan; Master bus	interaction	measured by tools/pkg_0182_evidence.gd when callable without required args	measured by tools/pkg_0182_evidence.gd when callable without required args	measured by tools/pkg_0182_evidence.gd when callable without required args	critical state also represented visually/textually by contract	PASS
create_sedation_saturation_alarm_sound	scripts/audio/procedural_audio.gd:3117		mapped by source-reference scan; Master bus	interaction	measured by tools/pkg_0182_evidence.gd when callable without required args	measured by tools/pkg_0182_evidence.gd when callable without required args	measured by tools/pkg_0182_evidence.gd when callable without required args	critical state also represented visually/textually by contract	PASS
create_station35_drain_sluice_sound	scripts/audio/procedural_audio.gd:3129		mapped by source-reference scan; Master bus	interaction	measured by tools/pkg_0182_evidence.gd when callable without required args	measured by tools/pkg_0182_evidence.gd when callable without required args	measured by tools/pkg_0182_evidence.gd when callable without required args	critical state also represented visually/textually by contract	PASS
create_storm_drain_torrent_sound	scripts/audio/procedural_audio.gd:3143		mapped by source-reference scan; Master bus	interaction	measured by tools/pkg_0182_evidence.gd when callable without required args	measured by tools/pkg_0182_evidence.gd when callable without required args	measured by tools/pkg_0182_evidence.gd when callable without required args	critical state also represented visually/textually by contract	PASS
create_drain_weir_creak_sound	scripts/audio/procedural_audio.gd:3157		mapped by source-reference scan; Master bus	interaction	measured by tools/pkg_0182_evidence.gd when callable without required args	measured by tools/pkg_0182_evidence.gd when callable without required args	measured by tools/pkg_0182_evidence.gd when callable without required args	critical state also represented visually/textually by contract	PASS
create_acid_ladder_clank_sound	scripts/audio/procedural_audio.gd:3170		mapped by source-reference scan; Master bus	interaction	measured by tools/pkg_0182_evidence.gd when callable without required args	measured by tools/pkg_0182_evidence.gd when callable without required args	measured by tools/pkg_0182_evidence.gd when callable without required args	critical state also represented visually/textually by contract	PASS
create_groundwater_leak_alarm_sound	scripts/audio/procedural_audio.gd:3183		mapped by source-reference scan; Master bus	interaction	measured by tools/pkg_0182_evidence.gd when callable without required args	measured by tools/pkg_0182_evidence.gd when callable without required args	measured by tools/pkg_0182_evidence.gd when callable without required args	critical state also represented visually/textually by contract	PASS
create_station36_storm_gate_sound	scripts/audio/procedural_audio.gd:3196		mapped by source-reference scan; Master bus	interaction	measured by tools/pkg_0182_evidence.gd when callable without required args	measured by tools/pkg_0182_evidence.gd when callable without required args	measured by tools/pkg_0182_evidence.gd when callable without required args	critical state also represented visually/textually by contract	PASS
create_signal_antenna_carrier_sound	scripts/audio/procedural_audio.gd:3210		mapped by source-reference scan; Master bus	interaction	measured by tools/pkg_0182_evidence.gd when callable without required args	measured by tools/pkg_0182_evidence.gd when callable without required args	measured by tools/pkg_0182_evidence.gd when callable without required args	critical state also represented visually/textually by contract	PASS
create_cross_patchbay_plug_sound	scripts/audio/procedural_audio.gd:3224		mapped by source-reference scan; Master bus	interaction	measured by tools/pkg_0182_evidence.gd when callable without required args	measured by tools/pkg_0182_evidence.gd when callable without required args	measured by tools/pkg_0182_evidence.gd when callable without required args	critical state also represented visually/textually by contract	PASS
create_crt_sweep_interference_sound	scripts/audio/procedural_audio.gd:3237		mapped by source-reference scan; Master bus	interaction	measured by tools/pkg_0182_evidence.gd when callable without required args	measured by tools/pkg_0182_evidence.gd when callable without required args	measured by tools/pkg_0182_evidence.gd when callable without required args	critical state also represented visually/textually by contract	PASS
create_memory_injection_lever_sound	scripts/audio/procedural_audio.gd:3250		mapped by source-reference scan; Master bus	interaction	measured by tools/pkg_0182_evidence.gd when callable without required args	measured by tools/pkg_0182_evidence.gd when callable without required args	measured by tools/pkg_0182_evidence.gd when callable without required args	critical state also represented visually/textually by contract	PASS
create_station37_broadcast_gate_sound	scripts/audio/procedural_audio.gd:3263		mapped by source-reference scan; Master bus	interaction	measured by tools/pkg_0182_evidence.gd when callable without required args	measured by tools/pkg_0182_evidence.gd when callable without required args	measured by tools/pkg_0182_evidence.gd when callable without required args	critical state also represented visually/textually by contract	PASS
create_accident_field_distortion_sound	scripts/audio/procedural_audio.gd:3277		mapped by source-reference scan; Master bus	interaction	measured by tools/pkg_0182_evidence.gd when callable without required args	measured by tools/pkg_0182_evidence.gd when callable without required args	measured by tools/pkg_0182_evidence.gd when callable without required args	critical state also represented visually/textually by contract	PASS
create_jakub_destabilization_hum_sound	scripts/audio/procedural_audio.gd:3291		mapped by source-reference scan; Master bus	ambience	measured by tools/pkg_0182_evidence.gd when callable without required args	measured by tools/pkg_0182_evidence.gd when callable without required args	measured by tools/pkg_0182_evidence.gd when callable without required args	critical state also represented visually/textually by contract	PASS
create_rescue_tether_chime_sound	scripts/audio/procedural_audio.gd:3305		mapped by source-reference scan; Master bus	interaction	measured by tools/pkg_0182_evidence.gd when callable without required args	measured by tools/pkg_0182_evidence.gd when callable without required args	measured by tools/pkg_0182_evidence.gd when callable without required args	critical state also represented visually/textually by contract	PASS
create_coordinate_calculator_click_sound	scripts/audio/procedural_audio.gd:3317		mapped by source-reference scan; Master bus	interaction	measured by tools/pkg_0182_evidence.gd when callable without required args	measured by tools/pkg_0182_evidence.gd when callable without required args	measured by tools/pkg_0182_evidence.gd when callable without required args	critical state also represented visually/textually by contract	PASS
create_station38_reference_vault_door_sound	scripts/audio/procedural_audio.gd:3329		mapped by source-reference scan; Master bus	interaction	measured by tools/pkg_0182_evidence.gd when callable without required args	measured by tools/pkg_0182_evidence.gd when callable without required args	measured by tools/pkg_0182_evidence.gd when callable without required args	critical state also represented visually/textually by contract	PASS
create_reference_core_harmonics_sound	scripts/audio/procedural_audio.gd:3343		mapped by source-reference scan; Master bus	interaction	measured by tools/pkg_0182_evidence.gd when callable without required args	measured by tools/pkg_0182_evidence.gd when callable without required args	measured by tools/pkg_0182_evidence.gd when callable without required args	critical state also represented visually/textually by contract	PASS
create_branch_configuration_a_sound	scripts/audio/procedural_audio.gd:3358		mapped by source-reference scan; Master bus	interaction	measured by tools/pkg_0182_evidence.gd when callable without required args	measured by tools/pkg_0182_evidence.gd when callable without required args	measured by tools/pkg_0182_evidence.gd when callable without required args	critical state also represented visually/textually by contract	PASS
create_branch_configuration_b_sound	scripts/audio/procedural_audio.gd:3372		mapped by source-reference scan; Master bus	interaction	measured by tools/pkg_0182_evidence.gd when callable without required args	measured by tools/pkg_0182_evidence.gd when callable without required args	measured by tools/pkg_0182_evidence.gd when callable without required args	critical state also represented visually/textually by contract	PASS
create_branch_configuration_c_sound	scripts/audio/procedural_audio.gd:3386		mapped by source-reference scan; Master bus	interaction	measured by tools/pkg_0182_evidence.gd when callable without required args	measured by tools/pkg_0182_evidence.gd when callable without required args	measured by tools/pkg_0182_evidence.gd when callable without required args	critical state also represented visually/textually by contract	PASS
create_station39_act4_gateway_sound	scripts/audio/procedural_audio.gd:3401		mapped by source-reference scan; Master bus	interaction	measured by tools/pkg_0182_evidence.gd when callable without required args	measured by tools/pkg_0182_evidence.gd when callable without required args	measured by tools/pkg_0182_evidence.gd when callable without required args	critical state also represented visually/textually by contract	PASS
create_wierzbicka_personal_terminal_sound	scripts/audio/procedural_audio.gd:3415		mapped by source-reference scan; Master bus	interaction	measured by tools/pkg_0182_evidence.gd when callable without required args	measured by tools/pkg_0182_evidence.gd when callable without required args	measured by tools/pkg_0182_evidence.gd when callable without required args	critical state also represented visually/textually by contract	PASS
create_marta_witness_presence_sound	scripts/audio/procedural_audio.gd:3430		mapped by source-reference scan; Master bus	interaction	measured by tools/pkg_0182_evidence.gd when callable without required args	measured by tools/pkg_0182_evidence.gd when callable without required args	measured by tools/pkg_0182_evidence.gd when callable without required args	critical state also represented visually/textually by contract	PASS
create_szymon_transmission_feed_sound	scripts/audio/procedural_audio.gd:3445		mapped by source-reference scan; Master bus	interaction	measured by tools/pkg_0182_evidence.gd when callable without required args	measured by tools/pkg_0182_evidence.gd when callable without required args	measured by tools/pkg_0182_evidence.gd when callable without required args	critical state also represented visually/textually by contract	PASS
create_cost_dossier_matrix_sound	scripts/audio/procedural_audio.gd:3460		mapped by source-reference scan; Master bus	interaction	measured by tools/pkg_0182_evidence.gd when callable without required args	measured by tools/pkg_0182_evidence.gd when callable without required args	measured by tools/pkg_0182_evidence.gd when callable without required args	critical state also represented visually/textually by contract	PASS
create_station40_final_chamber_gate_sound	scripts/audio/procedural_audio.gd:3477		mapped by source-reference scan; Master bus	interaction	measured by tools/pkg_0182_evidence.gd when callable without required args	measured by tools/pkg_0182_evidence.gd when callable without required args	measured by tools/pkg_0182_evidence.gd when callable without required args	critical state also represented visually/textually by contract	PASS
create_operation_return_execution_sound	scripts/audio/procedural_audio.gd:3491		mapped by source-reference scan; Master bus	interaction	measured by tools/pkg_0182_evidence.gd when callable without required args	measured by tools/pkg_0182_evidence.gd when callable without required args	measured by tools/pkg_0182_evidence.gd when callable without required args	critical state also represented visually/textually by contract	PASS
create_operation_reconciliation_execution_sound	scripts/audio/procedural_audio.gd:3508		mapped by source-reference scan; Master bus	interaction	measured by tools/pkg_0182_evidence.gd when callable without required args	measured by tools/pkg_0182_evidence.gd when callable without required args	measured by tools/pkg_0182_evidence.gd when callable without required args	critical state also represented visually/textually by contract	PASS
create_operation_testimony_execution_sound	scripts/audio/procedural_audio.gd:3525		mapped by source-reference scan; Master bus	interaction	measured by tools/pkg_0182_evidence.gd when callable without required args	measured by tools/pkg_0182_evidence.gd when callable without required args	measured by tools/pkg_0182_evidence.gd when callable without required args	critical state also represented visually/textually by contract	PASS
create_operation_console_engage_sound	scripts/audio/procedural_audio.gd:3542		mapped by source-reference scan; Master bus	interaction	measured by tools/pkg_0182_evidence.gd when callable without required args	measured by tools/pkg_0182_evidence.gd when callable without required args	measured by tools/pkg_0182_evidence.gd when callable without required args	critical state also represented visually/textually by contract	PASS
create_station41_act4_resolution_gate_sound	scripts/audio/procedural_audio.gd:3558		mapped by source-reference scan; Master bus	interaction	measured by tools/pkg_0182_evidence.gd when callable without required args	measured by tools/pkg_0182_evidence.gd when callable without required args	measured by tools/pkg_0182_evidence.gd when callable without required args	critical state also represented visually/textually by contract	PASS
create_epilogue_radio_announcement_sound	scripts/audio/procedural_audio.gd:3573		mapped by source-reference scan; Master bus	interaction	measured by tools/pkg_0182_evidence.gd when callable without required args	measured by tools/pkg_0182_evidence.gd when callable without required args	measured by tools/pkg_0182_evidence.gd when callable without required args	critical state also represented visually/textually by contract	PASS
create_epilogue_cup_clink_sound	scripts/audio/procedural_audio.gd:3588		mapped by source-reference scan; Master bus	interaction	measured by tools/pkg_0182_evidence.gd when callable without required args	measured by tools/pkg_0182_evidence.gd when callable without required args	measured by tools/pkg_0182_evidence.gd when callable without required args	critical state also represented visually/textually by contract	PASS
create_epilogue_tram_switch_latch_sound	scripts/audio/procedural_audio.gd:3604		mapped by source-reference scan; Master bus	interaction	measured by tools/pkg_0182_evidence.gd when callable without required args	measured by tools/pkg_0182_evidence.gd when callable without required args	measured by tools/pkg_0182_evidence.gd when callable without required args	critical state also represented visually/textually by contract	PASS
create_epilogue_credits_drone_sound	scripts/audio/procedural_audio.gd:3618		mapped by source-reference scan; Master bus	ambience	measured by tools/pkg_0182_evidence.gd when callable without required args	measured by tools/pkg_0182_evidence.gd when callable without required args	measured by tools/pkg_0182_evidence.gd when callable without required args	critical state also represented visually/textually by contract	PASS
create_epilogue_final_carrier_sound	scripts/audio/procedural_audio.gd:3633		mapped by source-reference scan; Master bus	interaction	measured by tools/pkg_0182_evidence.gd when callable without required args	measured by tools/pkg_0182_evidence.gd when callable without required args	measured by tools/pkg_0182_evidence.gd when callable without required args	critical state also represented visually/textually by contract	PASS
create_magnetic_resonance_hum_sound	scripts/audio/procedural_audio.gd:3646		mapped by source-reference scan; Master bus	ambience	measured by tools/pkg_0182_evidence.gd when callable without required args	measured by tools/pkg_0182_evidence.gd when callable without required args	measured by tools/pkg_0182_evidence.gd when callable without required args	critical state also represented visually/textually by contract	PASS
create_barkhausen_noise_sound	scripts/audio/procedural_audio.gd:3663		mapped by source-reference scan; Master bus	interaction	measured by tools/pkg_0182_evidence.gd when callable without required args	measured by tools/pkg_0182_evidence.gd when callable without required args	measured by tools/pkg_0182_evidence.gd when callable without required args	critical state also represented visually/textually by contract	PASS
create_llg_precession_whistle_sound	scripts/audio/procedural_audio.gd:3678		mapped by source-reference scan; Master bus	interaction	measured by tools/pkg_0182_evidence.gd when callable without required args	measured by tools/pkg_0182_evidence.gd when callable without required args	measured by tools/pkg_0182_evidence.gd when callable without required args	critical state also represented visually/textually by contract	PASS
create_ferrimagnetic_switch_sound	scripts/audio/procedural_audio.gd:3694		mapped by source-reference scan; Master bus	interaction	measured by tools/pkg_0182_evidence.gd when callable without required args	measured by tools/pkg_0182_evidence.gd when callable without required args	measured by tools/pkg_0182_evidence.gd when callable without required args	critical state also represented visually/textually by contract	PASS
create_onsager_thermoelectric_whistle_sound	scripts/audio/procedural_audio.gd:3709		mapped by source-reference scan; Master bus	interaction	measured by tools/pkg_0182_evidence.gd when callable without required args	measured by tools/pkg_0182_evidence.gd when callable without required args	measured by tools/pkg_0182_evidence.gd when callable without required args	critical state also represented visually/textually by contract	PASS
create_entropy_production_pulse_sound	scripts/audio/procedural_audio.gd:3726		mapped by source-reference scan; Master bus	interaction	measured by tools/pkg_0182_evidence.gd when callable without required args	measured by tools/pkg_0182_evidence.gd when callable without required args	measured by tools/pkg_0182_evidence.gd when callable without required args	critical state also represented visually/textually by contract	PASS
create_prigogine_relaxation_snap_sound	scripts/audio/procedural_audio.gd:3743		mapped by source-reference scan; Master bus	interaction	measured by tools/pkg_0182_evidence.gd when callable without required args	measured by tools/pkg_0182_evidence.gd when callable without required args	measured by tools/pkg_0182_evidence.gd when callable without required args	critical state also represented visually/textually by contract	PASS
create_thermal_fluctuation_noise_sound	scripts/audio/procedural_audio.gd:3758		mapped by source-reference scan; Master bus	interaction	measured by tools/pkg_0182_evidence.gd when callable without required args	measured by tools/pkg_0182_evidence.gd when callable without required args	measured by tools/pkg_0182_evidence.gd when callable without required args	critical state also represented visually/textually by contract	PASS
create_quantum_vacuum_whistle_sound	scripts/audio/procedural_audio.gd:3774		mapped by source-reference scan; Master bus	interaction	measured by tools/pkg_0182_evidence.gd when callable without required args	measured by tools/pkg_0182_evidence.gd when callable without required args	measured by tools/pkg_0182_evidence.gd when callable without required args	critical state also represented visually/textually by contract	PASS
create_casimir_cavity_hiss_sound	scripts/audio/procedural_audio.gd:3791		mapped by source-reference scan; Master bus	interaction	measured by tools/pkg_0182_evidence.gd when callable without required args	measured by tools/pkg_0182_evidence.gd when callable without required args	measured by tools/pkg_0182_evidence.gd when callable without required args	critical state also represented visually/textually by contract	PASS
create_negative_energy_pulse_sound	scripts/audio/procedural_audio.gd:3807		mapped by source-reference scan; Master bus	interaction	measured by tools/pkg_0182_evidence.gd when callable without required args	measured by tools/pkg_0182_evidence.gd when callable without required args	measured by tools/pkg_0182_evidence.gd when callable without required args	critical state also represented visually/textually by contract	PASS
create_lifshitz_retarded_snap_sound	scripts/audio/procedural_audio.gd:3823		mapped by source-reference scan; Master bus	interaction	measured by tools/pkg_0182_evidence.gd when callable without required args	measured by tools/pkg_0182_evidence.gd when callable without required args	measured by tools/pkg_0182_evidence.gd when callable without required args	critical state also represented visually/textually by contract	PASS
create_cooling_chamber_drone_sound	scripts/audio/procedural_audio.gd:3839		mapped by source-reference scan; Master bus	ambience	measured by tools/pkg_0182_evidence.gd when callable without required args	measured by tools/pkg_0182_evidence.gd when callable without required args	measured by tools/pkg_0182_evidence.gd when callable without required args	critical state also represented visually/textually by contract	PASS
create_high_voltage_hum_sound	scripts/audio/procedural_audio.gd:3855		mapped by source-reference scan; Master bus	ambience	measured by tools/pkg_0182_evidence.gd when callable without required args	measured by tools/pkg_0182_evidence.gd when callable without required args	measured by tools/pkg_0182_evidence.gd when callable without required args	critical state also represented visually/textually by contract	PASS
create_hydraulic_echo_sound	scripts/audio/procedural_audio.gd:3871		mapped by source-reference scan; Master bus	interaction	measured by tools/pkg_0182_evidence.gd when callable without required args	measured by tools/pkg_0182_evidence.gd when callable without required args	measured by tools/pkg_0182_evidence.gd when callable without required args	critical state also represented visually/textually by contract	PASS
create_substructure_ambient_sound	scripts/audio/procedural_audio.gd:3907		mapped by source-reference scan; Master bus	ambience	measured by tools/pkg_0182_evidence.gd when callable without required args	measured by tools/pkg_0182_evidence.gd when callable without required args	measured by tools/pkg_0182_evidence.gd when callable without required args	critical state also represented visually/textually by contract	PASS
create_finale_42a_forced_return_sound	scripts/audio/procedural_audio.gd:3922		mapped by source-reference scan; Master bus	interaction	measured by tools/pkg_0182_evidence.gd when callable without required args	measured by tools/pkg_0182_evidence.gd when callable without required args	measured by tools/pkg_0182_evidence.gd when callable without required args	critical state also represented visually/textually by contract	PASS
create_finale_42b_closure_sound	scripts/audio/procedural_audio.gd:3939		mapped by source-reference scan; Master bus	interaction	measured by tools/pkg_0182_evidence.gd when callable without required args	measured by tools/pkg_0182_evidence.gd when callable without required args	measured by tools/pkg_0182_evidence.gd when callable without required args	critical state also represented visually/textually by contract	PASS
create_finale_42c_reciprocal_passage_sound	scripts/audio/procedural_audio.gd:3955		mapped by source-reference scan; Master bus	interaction	measured by tools/pkg_0182_evidence.gd when callable without required args	measured by tools/pkg_0182_evidence.gd when callable without required args	measured by tools/pkg_0182_evidence.gd when callable without required args	critical state also represented visually/textually by contract	PASS
create_unease_tinnitus_sound	scripts/audio/procedural_audio.gd:3975		mapped by source-reference scan; Master bus	interaction	measured by tools/pkg_0182_evidence.gd when callable without required args	measured by tools/pkg_0182_evidence.gd when callable without required args	measured by tools/pkg_0182_evidence.gd when callable without required args	critical state also represented visually/textually by contract	PASS
create_residential_ambience_sound	scripts/audio/procedural_audio.gd:3989		mapped by source-reference scan; Master bus	interaction	measured by tools/pkg_0182_evidence.gd when callable without required args	measured by tools/pkg_0182_evidence.gd when callable without required args	measured by tools/pkg_0182_evidence.gd when callable without required args	critical state also represented visually/textually by contract	PASS
create_terminal_hum_sound	scripts/audio/procedural_audio.gd:4003		mapped by source-reference scan; Master bus	ambience	measured by tools/pkg_0182_evidence.gd when callable without required args	measured by tools/pkg_0182_evidence.gd when callable without required args	measured by tools/pkg_0182_evidence.gd when callable without required args	critical state also represented visually/textually by contract	PASS
create_tunnel_rumble_sound	scripts/audio/procedural_audio.gd:4017		mapped by source-reference scan; Master bus	interaction	measured by tools/pkg_0182_evidence.gd when callable without required args	measured by tools/pkg_0182_evidence.gd when callable without required args	measured by tools/pkg_0182_evidence.gd when callable without required args	critical state also represented visually/textually by contract	PASS
create_dawn_quietude_sound	scripts/audio/procedural_audio.gd:4031		mapped by source-reference scan; Master bus	interaction	measured by tools/pkg_0182_evidence.gd when callable without required args	measured by tools/pkg_0182_evidence.gd when callable without required args	measured by tools/pkg_0182_evidence.gd when callable without required args	critical state also represented visually/textually by contract	PASS
create_footstep_terrazzo_sound	scripts/audio/procedural_audio.gd:4052		mapped by source-reference scan; Master bus	foley	measured by tools/pkg_0182_evidence.gd when callable without required args	measured by tools/pkg_0182_evidence.gd when callable without required args	measured by tools/pkg_0182_evidence.gd when callable without required args	critical state also represented visually/textually by contract	PASS
create_footstep_wet_asphalt_sound	scripts/audio/procedural_audio.gd:4065		mapped by source-reference scan; Master bus	foley	measured by tools/pkg_0182_evidence.gd when callable without required args	measured by tools/pkg_0182_evidence.gd when callable without required args	measured by tools/pkg_0182_evidence.gd when callable without required args	critical state also represented visually/textually by contract	PASS
create_footstep_steel_grating_sound	scripts/audio/procedural_audio.gd:4081		mapped by source-reference scan; Master bus	foley	measured by tools/pkg_0182_evidence.gd when callable without required args	measured by tools/pkg_0182_evidence.gd when callable without required args	measured by tools/pkg_0182_evidence.gd when callable without required args	critical state also represented visually/textually by contract	PASS
create_footstep_hollow_deck_sound	scripts/audio/procedural_audio.gd:4094		mapped by source-reference scan; Master bus	foley	measured by tools/pkg_0182_evidence.gd when callable without required args	measured by tools/pkg_0182_evidence.gd when callable without required args	measured by tools/pkg_0182_evidence.gd when callable without required args	critical state also represented visually/textually by contract	PASS
create_surface_land_sound	scripts/audio/procedural_audio.gd:4107	surface_type: int	mapped by source-reference scan; Master bus	foley	measured by tools/pkg_0182_evidence.gd when callable without required args	measured by tools/pkg_0182_evidence.gd when callable without required args	measured by tools/pkg_0182_evidence.gd when callable without required args	critical state also represented visually/textually by contract	PASS
create_dialogue_lena_blip_sound	scripts/audio/procedural_audio.gd:4129		mapped by source-reference scan; Master bus	interaction	measured by tools/pkg_0182_evidence.gd when callable without required args	measured by tools/pkg_0182_evidence.gd when callable without required args	measured by tools/pkg_0182_evidence.gd when callable without required args	critical state also represented visually/textually by contract	PASS
create_dialogue_wierzbicka_blip_sound	scripts/audio/procedural_audio.gd:4142		mapped by source-reference scan; Master bus	interaction	measured by tools/pkg_0182_evidence.gd when callable without required args	measured by tools/pkg_0182_evidence.gd when callable without required args	measured by tools/pkg_0182_evidence.gd when callable without required args	critical state also represented visually/textually by contract	PASS
create_dialogue_system_blip_sound	scripts/audio/procedural_audio.gd:4158		mapped by source-reference scan; Master bus	interaction	measured by tools/pkg_0182_evidence.gd when callable without required args	measured by tools/pkg_0182_evidence.gd when callable without required args	measured by tools/pkg_0182_evidence.gd when callable without required args	critical state also represented visually/textually by contract	PASS
create_dialogue_blip_for_speaker	scripts/audio/procedural_audio.gd:4173	speaker: Variant	mapped by source-reference scan; Master bus	interaction	measured by tools/pkg_0182_evidence.gd when callable without required args	measured by tools/pkg_0182_evidence.gd when callable without required args	measured by tools/pkg_0182_evidence.gd when callable without required args	critical state also represented visually/textually by contract	PASS
create_act1_fluorescent_ballast_hum_sound	scripts/audio/procedural_audio.gd:4190		mapped by source-reference scan; Master bus	ambience	measured by tools/pkg_0182_evidence.gd when callable without required args	measured by tools/pkg_0182_evidence.gd when callable without required args	measured by tools/pkg_0182_evidence.gd when callable without required args	critical state also represented visually/textually by contract	PASS
create_act1_rain_ambience_sound	scripts/audio/procedural_audio.gd:4206		mapped by source-reference scan; Master bus	interaction	measured by tools/pkg_0182_evidence.gd when callable without required args	measured by tools/pkg_0182_evidence.gd when callable without required args	measured by tools/pkg_0182_evidence.gd when callable without required args	critical state also represented visually/textually by contract	PASS
create_bakelite_telephone_ring_sound	scripts/audio/procedural_audio.gd:4220		mapped by source-reference scan; Master bus	interaction	measured by tools/pkg_0182_evidence.gd when callable without required args	measured by tools/pkg_0182_evidence.gd when callable without required args	measured by tools/pkg_0182_evidence.gd when callable without required args	critical state also represented visually/textually by contract	PASS
create_institutional_hvac_ambient_sound	scripts/audio/procedural_audio.gd:4234		mapped by source-reference scan; Master bus	ambience	measured by tools/pkg_0182_evidence.gd when callable without required args	measured by tools/pkg_0182_evidence.gd when callable without required args	measured by tools/pkg_0182_evidence.gd when callable without required args	critical state also represented visually/textually by contract	PASS
create_linoleum_corridor_resonance_sound	scripts/audio/procedural_audio.gd:4248		mapped by source-reference scan; Master bus	ambience	measured by tools/pkg_0182_evidence.gd when callable without required args	measured by tools/pkg_0182_evidence.gd when callable without required args	measured by tools/pkg_0182_evidence.gd when callable without required args	critical state also represented visually/textually by contract	PASS
create_teletype_relay_ambience_sound	scripts/audio/procedural_audio.gd:4263		mapped by source-reference scan; Master bus	interaction	measured by tools/pkg_0182_evidence.gd when callable without required args	measured by tools/pkg_0182_evidence.gd when callable without required args	measured by tools/pkg_0182_evidence.gd when callable without required args	critical state also represented visually/textually by contract	PASS
create_magnetic_latch_sterile_sound	scripts/audio/procedural_audio.gd:4279		mapped by source-reference scan; Master bus	interaction	measured by tools/pkg_0182_evidence.gd when callable without required args	measured by tools/pkg_0182_evidence.gd when callable without required args	measured by tools/pkg_0182_evidence.gd when callable without required args	critical state also represented visually/textually by contract	PASS
create_transformer_infrasound_sound	scripts/audio/procedural_audio.gd:4292		mapped by source-reference scan; Master bus	interaction	measured by tools/pkg_0182_evidence.gd when callable without required args	measured by tools/pkg_0182_evidence.gd when callable without required args	measured by tools/pkg_0182_evidence.gd when callable without required args	critical state also represented visually/textually by contract	PASS
create_shaft_water_drip_echo_sound	scripts/audio/procedural_audio.gd:4307		mapped by source-reference scan; Master bus	interaction	measured by tools/pkg_0182_evidence.gd when callable without required args	measured by tools/pkg_0182_evidence.gd when callable without required args	measured by tools/pkg_0182_evidence.gd when callable without required args	critical state also represented visually/textually by contract	PASS
create_tempered_glass_resonance_sound	scripts/audio/procedural_audio.gd:4328		mapped by source-reference scan; Master bus	ambience	measured by tools/pkg_0182_evidence.gd when callable without required args	measured by tools/pkg_0182_evidence.gd when callable without required args	measured by tools/pkg_0182_evidence.gd when callable without required args	critical state also represented visually/textually by contract	PASS
create_riveted_catwalk_creak_sound	scripts/audio/procedural_audio.gd:4344		mapped by source-reference scan; Master bus	interaction	measured by tools/pkg_0182_evidence.gd when callable without required args	measured by tools/pkg_0182_evidence.gd when callable without required args	measured by tools/pkg_0182_evidence.gd when callable without required args	critical state also represented visually/textually by contract	PASS
create_correction_tension_swell_sound	scripts/audio/procedural_audio.gd:4358		mapped by source-reference scan; Master bus	interaction	measured by tools/pkg_0182_evidence.gd when callable without required args	measured by tools/pkg_0182_evidence.gd when callable without required args	measured by tools/pkg_0182_evidence.gd when callable without required args	critical state also represented visually/textually by contract	PASS
create_tri_path_resonance_sound	scripts/audio/procedural_audio.gd:4373		mapped by source-reference scan; Master bus	ambience	measured by tools/pkg_0182_evidence.gd when callable without required args	measured by tools/pkg_0182_evidence.gd when callable without required args	measured by tools/pkg_0182_evidence.gd when callable without required args	critical state also represented visually/textually by contract	PASS
create_anchor_grip_sound	scripts/audio/procedural_audio.gd:4404		mapped by source-reference scan; Master bus	interaction	measured by tools/pkg_0182_evidence.gd when callable without required args	measured by tools/pkg_0182_evidence.gd when callable without required args	measured by tools/pkg_0182_evidence.gd when callable without required args	critical state also represented visually/textually by contract	PASS
create_anchor_sustain_tone_sound	scripts/audio/procedural_audio.gd:4418		mapped by source-reference scan; Master bus	interaction	measured by tools/pkg_0182_evidence.gd when callable without required args	measured by tools/pkg_0182_evidence.gd when callable without required args	measured by tools/pkg_0182_evidence.gd when callable without required args	critical state also represented visually/textually by contract	PASS
create_anchor_release_sound	scripts/audio/procedural_audio.gd:4431		mapped by source-reference scan; Master bus	interaction	measured by tools/pkg_0182_evidence.gd when callable without required args	measured by tools/pkg_0182_evidence.gd when callable without required args	measured by tools/pkg_0182_evidence.gd when callable without required args	critical state also represented visually/textually by contract	PASS
create_yield_collapse_sound	scripts/audio/procedural_audio.gd:4445		mapped by source-reference scan; Master bus	interaction	measured by tools/pkg_0182_evidence.gd when callable without required args	measured by tools/pkg_0182_evidence.gd when callable without required args	measured by tools/pkg_0182_evidence.gd when callable without required args	critical state also represented visually/textually by contract	PASS
create_prop_drag_scrape_sound	scripts/audio/procedural_audio.gd:4460		mapped by source-reference scan; Master bus	interaction	measured by tools/pkg_0182_evidence.gd when callable without required args	measured by tools/pkg_0182_evidence.gd when callable without required args	measured by tools/pkg_0182_evidence.gd when callable without required args	critical state also represented visually/textually by contract	PASS
create_contact_tap_sound	scripts/audio/procedural_audio.gd:4473		mapped by source-reference scan; Master bus	interaction	measured by tools/pkg_0182_evidence.gd when callable without required args	measured by tools/pkg_0182_evidence.gd when callable without required args	measured by tools/pkg_0182_evidence.gd when callable without required args	critical state also represented visually/textually by contract	PASS
create_switch_detent_sound	scripts/audio/procedural_audio.gd:4485		mapped by source-reference scan; Master bus	interaction	measured by tools/pkg_0182_evidence.gd when callable without required args	measured by tools/pkg_0182_evidence.gd when callable without required args	measured by tools/pkg_0182_evidence.gd when callable without required args	critical state also represented visually/textually by contract	PASS
create_probe_brush_sound	scripts/audio/procedural_audio.gd:4502		mapped by source-reference scan; Master bus	interaction	measured by tools/pkg_0182_evidence.gd when callable without required args	measured by tools/pkg_0182_evidence.gd when callable without required args	measured by tools/pkg_0182_evidence.gd when callable without required args	critical state also represented visually/textually by contract	PASS
create_outdoor_viaduct_wind_sound	scripts/audio/procedural_audio.gd:4516		mapped by source-reference scan; Master bus	ambience	measured by tools/pkg_0182_evidence.gd when callable without required args	measured by tools/pkg_0182_evidence.gd when callable without required args	measured by tools/pkg_0182_evidence.gd when callable without required args	critical state also represented visually/textually by contract	PASS
create_outdoor_perimeter_wind_sound	scripts/audio/procedural_audio.gd:4531		mapped by source-reference scan; Master bus	ambience	measured by tools/pkg_0182_evidence.gd when callable without required args	measured by tools/pkg_0182_evidence.gd when callable without required args	measured by tools/pkg_0182_evidence.gd when callable without required args	critical state also represented visually/textually by contract	PASS
create_subterranean_substation_resonance_sound	scripts/audio/procedural_audio.gd:4546		mapped by source-reference scan; Master bus	ambience	measured by tools/pkg_0182_evidence.gd when callable without required args	measured by tools/pkg_0182_evidence.gd when callable without required args	measured by tools/pkg_0182_evidence.gd when callable without required args	critical state also represented visually/textually by contract	PASS
create_signal_vault_resonance_sound	scripts/audio/procedural_audio.gd:4562		mapped by source-reference scan; Master bus	ambience	measured by tools/pkg_0182_evidence.gd when callable without required args	measured by tools/pkg_0182_evidence.gd when callable without required args	measured by tools/pkg_0182_evidence.gd when callable without required args	critical state also represented visually/textually by contract	PASS
create_analyzer_cooling_conduit_drone_sound	scripts/audio/procedural_audio.gd:4577		mapped by source-reference scan; Master bus	ambience	measured by tools/pkg_0182_evidence.gd when callable without required args	measured by tools/pkg_0182_evidence.gd when callable without required args	measured by tools/pkg_0182_evidence.gd when callable without required args	critical state also represented visually/textually by contract	PASS
create_archive_ledger_resonance_sound	scripts/audio/procedural_audio.gd:4592		mapped by source-reference scan; Master bus	ambience	measured by tools/pkg_0182_evidence.gd when callable without required args	measured by tools/pkg_0182_evidence.gd when callable without required args	measured by tools/pkg_0182_evidence.gd when callable without required args	critical state also represented visually/textually by contract	PASS
create_dawn_river_ambience_sound	scripts/audio/procedural_audio.gd:4607		mapped by source-reference scan; Master bus	interaction	measured by tools/pkg_0182_evidence.gd when callable without required args	measured by tools/pkg_0182_evidence.gd when callable without required args	measured by tools/pkg_0182_evidence.gd when callable without required args	critical state also represented visually/textually by contract	PASS
