id	source	locale	speaker	address	moment	function	knowledge_chronology	status	text
TXT-00001	scenes\levels\station_01.tscn:63	pl	SYSTEM_OR_UNLABELED	01	source-defined	visible-or-localized-string-candidate	pre-mechanic-reveal	PASS	Jeszcze jeden odczyt drgań przy Linii 4. Potem jadę do Marty.
TXT-00002	scenes\levels\station_01.tscn:68	pl	LENA	01	source-defined	visible-or-localized-string-candidate	pre-mechanic-reveal	PASS	DIAGNOSTYKA DRGAŃ // LENA WOLSKA
TXT-00003	scenes\levels\station_01.tscn:75	pl	SYSTEM_OR_UNLABELED	01	source-defined	visible-or-localized-string-candidate	pre-mechanic-reveal	PASS	ODCZYT DRGAŃ // LINIA 4
TXT-00004	scenes\levels\station_02.tscn:61	pl	SYSTEM_OR_UNLABELED	02	source-defined	visible-or-localized-string-candidate	pre-mechanic-reveal	PASS	Skrót zamknęli do robót. Nasyp serwisowy prowadzi na przystanek.
TXT-00005	scenes\levels\station_02.tscn:66	und	SYSTEM_OR_UNLABELED	02	source-defined	visible-or-localized-string-candidate	pre-mechanic-reveal	PASS	ROBOTY W TOKU // OBJAZD 12 MIN
TXT-00006	scenes\levels\station_02.tscn:110	und	SYSTEM_OR_UNLABELED	02	source-defined	visible-or-localized-string-candidate	pre-mechanic-reveal	PASS	Drabina nasypu serwisowego
TXT-00007	scenes\levels\station_03.tscn:57	pl	MARTA	03	source-defined	visible-or-localized-string-candidate	pre-mechanic-reveal	PASS	Przystanek Linii 4. Marta czeka; kurs ma przyjechać za trzy minuty.
TXT-00008	scenes\levels\station_03.tscn:62	und	SYSTEM_OR_UNLABELED	03	source-defined	visible-or-localized-string-candidate	pre-mechanic-reveal	PASS	LINIA 4 // 20:47 // ZA 3 MIN
TXT-00009	scenes\levels\station_04.tscn:54	pl	MARTA	04	source-defined	visible-or-localized-string-candidate	pre-mechanic-reveal	PASS	Wagon jedzie. Marta nadal czeka, a czytnik nie chce puścić Linii 4.
TXT-00010	scenes\levels\station_04.tscn:59	und	MARTA	04	source-defined	visible-or-localized-string-candidate	pre-mechanic-reveal	PASS	MARTA // CZEKA W DOMU
TXT-00011	scenes\levels\station_05.tscn:54	und	SYSTEM_OR_UNLABELED	05	source-defined	visible-or-localized-string-candidate	pre-mechanic-reveal	PASS	Moja ulica. Za rogiem Sadowa i dom.
TXT-00012	scenes\levels\station_05.tscn:59	und	SYSTEM_OR_UNLABELED	05	source-defined	visible-or-localized-string-candidate	pre-mechanic-reveal	PASS	UL. WIEJSKA // KIERUNEK SADOWA
TXT-00013	scenes\levels\station_05.tscn:66	pl	SYSTEM_OR_UNLABELED	05	source-defined	visible-or-localized-string-candidate	pre-mechanic-reveal	PASS	PRZEJŚCIE DLA PIESZYCH // SYGNALIZACJA SPRAWNA
TXT-00014	scenes\levels\station_06.tscn:54	pl	SYSTEM_OR_UNLABELED	06	source-defined	visible-or-localized-string-candidate	pre-mechanic-reveal	PASS	Kiosk i rozkład. Kupię wodę i sprawdzę godziny.
TXT-00015	scenes\levels\station_06.tscn:59	pl	SYSTEM_OR_UNLABELED	06	source-defined	visible-or-localized-string-candidate	pre-mechanic-reveal	PASS	KIOSK // PRASA • NAPOJE • ROZKŁADY
TXT-00016	scenes\levels\station_06.tscn:66	pl	SYSTEM_OR_UNLABELED	06	source-defined	visible-or-localized-string-candidate	pre-mechanic-reveal	PASS	ROZKŁAD JAZDY // LINIA 4: SADOWA 14
TXT-00017	scenes\levels\station_07.tscn:60	pl	SYSTEM_OR_UNLABELED	07	source-defined	visible-or-localized-string-candidate	pre-mechanic-reveal	PASS	Sadowa. Tabliczka na murze mówi 14, moje dokumenty mówią 12.
TXT-00018	scenes\levels\station_07.tscn:62	und	SYSTEM_OR_UNLABELED	07	source-defined	visible-or-localized-string-candidate	pre-mechanic-reveal	PASS	CrispDiegeticText_Façade
TXT-00019	scenes\levels\station_07.tscn:65	und	SYSTEM_OR_UNLABELED	07	source-defined	visible-or-localized-string-candidate	pre-mechanic-reveal	PASS	KAMIENICA MIESZKALNA // UL. SADOWA 14
TXT-00020	scenes\levels\station_07.tscn:72	pl	SYSTEM_OR_UNLABELED	07	source-defined	visible-or-localized-string-candidate	pre-mechanic-reveal	PASS	DOKUMENT SŁUŻBOWY // ZAMELDOWANIE: SADOWA 12
TXT-00021	scenes\levels\station_07.tscn:79	und	SYSTEM_OR_UNLABELED	07	source-defined	visible-or-localized-string-candidate	pre-mechanic-reveal	PASS	DOMOFON // 12: KOWALCZYK • 14: WOLSKA / KOWALSKA
TXT-00022	scenes\levels\station_08.tscn:69	pl	SYSTEM_OR_UNLABELED	08	source-defined	visible-or-localized-string-candidate	pre-mechanic-reveal	PASS	Klatka schodowa. Ciepłe światło, zapach herbaty zza drzwi.
TXT-00023	scenes\levels\station_08.tscn:74	pl	SYSTEM_OR_UNLABELED	08	source-defined	visible-or-localized-string-candidate	pre-mechanic-reveal	PASS	KLATKA SCHODOWA // PIĘTRO 1
TXT-00024	scenes\levels\station_08.tscn:81	und	SYSTEM_OR_UNLABELED	08	source-defined	visible-or-localized-string-candidate	pre-mechanic-reveal	PASS	12 — KOWALCZYK
TXT-00025	scenes\levels\station_08.tscn:88	und	SYSTEM_OR_UNLABELED	08	source-defined	visible-or-localized-string-candidate	pre-mechanic-reveal	PASS	14 — L. WOLSKA / M. KOWALSKA
TXT-00026	scenes\levels\station_09.tscn:71	pl	SYSTEM_OR_UNLABELED	09	source-defined	visible-or-localized-string-candidate	pre-mechanic-reveal	PASS	Cudzy salon. Dwie filiżanki są jeszcze ciepłe.
TXT-00027	scenes\levels\station_09.tscn:76	und	SYSTEM_OR_UNLABELED	09	source-defined	visible-or-localized-string-candidate	pre-mechanic-reveal	PASS	MIESZKANIE 14 // SALON
TXT-00028	scenes\levels\station_09.tscn:83	pl	SYSTEM_OR_UNLABELED	09	source-defined	visible-or-localized-string-candidate	pre-mechanic-reveal	PASS	DWA NAKRYCIA // JEDEN POWRÓT
TXT-00029	scenes\levels\station_09.tscn:126	und	SYSTEM_OR_UNLABELED	09	source-defined	visible-or-localized-string-candidate	pre-mechanic-reveal	PASS	Donica z fikusem
TXT-00030	scenes\levels\station_09.tscn:155	und	SYSTEM_OR_UNLABELED	09	source-defined	visible-or-localized-string-candidate	pre-mechanic-reveal	PASS	Dwa komplety codziennych rzeczy
TXT-00031	scenes\levels\station_09.tscn:156	pl	SYSTEM_OR_UNLABELED	09	source-defined	visible-or-localized-string-candidate	pre-mechanic-reveal	PASS	Ktoś tu mieszkał przed chwilą
TXT-00032	scenes\levels\station_09.tscn:167	und	SYSTEM_OR_UNLABELED	09	source-defined	visible-or-localized-string-candidate	pre-mechanic-reveal	PASS	Fotografia Marty i Leny
TXT-00033	scenes\levels\station_09.tscn:168	pl	SYSTEM_OR_UNLABELED	09	source-defined	visible-or-localized-string-candidate	pre-mechanic-reveal	PASS	Kadr z innego zwykłego dnia
TXT-00034	scenes\levels\station_09.tscn:179	pl	SYSTEM_OR_UNLABELED	09	source-defined	visible-or-localized-string-candidate	pre-mechanic-reveal	PASS	Zamknięta sypialnia
TXT-00035	scenes\levels\station_09.tscn:180	und	SYSTEM_OR_UNLABELED	09	source-defined	visible-or-localized-string-candidate	pre-mechanic-reveal	PASS	Nie wszystko jest dowodem
TXT-00036	scenes\levels\station_10.tscn:77	pl	SYSTEM_OR_UNLABELED	10	source-defined	visible-or-localized-string-candidate	pre-mechanic-reveal	PASS	Czternaście. Sprawdzę zamek, zanim wejdę.
TXT-00037	scenes\levels\station_10.tscn:89	und	SYSTEM_OR_UNLABELED	10	source-defined	visible-or-localized-string-candidate	pre-mechanic-reveal	PASS	L. WOLSKA
TXT-00038	scenes\levels\station_10.tscn:149	pl	SYSTEM_OR_UNLABELED	10	source-defined	visible-or-localized-string-candidate	pre-mechanic-reveal	PASS	Dwie filiżanki
TXT-00039	scenes\levels\station_10.tscn:150	pl	SYSTEM_OR_UNLABELED	10	source-defined	visible-or-localized-string-candidate	pre-mechanic-reveal	PASS	Woda już się gotuje
TXT-00040	scenes\levels\station_10.tscn:161	und	MARTA	10	source-defined	visible-or-localized-string-candidate	pre-mechanic-reveal	PASS	Marta przy stole
TXT-00041	scenes\levels\station_10.tscn:162	pl	SYSTEM_OR_UNLABELED	10	source-defined	visible-or-localized-string-candidate	pre-mechanic-reveal	PASS	Pamięta inny dzień
TXT-00042	scenes\levels\station_10.tscn:173	und	SYSTEM_OR_UNLABELED	10	source-defined	visible-or-localized-string-candidate	pre-mechanic-reveal	PASS	Telefon Marty
TXT-00043	scenes\levels\station_10.tscn:174	und	SYSTEM_OR_UNLABELED	10	source-defined	visible-or-localized-string-candidate	pre-mechanic-reveal	PASS	Nie odpowie na wszystko
TXT-00044	scenes\levels\station_11.tscn:78	pl	SYSTEM_OR_UNLABELED	11	source-defined	visible-or-localized-string-candidate	pre-mechanic-reveal	PASS	Nie ruszam niczego. Tylko patrzę.
TXT-00045	scenes\levels\station_11.tscn:83	und	SYSTEM_OR_UNLABELED	11	source-defined	visible-or-localized-string-candidate	pre-mechanic-reveal	PASS	ODBITKA 04.11 // LATO
TXT-00046	scenes\levels\station_11.tscn:90	pl	SYSTEM_OR_UNLABELED	11	source-defined	visible-or-localized-string-candidate	pre-mechanic-reveal	PASS	CZYTNIK TERENOWY // ŁADOWANIE 96%
TXT-00047	scenes\levels\station_11.tscn:127	und	SYSTEM_OR_UNLABELED	11	source-defined	visible-or-localized-string-candidate	pre-mechanic-reveal	PASS	Komoda w przedpokoju
TXT-00048	scenes\levels\station_11.tscn:156	pl	SYSTEM_OR_UNLABELED	11	source-defined	visible-or-localized-string-candidate	pre-mechanic-reveal	PASS	Karta służbowa
TXT-00049	scenes\levels\station_11.tscn:157	pl	SYSTEM_OR_UNLABELED	11	source-defined	visible-or-localized-string-candidate	pre-mechanic-reveal	PASS	Numer nie zgadza się z odciskiem
TXT-00050	scenes\levels\station_11.tscn:168	und	SYSTEM_OR_UNLABELED	11	source-defined	visible-or-localized-string-candidate	pre-mechanic-reveal	PASS	Fizyczny rejestr 186 dni
TXT-00051	scenes\levels\station_11.tscn:169	und	SYSTEM_OR_UNLABELED	11	source-defined	visible-or-localized-string-candidate	pre-mechanic-reveal	PASS	Dni robocze zapisane obcym rytmem
TXT-00052	scenes\levels\station_11.tscn:180	und	SYSTEM_OR_UNLABELED	11	source-defined	visible-or-localized-string-candidate	pre-mechanic-reveal	PASS	Okienko raportu
TXT-00053	scenes\levels\station_11.tscn:181	pl	SYSTEM_OR_UNLABELED	11	source-defined	visible-or-localized-string-candidate	pre-mechanic-reveal	PASS	Tylko zakres potrzebny do porównania
TXT-00054	scenes\levels\station_12.tscn:77	pl	SYSTEM_OR_UNLABELED	12	source-defined	visible-or-localized-string-candidate	pre-mechanic-reveal	PASS	Sekretarka miga. Najpierw zamknę balkon.
TXT-00055	scenes\levels\station_12.tscn:82	pl	SYSTEM_OR_UNLABELED	12	source-defined	visible-or-localized-string-candidate	pre-mechanic-reveal	PASS	SEKRETARKA // 1 NOWA WIADOMOŚĆ
TXT-00056	scenes\levels\station_12.tscn:89	pl	MARTA	12	source-defined	visible-or-localized-string-candidate	pre-mechanic-reveal	PASS	OSTATNIE POŁĄCZENIE: MARTA K. — 21:14
TXT-00057	scenes\levels\station_12.tscn:149	pl	SYSTEM_OR_UNLABELED	12	source-defined	visible-or-localized-string-candidate	pre-mechanic-reveal	PASS	Łącze warsztatowe
TXT-00058	scenes\levels\station_12.tscn:150	und	SYSTEM_OR_UNLABELED	12	source-defined	visible-or-localized-string-candidate	pre-mechanic-reveal	PASS	Dwa pytania kontrolne
TXT-00059	scenes\levels\station_12.tscn:161	und	JAKUB	12	source-defined	visible-or-localized-string-candidate	pre-mechanic-reveal	PASS	Jakub przy imadle
TXT-00060	scenes\levels\station_12.tscn:162	und	SYSTEM_OR_UNLABELED	12	source-defined	visible-or-localized-string-candidate	pre-mechanic-reveal	PASS	Nie jest nagraniem
TXT-00061	scenes\levels\station_12.tscn:173	pl	SYSTEM_OR_UNLABELED	12	source-defined	visible-or-localized-string-candidate	pre-mechanic-reveal	PASS	Osłonięta blizna
TXT-00062	scenes\levels\station_12.tscn:174	pl	SYSTEM_OR_UNLABELED	12	source-defined	visible-or-localized-string-candidate	pre-mechanic-reveal	PASS	Mówi: nie pokażę
TXT-00063	scenes\levels\station_13.tscn:69	pl	SYSTEM_OR_UNLABELED	13	source-defined	visible-or-localized-string-candidate	pre-mechanic-reveal	PASS	Ten był ze mną w terenie.
TXT-00064	scenes\levels\station_13.tscn:74	pl	SYSTEM_OR_UNLABELED	13	source-defined	visible-or-localized-string-candidate	pre-mechanic-reveal	PASS	ZAŚWIADCZENIE // SADOWA 7 M. 12 // WAŻNE DO 30.11
TXT-00065	scenes\levels\station_13.tscn:81	pl	SYSTEM_OR_UNLABELED	13	source-defined	visible-or-localized-string-candidate	pre-mechanic-reveal	PASS	UMOWA NAJMU // SADOWA 7 M. 14 // OD 12.11 ROKU UBIEGŁEGO
TXT-00066	scenes\levels\station_13.tscn:88	und	SYSTEM_OR_UNLABELED	13	source-defined	visible-or-localized-string-candidate	pre-mechanic-reveal	PASS	CZYTNIK // ZAPIS OFFLINE 21:47
TXT-00067	scenes\levels\station_13.tscn:150	pl	SYSTEM_OR_UNLABELED	13	source-defined	visible-or-localized-string-candidate	pre-mechanic-reveal	PASS	Źródło Marty
TXT-00068	scenes\levels\station_13.tscn:151	pl	LENA	13	source-defined	visible-or-localized-string-candidate	pre-mechanic-reveal	PASS	Dzień, którego Lena nie pamięta
TXT-00069	scenes\levels\station_13.tscn:163	pl	SYSTEM_OR_UNLABELED	13	source-defined	visible-or-localized-string-candidate	pre-mechanic-reveal	PASS	Źródło UCP
TXT-00070	scenes\levels\station_13.tscn:164	und	SYSTEM_OR_UNLABELED	13	source-defined	visible-or-localized-string-candidate	pre-mechanic-reveal	PASS	186 dni w cudzej historii
TXT-00071	scenes\levels\station_13.tscn:175	und	JAKUB	13	source-defined	visible-or-localized-string-candidate	pre-mechanic-reveal	PASS	Trzeci znak: Jakub
TXT-00072	scenes\levels\station_13.tscn:176	pl	SYSTEM_OR_UNLABELED	13	source-defined	visible-or-localized-string-candidate	pre-mechanic-reveal	PASS	Zestaw źródła
TXT-00073	scenes\levels\station_14.tscn:71	pl	SYSTEM_OR_UNLABELED	14	source-defined	visible-or-localized-string-candidate	campaign-ordered	PASS	Maszyna pracuje własnym cyklem. Zobaczę, co utrzyma.
TXT-00074	scenes\levels\station_14.tscn:76	und	SYSTEM_OR_UNLABELED	14	source-defined	visible-or-localized-string-candidate	campaign-ordered	PASS	ROZDZIELNIA LINII 4 // SEKCJA 7
TXT-00075	scenes\levels\station_14.tscn:83	pl	SYSTEM_OR_UNLABELED	14	source-defined	visible-or-localized-string-candidate	campaign-ordered	PASS	MOST SEKCJI // DWA MONTAŻE
TXT-00076	scenes\levels\station_14.tscn:137	und	SYSTEM_OR_UNLABELED	14	source-defined	visible-or-localized-string-candidate	campaign-ordered	PASS	Most sekcji
TXT-00077	scenes\levels\station_14.tscn:171	und	SYSTEM_OR_UNLABELED	14	source-defined	visible-or-localized-string-candidate	campaign-ordered	PASS	Dziennik podstacji
TXT-00078	scenes\levels\station_14.tscn:172	und	SYSTEM_OR_UNLABELED	14	source-defined	visible-or-localized-string-candidate	campaign-ordered	PASS	Cykl korekty co 7 sekund
TXT-00079	scenes\levels\station_15.tscn:74	pl	SYSTEM_OR_UNLABELED	15	source-defined	visible-or-localized-string-candidate	campaign-ordered	PASS	Pętla odpowiada własnym rytmem. Sprawdzam, czyje to echo.
TXT-00080	scenes\levels\station_15.tscn:79	pl	SYSTEM_OR_UNLABELED	15	source-defined	visible-or-localized-string-candidate	campaign-ordered	PASS	PĘTLA POMIAROWA LINII 4 // POZIOM -2
TXT-00081	scenes\levels\station_15.tscn:86	pl	SYSTEM_OR_UNLABELED	15	source-defined	visible-or-localized-string-candidate	campaign-ordered	PASS	ODBIERACZ PĘTLI // DWA EGZEMPLARZE
TXT-00082	scenes\levels\station_15.tscn:167	pl	SYSTEM_OR_UNLABELED	15	source-defined	visible-or-localized-string-candidate	campaign-ordered	PASS	Dziennik pętli pomiarowej
TXT-00083	scenes\levels\station_15.tscn:168	pl	SYSTEM_OR_UNLABELED	15	source-defined	visible-or-localized-string-candidate	campaign-ordered	PASS	Próba 20:40 i korekta spoza pętli
TXT-00084	scenes\levels\station_15.tscn:179	pl	SYSTEM_OR_UNLABELED	15	source-defined	visible-or-localized-string-candidate	campaign-ordered	PASS	Nadajnik pętli
TXT-00085	scenes\levels\station_15.tscn:180	pl	SYSTEM_OR_UNLABELED	15	source-defined	visible-or-localized-string-candidate	campaign-ordered	PASS	Dwa impulsy kontrolne, jeden z błędem
TXT-00086	scenes\levels\station_15.tscn:191	und	SYSTEM_OR_UNLABELED	15	source-defined	visible-or-localized-string-candidate	campaign-ordered	PASS	Notatka serwisowa
TXT-00087	scenes\levels\station_15.tscn:192	pl	SYSTEM_OR_UNLABELED	15	source-defined	visible-or-localized-string-candidate	campaign-ordered	PASS	Warunek przerwania próby
TXT-00088	scenes\levels\station_15.tscn:203	pl	SYSTEM_OR_UNLABELED	15	source-defined	visible-or-localized-string-candidate	campaign-ordered	PASS	Drabina serwisowa do włazu
TXT-00089	scenes\levels\station_16.tscn:69	pl	SYSTEM_OR_UNLABELED	16	source-defined	visible-or-localized-string-candidate	campaign-ordered	PASS	Bezpieczny analizator pokaże, co zostaje po odpowiedzi.
TXT-00090	scenes\levels\station_16.tscn:74	pl	SYSTEM_OR_UNLABELED	16	source-defined	visible-or-localized-string-candidate	campaign-ordered	PASS	ANALIZATOR // ODPOWIEDŹ W TRYBIE OCHRONNYM
TXT-00091	scenes\levels\station_16.tscn:81	pl	SYSTEM_OR_UNLABELED	16	source-defined	visible-or-localized-string-candidate	campaign-ordered	PASS	ŚLAD DOMU // JEDEN SZCZEGÓŁ MOŻE ZMIENIĆ OSTROŚĆ
TXT-00092	scenes\levels\station_16.tscn:123	pl	SYSTEM_OR_UNLABELED	16	source-defined	visible-or-localized-string-candidate	campaign-ordered	PASS	Przekaźnik analizatora
TXT-00093	scenes\levels\station_16.tscn:155	und	SYSTEM_OR_UNLABELED	16	source-defined	visible-or-localized-string-candidate	campaign-ordered	PASS	Bezpieczny analizator
TXT-00094	scenes\levels\station_16.tscn:156	pl	SYSTEM_OR_UNLABELED	16	source-defined	visible-or-localized-string-candidate	campaign-ordered	PASS	Odpowiedź czeka na przekazanie
TXT-00095	scenes\levels\station_16.tscn:167	pl	SYSTEM_OR_UNLABELED	16	source-defined	visible-or-localized-string-candidate	campaign-ordered	PASS	Wybór szczegółu
TXT-00096	scenes\levels\station_16.tscn:168	pl	SYSTEM_OR_UNLABELED	16	source-defined	visible-or-localized-string-candidate	campaign-ordered	PASS	Jeden zapis straci ostrość
TXT-00097	scenes\levels\station_16.tscn:179	und	SYSTEM_OR_UNLABELED	16	source-defined	visible-or-localized-string-candidate	campaign-ordered	PASS	Odbiornik echa domu
TXT-00098	scenes\levels\station_16.tscn:180	pl	SYSTEM_OR_UNLABELED	16	source-defined	visible-or-localized-string-candidate	campaign-ordered	PASS	Potwierdź powrót bez wymiany
TXT-00099	scenes\levels\station_16.tscn:191	pl	SYSTEM_OR_UNLABELED	16	source-defined	visible-or-localized-string-candidate	campaign-ordered	PASS	Drabina wejściowa analizatora
TXT-00100	scenes\levels\station_17.tscn:63	und	SYSTEM_OR_UNLABELED	17	source-defined	visible-or-localized-string-candidate	campaign-ordered	PASS	Najpierw rejestr par. Potem rozmowa o zgodzie.
TXT-00101	scenes\levels\station_17.tscn:68	und	SYSTEM_OR_UNLABELED	17	source-defined	visible-or-localized-string-candidate	campaign-ordered	PASS	REJESTR PAR LINII 4 // KTO UTZYMUJE ZAPIS // KTO ZAPLACIL
TXT-00102	scenes\levels\station_17.tscn:75	und	SYSTEM_OR_UNLABELED	17	source-defined	visible-or-localized-string-candidate	campaign-ordered	PASS	OFERTA ADAPTACJI // WPROWADZENIE DO REJESTRU
TXT-00103	scenes\levels\station_17.tscn:129	und	SYSTEM_OR_UNLABELED	17	source-defined	visible-or-localized-string-candidate	campaign-ordered	PASS	Rejestr par Linii 4
TXT-00104	scenes\levels\station_17.tscn:130	pl	SYSTEM_OR_UNLABELED	17	source-defined	visible-or-localized-string-candidate	campaign-ordered	PASS	Kto utrzymuje zapis, kto zapłacił
TXT-00105	scenes\levels\station_17.tscn:141	und	SYSTEM_OR_UNLABELED	17	source-defined	visible-or-localized-string-candidate	campaign-ordered	PASS	Terminal oferty adaptacji
TXT-00106	scenes\levels\station_17.tscn:142	und	SYSTEM_OR_UNLABELED	17	source-defined	visible-or-localized-string-candidate	campaign-ordered	PASS	Wprowadzenie do rejestru bez kosztu
TXT-00107	scenes\levels\station_17.tscn:153	und	SYSTEM_OR_UNLABELED	17	source-defined	visible-or-localized-string-candidate	campaign-ordered	PASS	Biurko zakresu zgody
TXT-00108	scenes\levels\station_17.tscn:154	und	JAKUB	17	source-defined	visible-or-localized-string-candidate	campaign-ordered	PASS	Zapis jawnego zakresu z Jakubem
TXT-00109	scenes\levels\station_18.tscn:63	pl	MARTA	18	source-defined	visible-or-localized-string-candidate	campaign-ordered	PASS	Tablica trzech dróg. Marta przy oknie.
TXT-00110	scenes\levels\station_18.tscn:68	und	SYSTEM_OR_UNLABELED	18	source-defined	visible-or-localized-string-candidate	campaign-ordered	PASS	TRZY PROGNOZY // ZGODY I BRAKI // JEDNA METODA
TXT-00111	scenes\levels\station_18.tscn:75	und	SYSTEM_OR_UNLABELED	18	source-defined	visible-or-localized-string-candidate	campaign-ordered	PASS	WITRYNA MARTY // PRAWDA ALBO JEJ CZESC
TXT-00112	scenes\levels\station_18.tscn:129	und	SYSTEM_OR_UNLABELED	18	source-defined	visible-or-localized-string-candidate	campaign-ordered	PASS	Tablica trzech prognoz
TXT-00113	scenes\levels\station_18.tscn:130	pl	JAKUB	18	source-defined	visible-or-localized-string-candidate	campaign-ordered	PASS	Zależności od zgody Jakuba
TXT-00114	scenes\levels\station_18.tscn:140	und	SYSTEM_OR_UNLABELED	18	source-defined	visible-or-localized-string-candidate	campaign-ordered	PASS	Witryna Marty
TXT-00115	scenes\levels\station_18.tscn:141	pl	SYSTEM_OR_UNLABELED	18	source-defined	visible-or-localized-string-candidate	campaign-ordered	PASS	Prawda, część albo wstrzymanie
TXT-00116	scenes\levels\station_18.tscn:152	pl	SYSTEM_OR_UNLABELED	18	source-defined	visible-or-localized-string-candidate	campaign-ordered	PASS	Słupek zatwierdzenia metody
TXT-00117	scenes\levels\station_18.tscn:153	pl	SYSTEM_OR_UNLABELED	18	source-defined	visible-or-localized-string-candidate	campaign-ordered	PASS	Jedna droga po zestawieniu kosztów
TXT-00118	scenes\levels\station_19.tscn:63	pl	SYSTEM_OR_UNLABELED	19	source-defined	visible-or-localized-string-candidate	campaign-ordered	PASS	Najpierw osłonię mikrofon.
TXT-00119	scenes\levels\station_19.tscn:68	pl	JAKUB	19	source-defined	visible-or-localized-string-candidate	campaign-ordered	PASS	POŁĄCZENIE PRZYCHODZĄCE // JAKUB WOLSKI // WARSZTAT L4
TXT-00120	scenes\levels\station_19.tscn:75	und	SYSTEM_OR_UNLABELED	19	source-defined	visible-or-localized-string-candidate	campaign-ordered	PASS	PYTANIA KONTROLNE: SCHOWEK [--] // TUNEL [--]
TXT-00121	scenes\levels\station_19.tscn:129	pl	SYSTEM_OR_UNLABELED	19	source-defined	visible-or-localized-string-candidate	campaign-ordered	PASS	Słuchawka automatu
TXT-00122	scenes\levels\station_19.tscn:130	pl	JAKUB	19	source-defined	visible-or-localized-string-candidate	campaign-ordered	PASS	Dzwoniący: Jakub Wolski
TXT-00123	scenes\levels\station_19.tscn:141	pl	SYSTEM_OR_UNLABELED	19	source-defined	visible-or-localized-string-candidate	campaign-ordered	PASS	Książka telefoniczna
TXT-00124	scenes\levels\station_19.tscn:142	und	SYSTEM_OR_UNLABELED	19	source-defined	visible-or-localized-string-candidate	campaign-ordered	PASS	Numer warsztatu Linii 4
TXT-00125	scenes\levels\station_19.tscn:153	und	SYSTEM_OR_UNLABELED	19	source-defined	visible-or-localized-string-candidate	campaign-ordered	PASS	Akustyka warsztatu
TXT-00126	scenes\levels\station_19.tscn:154	pl	SYSTEM_OR_UNLABELED	19	source-defined	visible-or-localized-string-candidate	campaign-ordered	PASS	Dźwięki suwnicy i kluczy w tle
TXT-00127	scenes\levels\station_19.tscn:165	pl	SYSTEM_OR_UNLABELED	19	source-defined	visible-or-localized-string-candidate	campaign-ordered	PASS	Osłona przed wiatrem
TXT-00128	scenes\levels\station_19.tscn:166	pl	SYSTEM_OR_UNLABELED	19	source-defined	visible-or-localized-string-candidate	campaign-ordered	PASS	Tłumienie hałasu magistrali
TXT-00129	scenes\levels\station_19.tscn:177	und	SYSTEM_OR_UNLABELED	19	source-defined	visible-or-localized-string-candidate	campaign-ordered	PASS	Notes z pytaniami
TXT-00130	scenes\levels\station_19.tscn:178	und	SYSTEM_OR_UNLABELED	19	source-defined	visible-or-localized-string-candidate	campaign-ordered	PASS	Zapisane punkty kontrolne
TXT-00131	scenes\levels\station_20.tscn:63	pl	SYSTEM_OR_UNLABELED	20	source-defined	visible-or-localized-string-candidate	campaign-ordered	PASS	Odsunę wózek i porozmawiam.
TXT-00132	scenes\levels\station_20.tscn:68	und	SYSTEM_OR_UNLABELED	20	source-defined	visible-or-localized-string-candidate	campaign-ordered	PASS	WARSZTAT LINII 4 // DIAGNOSTYKA // NUMER CZYTNIKA: NIESPRAWDZONY
TXT-00133	scenes\levels\station_20.tscn:75	pl	JAKUB	20	source-defined	visible-or-localized-string-candidate	campaign-ordered	PASS	JAKUB WOLSKI // 34 LATA // WIEK ZGODNY Z CIAŁEM
TXT-00134	scenes\levels\station_20.tscn:129	und	MARTA	20	source-defined	visible-or-localized-string-candidate	campaign-ordered	PASS	Marta Kurek
TXT-00135	scenes\levels\station_20.tscn:130	und	SYSTEM_OR_UNLABELED	20	source-defined	visible-or-localized-string-candidate	campaign-ordered	PASS	Obserwuje spotkanie z boku
TXT-00136	scenes\levels\station_20.tscn:141	und	JAKUB	20	source-defined	visible-or-localized-string-candidate	campaign-ordered	PASS	Jakub Wolski
TXT-00137	scenes\levels\station_20.tscn:142	pl	SYSTEM_OR_UNLABELED	20	source-defined	visible-or-localized-string-candidate	campaign-ordered	PASS	Żywy człowiek, granice ciała
TXT-00138	scenes\levels\station_20.tscn:153	pl	SYSTEM_OR_UNLABELED	20	source-defined	visible-or-localized-string-candidate	campaign-ordered	PASS	Wózek z częściami
TXT-00139	scenes\levels\station_20.tscn:154	pl	SYSTEM_OR_UNLABELED	20	source-defined	visible-or-localized-string-candidate	campaign-ordered	PASS	Rozdziela przestrzeń rozmowy
TXT-00140	scenes\levels\station_20.tscn:165	und	SYSTEM_OR_UNLABELED	20	source-defined	visible-or-localized-string-candidate	campaign-ordered	PASS	Stacja diagnostyczna warsztatu
TXT-00141	scenes\levels\station_20.tscn:166	und	JAKUB	20	source-defined	visible-or-localized-string-candidate	campaign-ordered	PASS	Skan czytnika na zaproszenie Jakuba
TXT-00142	scenes\levels\station_20.tscn:177	pl	SYSTEM_OR_UNLABELED	20	source-defined	visible-or-localized-string-candidate	campaign-ordered	PASS	Stół warsztatowy
TXT-00143	scenes\levels\station_20.tscn:178	pl	SYSTEM_OR_UNLABELED	20	source-defined	visible-or-localized-string-candidate	campaign-ordered	PASS	Narzędzia i dokumentacja L4
TXT-00144	scenes\levels\station_21.tscn:63	pl	SYSTEM_OR_UNLABELED	21	source-defined	visible-or-localized-string-candidate	campaign-ordered	PASS	Trzy pola. Ułożę źródła.
TXT-00145	scenes\levels\station_21.tscn:68	pl	SYSTEM_OR_UNLABELED	21	source-defined	visible-or-localized-string-candidate	campaign-ordered	PASS	POLE 1 // CZYTNIK I PRÓBKA
TXT-00146	scenes\levels\station_21.tscn:75	und	SYSTEM_OR_UNLABELED	21	source-defined	visible-or-localized-string-candidate	campaign-ordered	PASS	POLE 2 // REJESTRY PUBLICZNE
TXT-00147	scenes\levels\station_21.tscn:82	und	JAKUB	21	source-defined	visible-or-localized-string-candidate	campaign-ordered	PASS	POLE 3 // ZAPIS SERWISOWY JAKUBA
TXT-00148	scenes\levels\station_21.tscn:89	pl	SYSTEM_OR_UNLABELED	21	source-defined	visible-or-localized-string-candidate	campaign-ordered	PASS	STÓŁ SYNTEZY // TRZY POLA POMIAROWE
TXT-00149	scenes\levels\station_21.tscn:143	pl	SYSTEM_OR_UNLABELED	21	source-defined	visible-or-localized-string-candidate	campaign-ordered	PASS	Gniazdo 1: Czytnik i próbka
TXT-00150	scenes\levels\station_21.tscn:144	und	SYSTEM_OR_UNLABELED	21	source-defined	visible-or-localized-string-candidate	campaign-ordered	PASS	Obcy numer, zachowana sygnatura
TXT-00151	scenes\levels\station_21.tscn:155	und	SYSTEM_OR_UNLABELED	21	source-defined	visible-or-localized-string-candidate	campaign-ordered	PASS	Gniazdo 2: Rejestry publiczne
TXT-00152	scenes\levels\station_21.tscn:156	und	SYSTEM_OR_UNLABELED	21	source-defined	visible-or-localized-string-candidate	campaign-ordered	PASS	Biometria, 186 dni UCP-4, brak aktu zgonu
TXT-00153	scenes\levels\station_21.tscn:167	und	JAKUB	21	source-defined	visible-or-localized-string-candidate	campaign-ordered	PASS	Gniazdo 3: Jakub Wolski
TXT-00154	scenes\levels\station_21.tscn:168	pl	SYSTEM_OR_UNLABELED	21	source-defined	visible-or-localized-string-candidate	campaign-ordered	PASS	Żywa obecność, rozbieżne wspomnienia
TXT-00155	scenes\levels\station_21.tscn:179	pl	SYSTEM_OR_UNLABELED	21	source-defined	visible-or-localized-string-candidate	campaign-ordered	PASS	Stół syntezy
TXT-00156	scenes\levels\station_21.tscn:180	pl	SYSTEM_OR_UNLABELED	21	source-defined	visible-or-localized-string-candidate	campaign-ordered	PASS	Układ trzech źródeł
TXT-00157	scenes\levels\station_21.tscn:191	pl	SYSTEM_OR_UNLABELED	21	source-defined	visible-or-localized-string-candidate	campaign-ordered	PASS	Przejście korytarzowe
TXT-00158	scenes\levels\station_21.tscn:192	und	SYSTEM_OR_UNLABELED	21	source-defined	visible-or-localized-string-candidate	campaign-ordered	PASS	Korytarz serwisowy
TXT-00159	scenes\levels\station_22.tscn:63	pl	SYSTEM_OR_UNLABELED	22	source-defined	visible-or-localized-string-candidate	campaign-ordered	PASS	UCP proponuje depozyt czytnika. Najpierw porównam dwa zachowania sygnału.
TXT-00160	scenes\levels\station_22.tscn:68	pl	SYSTEM_OR_UNLABELED	22	source-defined	visible-or-localized-string-candidate	campaign-ordered	PASS	OFERTA UCP: DEPOZYT CZYTNIKA // NIE ZASTĘPUJE PORÓWNANIA
TXT-00161	scenes\levels\station_22.tscn:75	pl	SYSTEM_OR_UNLABELED	22	source-defined	visible-or-localized-string-candidate	campaign-ordered	PASS	DWA KANAŁY: RELACJA UTRZYMANA // ODPOWIEDŹ SĄSIEDNIA
TXT-00162	scenes\levels\station_22.tscn:129	und	SYSTEM_OR_UNLABELED	22	source-defined	visible-or-localized-string-candidate	campaign-ordered	PASS	Pulpit oferty UCP
TXT-00163	scenes\levels\station_22.tscn:130	und	SYSTEM_OR_UNLABELED	22	source-defined	visible-or-localized-string-candidate	campaign-ordered	PASS	Warunek: oddanie czytnika
TXT-00164	scenes\levels\station_22.tscn:141	pl	SYSTEM_OR_UNLABELED	22	source-defined	visible-or-localized-string-candidate	campaign-ordered	PASS	Wyświetlacz oscyloskopu
TXT-00165	scenes\levels\station_22.tscn:142	pl	SYSTEM_OR_UNLABELED	22	source-defined	visible-or-localized-string-candidate	campaign-ordered	PASS	Dwa tryby sygnału: Zakotwiczenie / Uległość
TXT-00166	scenes\levels\station_22.tscn:153	pl	SYSTEM_OR_UNLABELED	22	source-defined	visible-or-localized-string-candidate	campaign-ordered	PASS	Wykres widma sygnału
TXT-00167	scenes\levels\station_22.tscn:154	pl	SYSTEM_OR_UNLABELED	22	source-defined	visible-or-localized-string-candidate	campaign-ordered	PASS	Odchylenie z 20:40 równe momentowi przejścia
TXT-00168	scenes\levels\station_22.tscn:165	und	SYSTEM_OR_UNLABELED	22	source-defined	visible-or-localized-string-candidate	campaign-ordered	PASS	Terminal archiwalny
TXT-00169	scenes\levels\station_22.tscn:166	pl	SYSTEM_OR_UNLABELED	22	source-defined	visible-or-localized-string-candidate	campaign-ordered	PASS	Rejestr odchyleń ciągłości
TXT-00170	scenes\levels\station_22.tscn:177	pl	SYSTEM_OR_UNLABELED	22	source-defined	visible-or-localized-string-candidate	campaign-ordered	PASS	Stacja dokująca
TXT-00171	scenes\levels\station_22.tscn:178	pl	SYSTEM_OR_UNLABELED	22	source-defined	visible-or-localized-string-candidate	campaign-ordered	PASS	Odczyt fazy sygnału
TXT-00172	scenes\levels\station_23.tscn:65	pl	SYSTEM_OR_UNLABELED	23	source-defined	visible-or-localized-string-candidate	campaign-ordered	PASS	Martwy obwód. Sekcja odcięta.
TXT-00173	scenes\levels\station_23.tscn:70	pl	SYSTEM_OR_UNLABELED	23	source-defined	visible-or-localized-string-candidate	campaign-ordered	PASS	MARTWY OBWÓD // ZŁĄCZE TESTOWE // BRAK GŁÓWNEGO ZASILANIA
TXT-00174	scenes\levels\station_23.tscn:77	pl	SYSTEM_OR_UNLABELED	23	source-defined	visible-or-localized-string-candidate	campaign-ordered	PASS	A: GRZEJE PRZEKAŹNIK // B: ROZMYWA ZNACZNIK ADRESU
TXT-00175	scenes\levels\station_23.tscn:131	pl	SYSTEM_OR_UNLABELED	23	source-defined	visible-or-localized-string-candidate	campaign-ordered	PASS	Złącze obwodu diagnostycznego
TXT-00176	scenes\levels\station_23.tscn:132	pl	SYSTEM_OR_UNLABELED	23	source-defined	visible-or-localized-string-candidate	campaign-ordered	PASS	Podłączenie czytnika
TXT-00177	scenes\levels\station_23.tscn:143	pl	SYSTEM_OR_UNLABELED	23	source-defined	visible-or-localized-string-candidate	campaign-ordered	PASS	Bezpiecznik bocznikujący
TXT-00178	scenes\levels\station_23.tscn:144	und	SYSTEM_OR_UNLABELED	23	source-defined	visible-or-localized-string-candidate	campaign-ordered	PASS	Mostkowanie linii awaryjnej
TXT-00179	scenes\levels\station_23.tscn:155	pl	SYSTEM_OR_UNLABELED	23	source-defined	visible-or-localized-string-candidate	campaign-ordered	PASS	Wskaźnik przeciążenia termicznego
TXT-00180	scenes\levels\station_23.tscn:156	und	SYSTEM_OR_UNLABELED	23	source-defined	visible-or-localized-string-candidate	campaign-ordered	PASS	Obserwacja fizycznego kosztu zakotwiczenia
TXT-00181	scenes\levels\station_23.tscn:167	pl	SYSTEM_OR_UNLABELED	23	source-defined	visible-or-localized-string-candidate	campaign-ordered	PASS	Węzeł podstacji
TXT-00182	scenes\levels\station_23.tscn:168	pl	SYSTEM_OR_UNLABELED	23	source-defined	visible-or-localized-string-candidate	campaign-ordered	PASS	Odcięta magistrala zasilania
TXT-00183	scenes\levels\station_23.tscn:179	pl	SYSTEM_OR_UNLABELED	23	source-defined	visible-or-localized-string-candidate	campaign-ordered	PASS	Rdzeń transformatora
TXT-00184	scenes\levels\station_23.tscn:180	pl	SYSTEM_OR_UNLABELED	23	source-defined	visible-or-localized-string-candidate	campaign-ordered	PASS	Rozproszenie energii przełączenia
TXT-00185	scenes\levels\station_23.tscn:199	pl	SYSTEM_OR_UNLABELED	23	source-defined	visible-or-localized-string-candidate	campaign-ordered	PASS	Przekaźnik utrzymania
TXT-00186	scenes\levels\station_23.tscn:211	pl	SYSTEM_OR_UNLABELED	23	source-defined	visible-or-localized-string-candidate	campaign-ordered	PASS	Przekaźnik odpowiedzi
TXT-00187	scenes\levels\station_24.tscn:75	pl	MARTA	24	source-defined	visible-or-localized-string-candidate	campaign-ordered	PASS	Marta nie oddaje pudełka. Najpierw muszę pokazać dokładnie, o co proszę i co może zniknąć.
TXT-00188	scenes\levels\station_24.tscn:80	und	SYSTEM_OR_UNLABELED	24	source-defined	visible-or-localized-string-candidate	campaign-ordered	PASS	GRANICA MARTY // NAJPIERW ZAKRES, RYZYKO, KOSZT
TXT-00189	scenes\levels\station_24.tscn:87	pl	SYSTEM_OR_UNLABELED	24	source-defined	visible-or-localized-string-candidate	campaign-ordered	PASS	LEWO: DOSTĘP OGRANICZONY // PRAWO: ODMOWA
TXT-00190	scenes\levels\station_24.tscn:124	pl	SYSTEM_OR_UNLABELED	24	source-defined	visible-or-localized-string-candidate	campaign-ordered	PASS	Ściana kineskopów CCTV
TXT-00191	scenes\levels\station_24.tscn:125	pl	SYSTEM_OR_UNLABELED	24	source-defined	visible-or-localized-string-candidate	campaign-ordered	PASS	Transmisja na żywo z mieszkania 14 (drżenie mebli w tle)
TXT-00192	scenes\levels\station_24.tscn:136	pl	SYSTEM_OR_UNLABELED	24	source-defined	visible-or-localized-string-candidate	campaign-ordered	PASS	Wskaźnik naprężeń korelacyjnych
TXT-00193	scenes\levels\station_24.tscn:137	pl	SYSTEM_OR_UNLABELED	24	source-defined	visible-or-localized-string-candidate	campaign-ordered	PASS	Telemetria długu sprzeczności Marty Kurek (strefa krytyczna)
TXT-00194	scenes\levels\station_24.tscn:148	und	SYSTEM_OR_UNLABELED	24	source-defined	visible-or-localized-string-candidate	campaign-ordered	PASS	Terminal transmisyjny UCP
TXT-00195	scenes\levels\station_24.tscn:149	pl	SYSTEM_OR_UNLABELED	24	source-defined	visible-or-localized-string-candidate	campaign-ordered	PASS	Bezpośrednie połączenie wideo/audio z dr Heleną Wierzbicką
TXT-00196	scenes\levels\station_24.tscn:160	und	SYSTEM_OR_UNLABELED	24	source-defined	visible-or-localized-string-candidate	campaign-ordered	PASS	Pulpit wyboru dyspozycji
TXT-00197	scenes\levels\station_24.tscn:161	pl	SYSTEM_OR_UNLABELED	24	source-defined	visible-or-localized-string-candidate	campaign-ordered	PASS	Po ujawnieniu: lewo = dostęp ograniczony, prawo = odmowa
TXT-00198	scenes\levels\station_24.tscn:172	pl	SYSTEM_OR_UNLABELED	24	source-defined	visible-or-localized-string-candidate	campaign-ordered	PASS	Śluza tranzytowa do Przestrzeni 25
TXT-00199	scenes\levels\station_24.tscn:173	pl	JAKUB	24	source-defined	visible-or-localized-string-candidate	campaign-ordered	PASS	Wejście Jakuba (magistrala Linii 4)
TXT-00200	scenes\levels\station_25.tscn:76	pl	JAKUB	25	source-defined	visible-or-localized-string-candidate	campaign-ordered	PASS	Jakub sprawdza cykle wentylacji. Nie pyta o własny sygnał. Pyta, czy widzę kolejność maszyn.
TXT-00201	scenes\levels\station_25.tscn:81	pl	SYSTEM_OR_UNLABELED	25	source-defined	visible-or-localized-string-candidate	campaign-ordered	PASS	WĘZEŁ LINII 4 // WENTYLACJA → RYGIEL → ZASILANIE
TXT-00202	scenes\levels\station_25.tscn:88	pl	SYSTEM_OR_UNLABELED	25	source-defined	visible-or-localized-string-candidate	campaign-ordered	PASS	ŚLAD UCP: NOTATKI ALBO DROGA TECHNICZNA
TXT-00203	scenes\levels\station_25.tscn:135	pl	SYSTEM_OR_UNLABELED	25	source-defined	visible-or-localized-string-candidate	campaign-ordered	PASS	Wózek techniczny torowiska
TXT-00204	scenes\levels\station_25.tscn:136	und	SYSTEM_OR_UNLABELED	25	source-defined	visible-or-localized-string-candidate	campaign-ordered	PASS	Wentylacja przed zwolnieniem rygla
TXT-00205	scenes\levels\station_25.tscn:147	und	SYSTEM_OR_UNLABELED	25	source-defined	visible-or-localized-string-candidate	campaign-ordered	PASS	Dokumentacja wypadku na Linii 4
TXT-00206	scenes\levels\station_25.tscn:148	pl	SYSTEM_OR_UNLABELED	25	source-defined	visible-or-localized-string-candidate	campaign-ordered	PASS	Rygiel serwisowy po pełnym przewietrzeniu
TXT-00207	scenes\levels\station_25.tscn:159	und	JAKUB	25	source-defined	visible-or-localized-string-candidate	campaign-ordered	PASS	Jakub Wolski (Operator UCP)
TXT-00208	scenes\levels\station_25.tscn:160	pl	JAKUB	25	source-defined	visible-or-localized-string-candidate	campaign-ordered	PASS	Jakub prowadzi zasilanie; nie udostępnia własnego sygnału
TXT-00209	scenes\levels\station_25.tscn:171	pl	SYSTEM_OR_UNLABELED	25	source-defined	visible-or-localized-string-candidate	campaign-ordered	PASS	Punkt analizy gestu dłoni
TXT-00210	scenes\levels\station_25.tscn:172	pl	SYSTEM_OR_UNLABELED	25	source-defined	visible-or-localized-string-candidate	campaign-ordered	PASS	Pobranie bufora po pełnym cyklu infrastruktury
TXT-00211	scenes\levels\station_25.tscn:183	pl	SYSTEM_OR_UNLABELED	25	source-defined	visible-or-localized-string-candidate	campaign-ordered	PASS	Śluza tranzytowa do Przestrzeni 26
TXT-00212	scenes\levels\station_25.tscn:184	pl	SYSTEM_OR_UNLABELED	25	source-defined	visible-or-localized-string-candidate	campaign-ordered	PASS	Próba zamknięcia (strefa izolacji)
TXT-00213	scenes\levels\station_26.tscn:78	und	SYSTEM_OR_UNLABELED	26	source-defined	visible-or-localized-string-candidate	campaign-ordered	PASS	KONTAKT WZAJEMNY — 20:40:03.
TXT-00214	scenes\levels\station_26.tscn:83	pl	SYSTEM_OR_UNLABELED	26	source-defined	visible-or-localized-string-candidate	campaign-ordered	PASS	ŚLUZA IZOLACYJNA // REJESTRATOR BUFORA // LOG 20:40:03
TXT-00215	scenes\levels\station_26.tscn:127	pl	SYSTEM_OR_UNLABELED	26	source-defined	visible-or-localized-string-candidate	campaign-ordered	PASS	Konsola strefy łagodnej izolacji
TXT-00216	scenes\levels\station_26.tscn:128	pl	SYSTEM_OR_UNLABELED	26	source-defined	visible-or-localized-string-candidate	campaign-ordered	PASS	Dekompozycja przestrzenna i wygaszanie napięcia
TXT-00217	scenes\levels\station_26.tscn:139	pl	SYSTEM_OR_UNLABELED	26	source-defined	visible-or-localized-string-candidate	campaign-ordered	PASS	Wskaźnik funkcyjny pomieszczenia
TXT-00218	scenes\levels\station_26.tscn:140	pl	SYSTEM_OR_UNLABELED	26	source-defined	visible-or-localized-string-candidate	campaign-ordered	PASS	Płynna rekonfiguracja: Mieszkalny -> Archiwum -> Sedacja
TXT-00219	scenes\levels\station_26.tscn:151	pl	SYSTEM_OR_UNLABELED	26	source-defined	visible-or-localized-string-candidate	campaign-ordered	PASS	Interkom nagłośnienia Podstruktury
TXT-00220	scenes\levels\station_26.tscn:152	und	SYSTEM_OR_UNLABELED	26	source-defined	visible-or-localized-string-candidate	campaign-ordered	PASS	Komunikaty adaptacyjne dr Heleny Wierzbickiej
TXT-00221	scenes\levels\station_26.tscn:163	und	SYSTEM_OR_UNLABELED	26	source-defined	visible-or-localized-string-candidate	campaign-ordered	PASS	Zapis pierwotnego celu Leny
TXT-00222	scenes\levels\station_26.tscn:164	pl	SYSTEM_OR_UNLABELED	26	source-defined	visible-or-localized-string-candidate	campaign-ordered	PASS	Odręczny ślad rysikiem: »Pamiętam dlaczego przyszłam«
TXT-00223	scenes\levels\station_26.tscn:175	pl	SYSTEM_OR_UNLABELED	26	source-defined	visible-or-localized-string-candidate	campaign-ordered	PASS	Śluza serwisowa do Przestrzeni 27
TXT-00224	scenes\levels\station_26.tscn:176	pl	JAKUB	26	source-defined	visible-or-localized-string-candidate	campaign-ordered	PASS	Dług wdzięczności (otwarcie drogi przez Jakuba)
TXT-00225	scenes\levels\station_27.tscn:75	pl	SYSTEM_OR_UNLABELED	27	source-defined	visible-or-localized-string-candidate	campaign-ordered	PASS	Dwie równe. Trzecia z błędem.
TXT-00226	scenes\levels\station_27.tscn:80	pl	SYSTEM_OR_UNLABELED	27	source-defined	visible-or-localized-string-candidate	campaign-ordered	PASS	POSTERUNEK ROZRZĄDU // REJESTRACJA PRÓB // KOREKTA ŻYWEGO SYGNAŁU
TXT-00227	scenes\levels\station_27.tscn:117	und	JAKUB	27	source-defined	visible-or-localized-string-candidate	campaign-ordered	PASS	Legitymacja pracownicza Jakuba (UCP)
TXT-00228	scenes\levels\station_27.tscn:118	pl	SYSTEM_OR_UNLABELED	27	source-defined	visible-or-localized-string-candidate	campaign-ordered	PASS	Data przyjęcia po wypadku: 12 lat pracy w Sektorze 4
TXT-00229	scenes\levels\station_27.tscn:129	pl	JAKUB	27	source-defined	visible-or-localized-string-candidate	campaign-ordered	PASS	Jakub Wolski (Operator wyjścia serwisowego)
TXT-00230	scenes\levels\station_27.tscn:130	und	SYSTEM_OR_UNLABELED	27	source-defined	visible-or-localized-string-candidate	campaign-ordered	PASS	Karta magnetyczna UCP i wyznanie o ocaleniu
TXT-00231	scenes\levels\station_27.tscn:141	pl	SYSTEM_OR_UNLABELED	27	source-defined	visible-or-localized-string-candidate	campaign-ordered	PASS	Monitor naprężeń siatki powierzchniowej
TXT-00232	scenes\levels\station_27.tscn:142	pl	SYSTEM_OR_UNLABELED	27	source-defined	visible-or-localized-string-candidate	campaign-ordered	PASS	Oscylujące wykresy obciążenia sprzecznością
TXT-00233	scenes\levels\station_27.tscn:153	pl	SYSTEM_OR_UNLABELED	27	source-defined	visible-or-localized-string-candidate	campaign-ordered	PASS	Pulpit sterowniczy rozrządu Linii 4
TXT-00234	scenes\levels\station_27.tscn:154	und	SYSTEM_OR_UNLABELED	27	source-defined	visible-or-localized-string-candidate	campaign-ordered	PASS	Zwrotnica techniczna torowiska serwisowego
TXT-00235	scenes\levels\station_27.tscn:165	pl	SYSTEM_OR_UNLABELED	27	source-defined	visible-or-localized-string-candidate	campaign-ordered	PASS	Śluza tranzytowa do Przestrzeni 28
TXT-00236	scenes\levels\station_27.tscn:166	pl	SYSTEM_OR_UNLABELED	27	source-defined	visible-or-localized-string-candidate	campaign-ordered	PASS	Cena małego wyniku (peron techniczny)
TXT-00237	scenes\levels\station_28.tscn:77	pl	SYSTEM_OR_UNLABELED	28	source-defined	visible-or-localized-string-candidate	campaign-ordered	PASS	Techniczny skład Linii 4 jedzie przez Podstrukturę. Za oknami ta sama sekunda pokazuje trzy różne wersje.
TXT-00238	scenes\levels\station_28.tscn:82	pl	SYSTEM_OR_UNLABELED	28	source-defined	visible-or-localized-string-candidate	campaign-ordered	PASS	SKŁAD TECHNICZNY LINII 4 // WIDOK TRANZYTOWY // PARADOKS PERONU
TXT-00239	scenes\levels\station_28.tscn:119	und	SYSTEM_OR_UNLABELED	28	source-defined	visible-or-localized-string-candidate	campaign-ordered	PASS	Pulpit sterowniczy tramwaju technicznego
TXT-00240	scenes\levels\station_28.tscn:120	pl	SYSTEM_OR_UNLABELED	28	source-defined	visible-or-localized-string-candidate	campaign-ordered	PASS	Dźwignia nastawnika jazdy i wskaźnik prędkości Linii 4
TXT-00241	scenes\levels\station_28.tscn:131	und	SYSTEM_OR_UNLABELED	28	source-defined	visible-or-localized-string-candidate	campaign-ordered	PASS	Panoramiczne okno obserwacyjne wagonu
TXT-00242	scenes\levels\station_28.tscn:132	pl	SYSTEM_OR_UNLABELED	28	source-defined	visible-or-localized-string-candidate	campaign-ordered	PASS	Cienie żeber konstrukcyjnych mijanego tunelu
TXT-00243	scenes\levels\station_28.tscn:143	und	SYSTEM_OR_UNLABELED	28	source-defined	visible-or-localized-string-candidate	campaign-ordered	PASS	Widmo peronu wypadku (Trzy wersje zdarzenia)
TXT-00244	scenes\levels\station_28.tscn:144	pl	SYSTEM_OR_UNLABELED	28	source-defined	visible-or-localized-string-candidate	campaign-ordered	PASS	Pusty peron / akcja ratunkowa / błękitny konsensus UCP
TXT-00245	scenes\levels\station_28.tscn:155	und	SYSTEM_OR_UNLABELED	28	source-defined	visible-or-localized-string-candidate	campaign-ordered	PASS	Interkom radiowy kabiny wagonu
TXT-00246	scenes\levels\station_28.tscn:156	und	SYSTEM_OR_UNLABELED	28	source-defined	visible-or-localized-string-candidate	campaign-ordered	PASS	Transmisja dr Wierzbickiej o zamykaniu drogi
TXT-00247	scenes\levels\station_28.tscn:167	pl	SYSTEM_OR_UNLABELED	28	source-defined	visible-or-localized-string-candidate	campaign-ordered	PASS	Przejście do Przestrzeni 29
TXT-00248	scenes\levels\station_28.tscn:168	pl	JAKUB	28	source-defined	visible-or-localized-string-candidate	campaign-ordered	PASS	Jakub mówi nie (rozjazd podstacji)
TXT-00249	scenes\levels\station_28.tscn:202	pl	SYSTEM_OR_UNLABELED	28	source-defined	visible-or-localized-string-candidate	campaign-ordered	PASS	Przekaźnik transferu śladów
TXT-00250	scenes\levels\station_29.tscn:75	pl	SYSTEM_OR_UNLABELED	29	source-defined	visible-or-localized-string-candidate	campaign-ordered	PASS	Peron trzynasty zachował tablicę odrzuconego wariantu. Za kratą zaczyna się właściwa Podstruktura.
TXT-00251	scenes\levels\station_29.tscn:80	und	SYSTEM_OR_UNLABELED	29	source-defined	visible-or-localized-string-candidate	campaign-ordered	PASS	PERON 13 // WARIANT ODRZUCONY // BRAMA SEKTORA ZASILANIA
TXT-00252	scenes\levels\station_29.tscn:117	pl	SYSTEM_OR_UNLABELED	29	source-defined	visible-or-localized-string-candidate	campaign-ordered	PASS	Zardzewiałe szyny i kozioł oporowy Linii 4
TXT-00253	scenes\levels\station_29.tscn:118	und	SYSTEM_OR_UNLABELED	29	source-defined	visible-or-localized-string-candidate	campaign-ordered	PASS	Koniec oficjalnej sieci tranzytowej / plama oleju
TXT-00254	scenes\levels\station_29.tscn:129	pl	SYSTEM_OR_UNLABELED	29	source-defined	visible-or-localized-string-candidate	campaign-ordered	PASS	Migoczący neon stacyjny »PERON 13«
TXT-00255	scenes\levels\station_29.tscn:130	pl	SYSTEM_OR_UNLABELED	29	source-defined	visible-or-localized-string-candidate	campaign-ordered	PASS	Emaliowana tablica z lat 70. z brzęczącym transformatorem
TXT-00256	scenes\levels\station_29.tscn:141	und	SYSTEM_OR_UNLABELED	29	source-defined	visible-or-localized-string-candidate	campaign-ordered	PASS	Szyb wentylacyjny Podstruktury
TXT-00257	scenes\levels\station_29.tscn:142	pl	SYSTEM_OR_UNLABELED	29	source-defined	visible-or-localized-string-candidate	campaign-ordered	PASS	Infradźwiękowy szum kompensatorów naprężeń i kapiący kondensat
TXT-00258	scenes\levels\station_29.tscn:153	pl	JAKUB	29	source-defined	visible-or-localized-string-candidate	campaign-ordered	PASS	Jakub z przemysłową latarką roboczą
TXT-00259	scenes\levels\station_29.tscn:154	pl	SYSTEM_OR_UNLABELED	29	source-defined	visible-or-localized-string-candidate	campaign-ordered	PASS	Snop światła oświetlający wejście do korytarzy zasilania
TXT-00260	scenes\levels\station_29.tscn:165	und	SYSTEM_OR_UNLABELED	29	source-defined	visible-or-localized-string-candidate	campaign-ordered	PASS	Brama rewizyjna Sektora Zasilania
TXT-00261	scenes\levels\station_29.tscn:166	pl	SYSTEM_OR_UNLABELED	29	source-defined	visible-or-localized-string-candidate	campaign-ordered	PASS	Krata z łańcuchem prowadząca do Rozdzielni Głównej (Przestrzeń 30)
TXT-00262	scenes\levels\station_30.tscn:78	pl	SYSTEM_OR_UNLABELED	30	source-defined	visible-or-localized-string-candidate	campaign-ordered	PASS	Trzy prognozy rozdzielają znane koszty od pól, których nie wolno uzupełnić bez zgody.
TXT-00263	scenes\levels\station_30.tscn:86	und	SYSTEM_OR_UNLABELED	30	source-defined	visible-or-localized-string-candidate	campaign-ordered	PASS	Drabina serwisowa pomostu rozdzielczego
TXT-00264	scenes\levels\station_30.tscn:91	pl	SYSTEM_OR_UNLABELED	30	source-defined	visible-or-localized-string-candidate	campaign-ordered	PASS	GŁÓWNY WĘZEŁ ROZDZIELCZY // SEKTOR 4 // TRZY MODELE ZASILANIA
TXT-00265	scenes\levels\station_30.tscn:129	pl	SYSTEM_OR_UNLABELED	30	source-defined	visible-or-localized-string-candidate	campaign-ordered	PASS	Główna tablica rozdzielcza Sektora 4
TXT-00266	scenes\levels\station_30.tscn:130	pl	SYSTEM_OR_UNLABELED	30	source-defined	visible-or-localized-string-candidate	campaign-ordered	PASS	Szyny miedziane, analogowe mierniki i wskaźniki obciążenia
TXT-00267	scenes\levels\station_30.tscn:141	pl	SYSTEM_OR_UNLABELED	30	source-defined	visible-or-localized-string-candidate	campaign-ordered	PASS	Bateria transformatorów olejowych
TXT-00268	scenes\levels\station_30.tscn:142	pl	SYSTEM_OR_UNLABELED	30	source-defined	visible-or-localized-string-candidate	campaign-ordered	PASS	Buczący rdzeń podtrzymujący obwody konsensusu miejskiego
TXT-00269	scenes\levels\station_30.tscn:153	pl	SYSTEM_OR_UNLABELED	30	source-defined	visible-or-localized-string-candidate	campaign-ordered	PASS	Trójfazowy bezpiecznik nożowy UCP
TXT-00270	scenes\levels\station_30.tscn:154	pl	SYSTEM_OR_UNLABELED	30	source-defined	visible-or-localized-string-candidate	campaign-ordered	PASS	Dźwignia odcinająca zasilanie automatycznych kamer i rejestratorów
TXT-00271	scenes\levels\station_30.tscn:165	pl	SYSTEM_OR_UNLABELED	30	source-defined	visible-or-localized-string-candidate	campaign-ordered	PASS	Podświetlana mapa sieci pamięci Podstruktury
TXT-00272	scenes\levels\station_30.tscn:166	pl	MARTA	30	source-defined	visible-or-localized-string-candidate	campaign-ordered	PASS	Węzły świadków: Marta Kurek, Jakub Wolski, Szymon Bera
TXT-00273	scenes\levels\station_30.tscn:177	pl	SYSTEM_OR_UNLABELED	30	source-defined	visible-or-localized-string-candidate	campaign-ordered	PASS	Brama ekranowana Magazynu Dowodów
TXT-00274	scenes\levels\station_30.tscn:178	pl	SYSTEM_OR_UNLABELED	30	source-defined	visible-or-localized-string-candidate	campaign-ordered	PASS	Rygiel magnetyczny prowadzący do Jedenaście Krzeseł (Przestrzeń 31)
TXT-00275	scenes\levels\station_31.tscn:75	pl	SYSTEM_OR_UNLABELED	31	source-defined	visible-or-localized-string-candidate	campaign-ordered	PASS	Magazyn dowodów. Ewidencja przedmiotów z Linii 4.
TXT-00276	scenes\levels\station_31.tscn:80	pl	SYSTEM_OR_UNLABELED	31	source-defined	visible-or-localized-string-candidate	campaign-ordered	PASS	MAGAZYN DOWODÓW // SEKTOR EWIDENCJI // DEPOZYT LINII 4
TXT-00277	scenes\levels\station_31.tscn:117	pl	SYSTEM_OR_UNLABELED	31	source-defined	visible-or-localized-string-candidate	campaign-ordered	PASS	Rząd krzeseł tramwajowych z depozytem Linii 4
TXT-00278	scenes\levels\station_31.tscn:118	pl	SYSTEM_OR_UNLABELED	31	source-defined	visible-or-localized-string-candidate	campaign-ordered	PASS	Płaszcz, teczka z nutami, dziecięca rękawiczka z tamtego dnia
TXT-00279	scenes\levels\station_31.tscn:129	und	SYSTEM_OR_UNLABELED	31	source-defined	visible-or-localized-string-candidate	campaign-ordered	PASS	Holoterminal dr Wierzbickiej
TXT-00280	scenes\levels\station_31.tscn:130	pl	SYSTEM_OR_UNLABELED	31	source-defined	visible-or-localized-string-candidate	campaign-ordered	PASS	Oferta adaptacji: wygaszenie sprzecznych wspomnień
TXT-00281	scenes\levels\station_31.tscn:141	pl	SYSTEM_OR_UNLABELED	31	source-defined	visible-or-localized-string-candidate	campaign-ordered	PASS	Stanowisko ewidencji tożsamości
TXT-00282	scenes\levels\station_31.tscn:142	und	JAKUB	31	source-defined	visible-or-localized-string-candidate	campaign-ordered	PASS	Legitymacja Jakuba Wolskiego z wypadku
TXT-00283	scenes\levels\station_31.tscn:153	und	SYSTEM_OR_UNLABELED	31	source-defined	visible-or-localized-string-candidate	campaign-ordered	PASS	Rejestr wypadku Linii 4
TXT-00284	scenes\levels\station_31.tscn:154	pl	SYSTEM_OR_UNLABELED	31	source-defined	visible-or-localized-string-candidate	campaign-ordered	PASS	Zapis wykluczający oficjalne ofiary na rzecz stabilności sieci
TXT-00285	scenes\levels\station_31.tscn:165	pl	SYSTEM_OR_UNLABELED	31	source-defined	visible-or-localized-string-candidate	campaign-ordered	PASS	Śluza do stanowiska analitycznego
TXT-00286	scenes\levels\station_31.tscn:166	pl	SYSTEM_OR_UNLABELED	31	source-defined	visible-or-localized-string-candidate	campaign-ordered	PASS	Korytarz prowadzi do korytarza luster i pamięci materiału
TXT-00287	scenes\levels\station_32.tscn:80	pl	SYSTEM_OR_UNLABELED	32	source-defined	visible-or-localized-string-candidate	campaign-ordered	PASS	Szkło laboratoryjne. Ślad kondensacji i pamięć materiału.
TXT-00288	scenes\levels\station_32.tscn:85	pl	SYSTEM_OR_UNLABELED	32	source-defined	visible-or-localized-string-candidate	campaign-ordered	PASS	STANOWISKO ANALITYCZNE // PAMIĘĆ MATERIAŁU // ŚLAD REZONANSU
TXT-00289	scenes\levels\station_32.tscn:124	pl	SYSTEM_OR_UNLABELED	32	source-defined	visible-or-localized-string-candidate	campaign-ordered	PASS	Obserwowany ślad w szkle
TXT-00290	scenes\levels\station_32.tscn:135	und	SYSTEM_OR_UNLABELED	32	source-defined	visible-or-localized-string-candidate	campaign-ordered	PASS	Drabina laboratoryjna stanowiska analitycznego
TXT-00291	scenes\levels\station_32.tscn:144	pl	SYSTEM_OR_UNLABELED	32	source-defined	visible-or-localized-string-candidate	campaign-ordered	PASS	Zaparowana tafla szkła (Wariant Spokojny)
TXT-00292	scenes\levels\station_32.tscn:145	pl	SYSTEM_OR_UNLABELED	32	source-defined	visible-or-localized-string-candidate	campaign-ordered	PASS	Obraz pustej ulicy o świcie bez wypadku i bez ofiar
TXT-00293	scenes\levels\station_32.tscn:156	pl	SYSTEM_OR_UNLABELED	32	source-defined	visible-or-localized-string-candidate	campaign-ordered	PASS	Popękana tafla szkła (Wariant Uderzenia)
TXT-00294	scenes\levels\station_32.tscn:157	pl	SYSTEM_OR_UNLABELED	32	source-defined	visible-or-localized-string-candidate	campaign-ordered	PASS	Widmo pożaru, fala uderzeniowa i zapach spalenizny w szkle
TXT-00295	scenes\levels\station_32.tscn:168	pl	SYSTEM_OR_UNLABELED	32	source-defined	visible-or-localized-string-candidate	campaign-ordered	PASS	Ślad wyrysowany na zaparowanym szkle
TXT-00296	scenes\levels\station_32.tscn:169	pl	SYSTEM_OR_UNLABELED	32	source-defined	visible-or-localized-string-candidate	campaign-ordered	PASS	Przeciągnięcie palcem po szkle wywołuje rezonans z wymazaną prawdą
TXT-00297	scenes\levels\station_32.tscn:180	pl	SYSTEM_OR_UNLABELED	32	source-defined	visible-or-localized-string-candidate	campaign-ordered	PASS	Wygładzona tafla szkła (Wariant Oficjalny)
TXT-00298	scenes\levels\station_32.tscn:181	pl	SYSTEM_OR_UNLABELED	32	source-defined	visible-or-localized-string-candidate	campaign-ordered	PASS	Wykresy i raporty UCP bez śladu kolizji tramwaju Linii 4
TXT-00299	scenes\levels\station_32.tscn:192	pl	SYSTEM_OR_UNLABELED	32	source-defined	visible-or-localized-string-candidate	campaign-ordered	PASS	Właz techniczny do Szybu Wentylacyjnego
TXT-00300	scenes\levels\station_32.tscn:193	pl	SYSTEM_OR_UNLABELED	32	source-defined	visible-or-localized-string-candidate	campaign-ordered	PASS	Zejście poziom niżej do maszynowni i rejestru par
TXT-00301	scenes\levels\station_33.tscn:79	pl	SYSTEM_OR_UNLABELED	33	source-defined	visible-or-localized-string-candidate	campaign-ordered	PASS	Szyb wentylacyjny. Notatki miejscowej Leny i ciśnienie powrotne.
TXT-00302	scenes\levels\station_33.tscn:84	pl	SYSTEM_OR_UNLABELED	33	source-defined	visible-or-localized-string-candidate	campaign-ordered	PASS	SZYB WENTYLACYJNY // CIŚNIENIE POWROTNE // POZIOM -40M
TXT-00303	scenes\levels\station_33.tscn:121	pl	SYSTEM_OR_UNLABELED	33	source-defined	visible-or-localized-string-candidate	campaign-ordered	PASS	Rama dwóch świadectw
TXT-00304	scenes\levels\station_33.tscn:133	pl	SYSTEM_OR_UNLABELED	33	source-defined	visible-or-localized-string-candidate	campaign-ordered	PASS	Pionowy ciąg drabiny serwisowej
TXT-00305	scenes\levels\station_33.tscn:134	pl	SYSTEM_OR_UNLABELED	33	source-defined	visible-or-localized-string-candidate	campaign-ordered	PASS	Zejście do Maszynowni Głównej Podstruktury
TXT-00306	scenes\levels\station_33.tscn:145	pl	SYSTEM_OR_UNLABELED	33	source-defined	visible-or-localized-string-candidate	campaign-ordered	PASS	Manometr ciśnienia powrotnego
TXT-00307	scenes\levels\station_33.tscn:146	pl	SYSTEM_OR_UNLABELED	33	source-defined	visible-or-localized-string-candidate	campaign-ordered	PASS	Wskazanie głębokości: -40 metrów poniżej osiedla
TXT-00308	scenes\levels\station_33.tscn:157	pl	SYSTEM_OR_UNLABELED	33	source-defined	visible-or-localized-string-candidate	campaign-ordered	PASS	Skrzynka kablowa z notatką miejscowej Leny
TXT-00309	scenes\levels\station_33.tscn:158	pl	SYSTEM_OR_UNLABELED	33	source-defined	visible-or-localized-string-candidate	campaign-ordered	PASS	Formuła abortu testu: przerwane połączenie po 3 sekundach
TXT-00310	scenes\levels\station_33.tscn:169	pl	SYSTEM_OR_UNLABELED	33	source-defined	visible-or-localized-string-candidate	campaign-ordered	PASS	Lampa robocza ciągu wentylacyjnego
TXT-00311	scenes\levels\station_33.tscn:170	pl	SYSTEM_OR_UNLABELED	33	source-defined	visible-or-localized-string-candidate	campaign-ordered	PASS	Oświetlenie dolnego włazu dekompresyjnego
TXT-00312	scenes\levels\station_33.tscn:181	pl	SYSTEM_OR_UNLABELED	33	source-defined	visible-or-localized-string-candidate	campaign-ordered	PASS	Dolny właz dekompresyjny Maszynowni
TXT-00313	scenes\levels\station_33.tscn:182	pl	SYSTEM_OR_UNLABELED	33	source-defined	visible-or-localized-string-candidate	campaign-ordered	PASS	Wejście do centralnego rdzenia wymiany i rejestru par
TXT-00314	scenes\levels\station_34.tscn:76	pl	SYSTEM_OR_UNLABELED	34	source-defined	visible-or-localized-string-candidate	campaign-ordered	PASS	Rdzeń korelacyjny. Rejestr par i alokacja tożsamości.
TXT-00315	scenes\levels\station_34.tscn:81	pl	SYSTEM_OR_UNLABELED	34	source-defined	visible-or-localized-string-candidate	campaign-ordered	PASS	RDZEŃ KORELACYJNY // REJESTR PAR // ALOKACJA BIOGRAFICZNA
TXT-00316	scenes\levels\station_34.tscn:128	und	SYSTEM_OR_UNLABELED	34	source-defined	visible-or-localized-string-candidate	campaign-ordered	PASS	Cylinder Rdzenia Korelacyjnego
TXT-00317	scenes\levels\station_34.tscn:129	pl	SYSTEM_OR_UNLABELED	34	source-defined	visible-or-localized-string-candidate	campaign-ordered	PASS	Urządzenie bilansujące wektory sprzeczności sieci
TXT-00318	scenes\levels\station_34.tscn:140	und	SYSTEM_OR_UNLABELED	34	source-defined	visible-or-localized-string-candidate	campaign-ordered	PASS	Konsola alokacji biograficznej
TXT-00319	scenes\levels\station_34.tscn:141	pl	LENA	34	source-defined	visible-or-localized-string-candidate	campaign-ordered	PASS	Rejestr pary tożsamościowej: Lena Wolska (A) / Lena Wolska (B)
TXT-00320	scenes\levels\station_34.tscn:152	pl	SYSTEM_OR_UNLABELED	34	source-defined	visible-or-localized-string-candidate	campaign-ordered	PASS	Wskaźnik obciążenia termicznego
TXT-00321	scenes\levels\station_34.tscn:153	pl	SYSTEM_OR_UNLABELED	34	source-defined	visible-or-localized-string-candidate	campaign-ordered	PASS	Wzrost temperatury podtrzymywanych sprzeczności
TXT-00322	scenes\levels\station_34.tscn:164	und	JAKUB	34	source-defined	visible-or-localized-string-candidate	campaign-ordered	PASS	Port diagnostyczny Jakuba
TXT-00323	scenes\levels\station_34.tscn:165	pl	SYSTEM_OR_UNLABELED	34	source-defined	visible-or-localized-string-candidate	campaign-ordered	PASS	Odczyt współrzędnych sygnału z Sektora Filtracji
TXT-00324	scenes\levels\station_34.tscn:176	und	SYSTEM_OR_UNLABELED	34	source-defined	visible-or-localized-string-candidate	campaign-ordered	PASS	Brama do Sektora Filtracji
TXT-00325	scenes\levels\station_34.tscn:177	pl	SYSTEM_OR_UNLABELED	34	source-defined	visible-or-localized-string-candidate	campaign-ordered	PASS	Przejście do basenów sedacyjnych i odbiornika echa domu
TXT-00326	scenes\levels\station_35.tscn:75	und	SYSTEM_OR_UNLABELED	35	source-defined	visible-or-localized-string-candidate	campaign-ordered	PASS	Sektor filtracji. Baseny sedacyjne i echo zaginionego domu.
TXT-00327	scenes\levels\station_35.tscn:80	und	SYSTEM_OR_UNLABELED	35	source-defined	visible-or-localized-string-candidate	campaign-ordered	PASS	SEKTOR FILTRACJI // ODBIORNIK ECHA DOMU // SEDACJA
TXT-00328	scenes\levels\station_35.tscn:117	und	SYSTEM_OR_UNLABELED	35	source-defined	visible-or-localized-string-candidate	campaign-ordered	PASS	Betonowy basen sedacyjny
TXT-00329	scenes\levels\station_35.tscn:118	pl	SYSTEM_OR_UNLABELED	35	source-defined	visible-or-localized-string-candidate	campaign-ordered	PASS	Fosforyzujący roztwór nasycony osadem korelacyjnym
TXT-00330	scenes\levels\station_35.tscn:129	pl	SYSTEM_OR_UNLABELED	35	source-defined	visible-or-localized-string-candidate	campaign-ordered	PASS	Koło zaworu spustowego basenów
TXT-00331	scenes\levels\station_35.tscn:130	pl	SYSTEM_OR_UNLABELED	35	source-defined	visible-or-localized-string-candidate	campaign-ordered	PASS	Opróżnienie komory otwiera drogę do kanału burzowego
TXT-00332	scenes\levels\station_35.tscn:141	pl	SYSTEM_OR_UNLABELED	35	source-defined	visible-or-localized-string-candidate	campaign-ordered	PASS	Próbnik sedacyjny
TXT-00333	scenes\levels\station_35.tscn:142	pl	SYSTEM_OR_UNLABELED	35	source-defined	visible-or-localized-string-candidate	campaign-ordered	PASS	Pomiary stężenia osadu wypartych wspomnień
TXT-00334	scenes\levels\station_35.tscn:153	pl	SYSTEM_OR_UNLABELED	35	source-defined	visible-or-localized-string-candidate	campaign-ordered	PASS	Odbiornik echa domu i monitor ciągłości
TXT-00335	scenes\levels\station_35.tscn:154	pl	SYSTEM_OR_UNLABELED	35	source-defined	visible-or-localized-string-candidate	campaign-ordered	PASS	Wiadomość głosowa domowej Marty: potwierdzenie braku swapu
TXT-00336	scenes\levels\station_35.tscn:165	pl	SYSTEM_OR_UNLABELED	35	source-defined	visible-or-localized-string-candidate	campaign-ordered	PASS	Śluza do Kanału Odpływowego
TXT-00337	scenes\levels\station_35.tscn:166	pl	SYSTEM_OR_UNLABELED	35	source-defined	visible-or-localized-string-candidate	campaign-ordered	PASS	Zejście do drenażu trakcyjnego i rejestru katastrofy Linii 4
TXT-00338	scenes\levels\station_36.tscn:75	pl	SYSTEM_OR_UNLABELED	36	source-defined	visible-or-localized-string-candidate	campaign-ordered	PASS	Drenaż trakcyjny. Para katastrof i rachunek Linii 4.
TXT-00339	scenes\levels\station_36.tscn:80	pl	SYSTEM_OR_UNLABELED	36	source-defined	visible-or-localized-string-candidate	campaign-ordered	PASS	DRENAŻ TRAKCYJNY // RACHUNEK LINII 4 // REJESTR KATASTROF
TXT-00340	scenes\levels\station_36.tscn:117	und	SYSTEM_OR_UNLABELED	36	source-defined	visible-or-localized-string-candidate	campaign-ordered	PASS	Krata jazu burzowego
TXT-00341	scenes\levels\station_36.tscn:118	pl	SYSTEM_OR_UNLABELED	36	source-defined	visible-or-localized-string-candidate	campaign-ordered	PASS	Zatrzymane odłamki przeszłości: tablica tramwaju linii 4
TXT-00342	scenes\levels\station_36.tscn:129	pl	SYSTEM_OR_UNLABELED	36	source-defined	visible-or-localized-string-candidate	campaign-ordered	PASS	Rwący nurt drenażu trakcyjnego
TXT-00343	scenes\levels\station_36.tscn:130	pl	SYSTEM_OR_UNLABELED	36	source-defined	visible-or-localized-string-candidate	campaign-ordered	PASS	Zrzut energii korelacyjnej do wód gruntowych
TXT-00344	scenes\levels\station_36.tscn:141	pl	SYSTEM_OR_UNLABELED	36	source-defined	visible-or-localized-string-candidate	campaign-ordered	PASS	Kładka inspekcyjna kolektora
TXT-00345	scenes\levels\station_36.tscn:142	und	SYSTEM_OR_UNLABELED	36	source-defined	visible-or-localized-string-candidate	campaign-ordered	PASS	Stanowisko odczytu korelacji katastrofy
TXT-00346	scenes\levels\station_36.tscn:153	pl	SYSTEM_OR_UNLABELED	36	source-defined	visible-or-localized-string-candidate	campaign-ordered	PASS	Punkt poboru próbek skażenia
TXT-00347	scenes\levels\station_36.tscn:154	und	SYSTEM_OR_UNLABELED	36	source-defined	visible-or-localized-string-candidate	campaign-ordered	PASS	Pomiary energii zrzutowej Linii 4
TXT-00348	scenes\levels\station_36.tscn:165	pl	SYSTEM_OR_UNLABELED	36	source-defined	visible-or-localized-string-candidate	campaign-ordered	PASS	Śluza do Komory Sygnałowej
TXT-00349	scenes\levels\station_36.tscn:166	pl	SYSTEM_OR_UNLABELED	36	source-defined	visible-or-localized-string-candidate	campaign-ordered	PASS	Wejście do węzła nadawczego i żywego sygnału miejscowej Leny
TXT-00350	scenes\levels\station_37.tscn:76	pl	JAKUB	37	source-defined	visible-or-localized-string-candidate	campaign-ordered	PASS	Komora sygnałowa. Żywy sygnał i granica Jakuba.
TXT-00351	scenes\levels\station_37.tscn:81	pl	SYSTEM_OR_UNLABELED	37	source-defined	visible-or-localized-string-candidate	campaign-ordered	PASS	KOMORA SYGNAŁOWA // ŻYWY SYGNAŁ // KROSOWNICA TRANSMISYJNA
TXT-00352	scenes\levels\station_37.tscn:116	pl	SYSTEM_OR_UNLABELED	37	source-defined	visible-or-localized-string-candidate	campaign-ordered	PASS	Drabina pomostu komory sygnałowej
TXT-00353	scenes\levels\station_37.tscn:125	pl	SYSTEM_OR_UNLABELED	37	source-defined	visible-or-localized-string-candidate	campaign-ordered	PASS	Oscyloskop sygnału rezonansowego
TXT-00354	scenes\levels\station_37.tscn:126	pl	SYSTEM_OR_UNLABELED	37	source-defined	visible-or-localized-string-candidate	campaign-ordered	PASS	Nałożenie fali domowej i żywego sygnału miejscowej Leny
TXT-00355	scenes\levels\station_37.tscn:137	und	SYSTEM_OR_UNLABELED	37	source-defined	visible-or-localized-string-candidate	campaign-ordered	PASS	Krosownica transmisyjna Podstruktury
TXT-00356	scenes\levels\station_37.tscn:138	pl	SYSTEM_OR_UNLABELED	37	source-defined	visible-or-localized-string-candidate	campaign-ordered	PASS	Zespolenie obwodów sygnałowych z komorą decyzyjną
TXT-00357	scenes\levels\station_37.tscn:149	und	SYSTEM_OR_UNLABELED	37	source-defined	visible-or-localized-string-candidate	campaign-ordered	PASS	Maszt anteny transmisyjnej
TXT-00358	scenes\levels\station_37.tscn:150	pl	SYSTEM_OR_UNLABELED	37	source-defined	visible-or-localized-string-candidate	campaign-ordered	PASS	Wzmocnienie fali nośnej i podtrzymanie mostu sygnałowego
TXT-00359	scenes\levels\station_37.tscn:161	pl	SYSTEM_OR_UNLABELED	37	source-defined	visible-or-localized-string-candidate	campaign-ordered	PASS	Pulpit sterujący mostu transmisyjnego
TXT-00360	scenes\levels\station_37.tscn:162	und	JAKUB	37	source-defined	visible-or-localized-string-candidate	campaign-ordered	PASS	Zsynchronizowanie nadajnika Jakuba na 10 sekund
TXT-00361	scenes\levels\station_37.tscn:173	und	SYSTEM_OR_UNLABELED	37	source-defined	visible-or-localized-string-candidate	campaign-ordered	PASS	Brama do Strefy Decyzji i Station 38
TXT-00362	scenes\levels\station_37.tscn:174	und	SYSTEM_OR_UNLABELED	37	source-defined	visible-or-localized-string-candidate	campaign-ordered	PASS	Droga do Marty i ostatecznego wyboru metody
TXT-00363	scenes\levels\station_38.tscn:79	pl	JAKUB	38	source-defined	visible-or-localized-string-candidate	campaign-ordered	PASS	Jakub nie jest współrzędną powrotu; jego teraźniejszość ma własny ciężar.
TXT-00364	scenes\levels\station_38.tscn:84	und	SYSTEM_OR_UNLABELED	38	source-defined	visible-or-localized-string-candidate	campaign-ordered	PASS	STREFA DECYZJI // ZGODY RELACJI // ROZDZIELNICA SYNCHRONIZACJI
TXT-00365	scenes\levels\station_38.tscn:124	pl	JAKUB	38	source-defined	visible-or-localized-string-candidate	campaign-ordered	PASS	Śluza utrzymująca Jakuba
TXT-00366	scenes\levels\station_38.tscn:136	pl	SYSTEM_OR_UNLABELED	38	source-defined	visible-or-localized-string-candidate	campaign-ordered	PASS	Odbiornik radiowy / Łącze z Martą
TXT-00367	scenes\levels\station_38.tscn:137	pl	SYSTEM_OR_UNLABELED	38	source-defined	visible-or-localized-string-candidate	campaign-ordered	PASS	Bezpośredni kanał radiowy z Martą ustalający warunki zgody
TXT-00368	scenes\levels\station_38.tscn:148	und	SYSTEM_OR_UNLABELED	38	source-defined	visible-or-localized-string-candidate	campaign-ordered	PASS	Zapis procedury miejscowej Leny
TXT-00369	scenes\levels\station_38.tscn:149	und	SYSTEM_OR_UNLABELED	38	source-defined	visible-or-localized-string-candidate	campaign-ordered	PASS	Notatka z warunkiem abortu po 3 sekundach i ryzykownym kontaktem
TXT-00370	scenes\levels\station_38.tscn:160	und	JAKUB	38	source-defined	visible-or-localized-string-candidate	campaign-ordered	PASS	Rozdzielnica kontrolna Jakuba
TXT-00371	scenes\levels\station_38.tscn:161	und	SYSTEM_OR_UNLABELED	38	source-defined	visible-or-localized-string-candidate	campaign-ordered	PASS	Nastawa 10-sekundowego okna synchronizacji pod nadzorem brata
TXT-00372	scenes\levels\station_38.tscn:172	pl	SYSTEM_OR_UNLABELED	38	source-defined	visible-or-localized-string-candidate	campaign-ordered	PASS	Węzeł synchronizacji zgód
TXT-00373	scenes\levels\station_38.tscn:173	pl	SYSTEM_OR_UNLABELED	38	source-defined	visible-or-localized-string-candidate	campaign-ordered	PASS	Zespolenie kanałów relacyjnych przed uruchomieniem procedury
TXT-00374	scenes\levels\station_38.tscn:184	pl	SYSTEM_OR_UNLABELED	38	source-defined	visible-or-localized-string-candidate	campaign-ordered	PASS	Śluza do Komory Wyboru Metody (Przestrzeń 39)
TXT-00375	scenes\levels\station_38.tscn:185	pl	SYSTEM_OR_UNLABELED	38	source-defined	visible-or-localized-string-candidate	campaign-ordered	PASS	Przejście do centralnego pulpitu rozstrzygnięcia
TXT-00376	scenes\levels\station_39.tscn:75	pl	SYSTEM_OR_UNLABELED	39	source-defined	visible-or-localized-string-candidate	campaign-ordered	PASS	Trzy konfiguracje referencyjne. Podstruktura nie narzuca jednego oryginału.
TXT-00377	scenes\levels\station_39.tscn:80	pl	SYSTEM_OR_UNLABELED	39	source-defined	visible-or-localized-string-candidate	campaign-ordered	PASS	PULPIT WYBORU METODY // RDZEŃ KORELACYJNY // BILANS KOSZTÓW
TXT-00378	scenes\levels\station_39.tscn:117	und	SYSTEM_OR_UNLABELED	39	source-defined	visible-or-localized-string-candidate	campaign-ordered	PASS	Pulpit Metody A: Wymuszenie powrotu
TXT-00379	scenes\levels\station_39.tscn:118	pl	LENA	39	source-defined	visible-or-localized-string-candidate	campaign-ordered	PASS	Zakotwiczenie próbki domowej; koszt: miejscowa Lena pozostaje poza Równią
TXT-00380	scenes\levels\station_39.tscn:129	pl	SYSTEM_OR_UNLABELED	39	source-defined	visible-or-localized-string-candidate	campaign-ordered	PASS	Pulpit Metody B: Zamknięcie Równi
TXT-00381	scenes\levels\station_39.tscn:130	pl	LENA	39	source-defined	visible-or-localized-string-candidate	campaign-ordered	PASS	Odzyskanie ciała przez miejscową Lenę; koszt: Lena A w nieindeksowanej ciągłości
TXT-00382	scenes\levels\station_39.tscn:141	pl	SYSTEM_OR_UNLABELED	39	source-defined	visible-or-localized-string-candidate	campaign-ordered	PASS	Rdzeń korelacyjny Podstruktury
TXT-00383	scenes\levels\station_39.tscn:142	pl	MARTA	39	source-defined	visible-or-localized-string-candidate	campaign-ordered	PASS	Matryca sześciu parametrów: próbka, sygnał, Marta, Jakub, rejestr, stabilność
TXT-00384	scenes\levels\station_39.tscn:153	pl	SYSTEM_OR_UNLABELED	39	source-defined	visible-or-localized-string-candidate	campaign-ordered	PASS	Pulpit Metody C: Przejście wzajemne
TXT-00385	scenes\levels\station_39.tscn:154	pl	SYSTEM_OR_UNLABELED	39	source-defined	visible-or-localized-string-candidate	campaign-ordered	PASS	Zsynchronizowany powrót obu Len; koszt: most częściowo otwarty, przeciek pamięci
TXT-00386	scenes\levels\station_39.tscn:165	und	SYSTEM_OR_UNLABELED	39	source-defined	visible-or-localized-string-candidate	campaign-ordered	PASS	Wrota do Komory Ostatniego Impulsu (Station 40)
TXT-00387	scenes\levels\station_39.tscn:166	pl	SYSTEM_OR_UNLABELED	39	source-defined	visible-or-localized-string-candidate	campaign-ordered	PASS	Przejście do stanowiska ostatecznego zatwierdzenia
TXT-00388	scenes\levels\station_40.tscn:75	pl	SYSTEM_OR_UNLABELED	40	source-defined	visible-or-localized-string-candidate	campaign-ordered	PASS	Powrót na powierzchnię. Sala Negocjacyjna UCP zamyka ostatnie prognozy.
TXT-00389	scenes\levels\station_40.tscn:80	und	SYSTEM_OR_UNLABELED	40	source-defined	visible-or-localized-string-candidate	campaign-ordered	PASS	SALA NEGOCJACYJNA // POZIOM 0 // OSTATNI IMPULS I WERYFIKACJA
TXT-00390	scenes\levels\station_40.tscn:117	und	SYSTEM_OR_UNLABELED	40	source-defined	visible-or-localized-string-candidate	campaign-ordered	PASS	Terminal osobisty Dr Wierzbickiej
TXT-00391	scenes\levels\station_40.tscn:118	pl	SYSTEM_OR_UNLABELED	40	source-defined	visible-or-localized-string-candidate	campaign-ordered	PASS	Rejestr parametrów stabilności i wygaszania sektorów UCP
TXT-00392	scenes\levels\station_40.tscn:129	pl	SYSTEM_OR_UNLABELED	40	source-defined	visible-or-localized-string-candidate	campaign-ordered	PASS	Matryca bilansu kosztów operacyjnych
TXT-00393	scenes\levels\station_40.tscn:130	pl	SYSTEM_OR_UNLABELED	40	source-defined	visible-or-localized-string-candidate	campaign-ordered	PASS	Zestawienie nieodwracalnych skutków trzech metod dla obu miast
TXT-00394	scenes\levels\station_40.tscn:141	pl	MARTA	40	source-defined	visible-or-localized-string-candidate	campaign-ordered	PASS	Stanowisko świadka / Marta Kurek
TXT-00395	scenes\levels\station_40.tscn:142	pl	SYSTEM_OR_UNLABELED	40	source-defined	visible-or-localized-string-candidate	campaign-ordered	PASS	Potwierdzenie gotowości i obecności Marty przy ostatecznym wyborze
TXT-00396	scenes\levels\station_40.tscn:153	und	SYSTEM_OR_UNLABELED	40	source-defined	visible-or-localized-string-candidate	campaign-ordered	PASS	Monitor transmisji miejskiej / Szymon
TXT-00397	scenes\levels\station_40.tscn:154	pl	SYSTEM_OR_UNLABELED	40	source-defined	visible-or-localized-string-candidate	campaign-ordered	PASS	Publiczny rejestr świadków i zabezpieczenie pamięci miasta
TXT-00398	scenes\levels\station_40.tscn:165	pl	SYSTEM_OR_UNLABELED	40	source-defined	visible-or-localized-string-candidate	campaign-ordered	PASS	Śluza do Komory Przejścia (Station 41)
TXT-00399	scenes\levels\station_40.tscn:166	pl	SYSTEM_OR_UNLABELED	40	source-defined	visible-or-localized-string-candidate	campaign-ordered	PASS	Przejście do stanowiska załączenia odpowiedzialności
TXT-00400	scenes\levels\station_41.tscn:75	pl	SYSTEM_OR_UNLABELED	41	source-defined	visible-or-localized-string-candidate	campaign-ordered	PASS	Komora wyboru operacyjnego. Trzy stanowiska załączenia odpowiedzialności.
TXT-00401	scenes\levels\station_41.tscn:80	pl	SYSTEM_OR_UNLABELED	41	source-defined	visible-or-localized-string-candidate	campaign-ordered	PASS	KOMORA WYBORU // TRZY METODY ROZSTRZYGNIĘCIA // POZIOM 0
TXT-00402	scenes\levels\station_41.tscn:117	pl	SYSTEM_OR_UNLABELED	41	source-defined	visible-or-localized-string-candidate	campaign-ordered	PASS	Wyświetlacz topografii korelacyjnej
TXT-00403	scenes\levels\station_41.tscn:118	pl	SYSTEM_OR_UNLABELED	41	source-defined	visible-or-localized-string-candidate	campaign-ordered	PASS	Schemat rozproszenia sygnałów i powiązań pomiędzy światami
TXT-00404	scenes\levels\station_41.tscn:129	pl	SYSTEM_OR_UNLABELED	41	source-defined	visible-or-localized-string-candidate	campaign-ordered	PASS	Konsola Operacji A: Powrót
TXT-00405	scenes\levels\station_41.tscn:130	pl	SYSTEM_OR_UNLABELED	41	source-defined	visible-or-localized-string-candidate	campaign-ordered	PASS	Wymuszenie powrotu Leny do świata domowego; izolacja miejscowej Leny
TXT-00406	scenes\levels\station_41.tscn:141	pl	SYSTEM_OR_UNLABELED	41	source-defined	visible-or-localized-string-candidate	campaign-ordered	PASS	Konsola Operacji B: Zamknięcie Równi
TXT-00407	scenes\levels\station_41.tscn:142	pl	SYSTEM_OR_UNLABELED	41	source-defined	visible-or-localized-string-candidate	campaign-ordered	PASS	Przyjęcie Równi i oddanie miejsca miejscowej Lenie; odcięcie domowego świata
TXT-00408	scenes\levels\station_41.tscn:153	pl	SYSTEM_OR_UNLABELED	41	source-defined	visible-or-localized-string-candidate	campaign-ordered	PASS	Konsola Operacji C: Przejście Wzajemne
TXT-00409	scenes\levels\station_41.tscn:154	pl	SYSTEM_OR_UNLABELED	41	source-defined	visible-or-localized-string-candidate	campaign-ordered	PASS	Zsynchronizowany powrót obu Len; zachowanie mostu ze sprzecznym śladem
TXT-00410	scenes\levels\station_41.tscn:165	pl	SYSTEM_OR_UNLABELED	41	source-defined	visible-or-localized-string-candidate	campaign-ordered	PASS	Wrota rozstrzygnięcia finałowego
TXT-00411	scenes\levels\station_41.tscn:166	pl	SYSTEM_OR_UNLABELED	41	source-defined	visible-or-localized-string-candidate	campaign-ordered	PASS	Przejście do manifestacji wybranej metody
TXT-00412	scenes\levels\station_42a.tscn:64	pl	SYSTEM_OR_UNLABELED	42	source-defined	visible-or-localized-string-candidate	campaign-ordered	PASS	Ten sam stół. Świt. Jedno miejsce puste.
TXT-00413	scenes\levels\station_42a.tscn:69	pl	SYSTEM_OR_UNLABELED	42	source-defined	visible-or-localized-string-candidate	campaign-ordered	PASS	POWRÓT // PUSTE KRZESŁO // PRÓG MIĘDZY ADRESAMI
TXT-00414	scenes\levels\station_42a.tscn:123	und	SYSTEM_OR_UNLABELED	42	source-defined	visible-or-localized-string-candidate	campaign-ordered	PASS	Rygiel wymuszonego powrotu
TXT-00415	scenes\levels\station_42a.tscn:124	pl	SYSTEM_OR_UNLABELED	42	source-defined	visible-or-localized-string-candidate	campaign-ordered	PASS	Zamyka przybyłą Lenę w jej adresie
TXT-00416	scenes\levels\station_42a.tscn:134	pl	SYSTEM_OR_UNLABELED	42	source-defined	visible-or-localized-string-candidate	campaign-ordered	PASS	Zapieczętowany próg
TXT-00417	scenes\levels\station_42a.tscn:135	pl	LENA	42	source-defined	visible-or-localized-string-candidate	campaign-ordered	PASS	Druga Lena zostaje między adresami
TXT-00418	scenes\levels\station_42a.tscn:146	pl	SYSTEM_OR_UNLABELED	42	source-defined	visible-or-localized-string-candidate	campaign-ordered	PASS	Stół z pustym krzesłem
TXT-00419	scenes\levels\station_42a.tscn:147	pl	SYSTEM_OR_UNLABELED	42	source-defined	visible-or-localized-string-candidate	campaign-ordered	PASS	Skutek dla osób w tej przestrzeni
TXT-00420	scenes\levels\station_42b.tscn:65	pl	SYSTEM_OR_UNLABELED	42	source-defined	visible-or-localized-string-candidate	campaign-ordered	PASS	Przepływ zamknięty. Próg cichy. Ona jest w środku.
TXT-00421	scenes\levels\station_42b.tscn:70	pl	SYSTEM_OR_UNLABELED	42	source-defined	visible-or-localized-string-candidate	campaign-ordered	PASS	ZAMKNIĘCIE RÓWNI // ODZYSKANE CIAŁO // NIEINDEKSOWANA OBECNOŚĆ
TXT-00422	scenes\levels\station_42b.tscn:133	pl	SYSTEM_OR_UNLABELED	42	source-defined	visible-or-localized-string-candidate	campaign-ordered	PASS	Zabezpieczenie przewodu Równi
TXT-00423	scenes\levels\station_42b.tscn:134	pl	SYSTEM_OR_UNLABELED	42	source-defined	visible-or-localized-string-candidate	campaign-ordered	PASS	Zamyka przepływ między adresami
TXT-00424	scenes\levels\station_42b.tscn:145	pl	SYSTEM_OR_UNLABELED	42	source-defined	visible-or-localized-string-candidate	campaign-ordered	PASS	Próg mieszkania 14
TXT-00425	scenes\levels\station_42b.tscn:146	pl	LENA	42	source-defined	visible-or-localized-string-candidate	campaign-ordered	PASS	Miejscowa Lena odzyskuje ciało i dom
TXT-00426	scenes\levels\station_42b.tscn:157	pl	SYSTEM_OR_UNLABELED	42	source-defined	visible-or-localized-string-candidate	campaign-ordered	PASS	Stół nieindeksowanej obecności
TXT-00427	scenes\levels\station_42b.tscn:158	pl	SYSTEM_OR_UNLABELED	42	source-defined	visible-or-localized-string-candidate	campaign-ordered	PASS	Obecność uznana bez fałszerstwa rejestru
TXT-00428	scenes\levels\station_42c.tscn:65	pl	SYSTEM_OR_UNLABELED	42	source-defined	visible-or-localized-string-candidate	campaign-ordered	PASS	Dwa czytniki. Świt. Ta sama sekunda po obu stronach.
TXT-00429	scenes\levels\station_42c.tscn:70	pl	SYSTEM_OR_UNLABELED	42	source-defined	visible-or-localized-string-candidate	campaign-ordered	PASS	PRZEJŚCIE WZAJEMNE // TRWAŁY PRZECIEK // OBIE LENY
TXT-00430	scenes\levels\station_42c.tscn:133	pl	SYSTEM_OR_UNLABELED	42	source-defined	visible-or-localized-string-candidate	campaign-ordered	PASS	Zwolnienie wzajemnego przejścia
TXT-00431	scenes\levels\station_42c.tscn:134	pl	SYSTEM_OR_UNLABELED	42	source-defined	visible-or-localized-string-candidate	campaign-ordered	PASS	Otwiera równoległe przejście między światami
TXT-00432	scenes\levels\station_42c.tscn:145	pl	SYSTEM_OR_UNLABELED	42	source-defined	visible-or-localized-string-candidate	campaign-ordered	PASS	Próg trwałego przecieku pamięci
TXT-00433	scenes\levels\station_42c.tscn:146	pl	SYSTEM_OR_UNLABELED	42	source-defined	visible-or-localized-string-candidate	campaign-ordered	PASS	Dwa czytniki rejestrują tę samą sekundę
TXT-00434	scenes\levels\station_42c.tscn:157	pl	SYSTEM_OR_UNLABELED	42	source-defined	visible-or-localized-string-candidate	campaign-ordered	PASS	Stół dwóch domów
TXT-00435	scenes\levels\station_42c.tscn:158	pl	SYSTEM_OR_UNLABELED	42	source-defined	visible-or-localized-string-candidate	campaign-ordered	PASS	Dwa kubki i połączony ślad pamięci
TXT-00436	scenes\levels\station_43.tscn:70	pl	SYSTEM_OR_UNLABELED	43	source-defined	visible-or-localized-string-candidate	campaign-ordered	PASS	Epilog. Miasto żyje dalej z dokonanym wyborem i utrwaloną ciągłością.
TXT-00437	scenes\levels\station_43.tscn:75	pl	SYSTEM_OR_UNLABELED	43	source-defined	visible-or-localized-string-candidate	campaign-ordered	PASS	EPILOG // ZAPIS NOWEJ CIĄGŁOŚCI // CREDITS / LICENCJE
TXT-00438	scenes\levels\station_43.tscn:82	pl	LENA	43	source-defined	visible-or-localized-string-candidate	campaign-ordered	PASS	LICENCJE // MANIFEST RUNTIME\nAUDIO: ZERO-ASSET SYNTH\nŚWIAT: PROCEDURAL PIXEL-STAGE\nLENA 4.1: 22 PNG 64x104\nPORTRETY CRT: 5 PNG\nGODOT 4.7.2 (MIT)\nFREETYPE // HARFBUZZ // ICU\nACCESSKIT // ZLIB/LIBPNG // ENET/MBEDTLS
TXT-00439	scenes\levels\station_43.tscn:90	pl	SYSTEM_OR_UNLABELED	43	source-defined	visible-or-localized-string-candidate	campaign-ordered	PASS	CREDITS // PRODUCTION\nGETTING STRANGE\nLEAD PROGRAMMER & ART DIRECTOR\nKANON FABUŁY 0.3\nRENDER: PIXEL-STAGE 640x360\nSTEROWANIE: INPUTMAP // 60 HZ\nAUDIO: PROCEDURAL WAVEFORM SYNTH\nPL / EN SHELL // SUBTITLES
TXT-00440	scenes\levels\station_43.tscn:128	pl	SYSTEM_OR_UNLABELED	43	source-defined	visible-or-localized-string-candidate	campaign-ordered	PASS	Tablica ogłoszeń i komunikatów miejskich
TXT-00441	scenes\levels\station_43.tscn:129	pl	SYSTEM_OR_UNLABELED	43	source-defined	visible-or-localized-string-candidate	campaign-ordered	PASS	Rejestr zmian w infrastrukturze i życiu mieszkańców po rozstrzygnięciu
TXT-00442	scenes\levels\station_43.tscn:140	pl	SYSTEM_OR_UNLABELED	43	source-defined	visible-or-localized-string-candidate	campaign-ordered	PASS	Napisy końcowe na elementach miasta
TXT-00443	scenes\levels\station_43.tscn:141	pl	SYSTEM_OR_UNLABELED	43	source-defined	visible-or-localized-string-candidate	campaign-ordered	PASS	Dossier spraw, tablice pracowni i rozkłady jazdy jako napisy
TXT-00444	scenes\levels\station_43.tscn:152	pl	SYSTEM_OR_UNLABELED	43	source-defined	visible-or-localized-string-candidate	campaign-ordered	PASS	Zapis nowej ciągłości / Wyjście do menu
TXT-00445	scenes\levels\station_43.tscn:153	pl	SYSTEM_OR_UNLABELED	43	source-defined	visible-or-localized-string-candidate	campaign-ordered	PASS	Ostateczne utrwalenie stanu świata i powrót do ekranu tytułowego
TXT-00446	scenes\prototype\anchor_lab.tscn:122	und	SYSTEM_OR_UNLABELED	-	source-defined	visible-or-localized-string-candidate	campaign-ordered	PASS	Chamber 1 Bridge
TXT-00447	scenes\prototype\anchor_lab.tscn:134	und	SYSTEM_OR_UNLABELED	-	source-defined	visible-or-localized-string-candidate	campaign-ordered	PASS	Chamber 2 Lift
TXT-00448	scenes\prototype\anchor_lab.tscn:146	und	SYSTEM_OR_UNLABELED	-	source-defined	visible-or-localized-string-candidate	campaign-ordered	PASS	Chamber 3 Bridge
TXT-00449	scenes\prototype\anchor_lab.tscn:160	und	SYSTEM_OR_UNLABELED	-	source-defined	visible-or-localized-string-candidate	campaign-ordered	PASS	Chamber 3 Gate
TXT-00450	scenes\prototype\anchor_lab.tscn:169	und	SYSTEM_OR_UNLABELED	-	source-defined	visible-or-localized-string-candidate	campaign-ordered	PASS	Lab Crate A
TXT-00451	scenes\prototype\anchor_lab.tscn:179	und	SYSTEM_OR_UNLABELED	-	source-defined	visible-or-localized-string-candidate	campaign-ordered	PASS	Lab Crate B
TXT-00452	scripts\audio\procedural_audio.gd:358	und	SYSTEM_OR_UNLABELED	-	source-defined	visible-or-localized-string-candidate	campaign-ordered	PASS	urlop przerwany
TXT-00453	scripts\campaign\cold_open_facts.gd:35	pl	SYSTEM_OR_UNLABELED	-	source-defined	visible-or-localized-string-candidate	campaign-ordered	PASS	jestem kobietą przy pracy technicznej
TXT-00454	scripts\campaign\cold_open_facts.gd:41	pl	SYSTEM_OR_UNLABELED	-	source-defined	visible-or-localized-string-candidate	campaign-ordered	PASS	to jest miejsce pracy, nie laboratorium fabuły
TXT-00455	scripts\campaign\cold_open_facts.gd:47	pl	SYSTEM_OR_UNLABELED	-	source-defined	visible-or-localized-string-candidate	campaign-ordered	PASS	coś jest nie tak z pomiarem
TXT-00456	scripts\campaign\cold_open_facts.gd:53	pl	SYSTEM_OR_UNLABELED	-	source-defined	visible-or-localized-string-candidate	campaign-ordered	PASS	mam narzędzie i procedurę
TXT-00457	scripts\campaign\cold_open_facts.gd:59	pl	SYSTEM_OR_UNLABELED	-	source-defined	visible-or-localized-string-candidate	campaign-ordered	PASS	ktoś na mnie czeka
TXT-00458	scripts\campaign\cold_open_facts.gd:92	und	SYSTEM_OR_UNLABELED	-	source-defined	visible-or-localized-string-candidate	campaign-ordered	PASS	LINIA 4
TXT-00459	scripts\campaign\cold_open_facts.gd:93	und	SYSTEM_OR_UNLABELED	-	source-defined	visible-or-localized-string-candidate	campaign-ordered	PASS	-20 s
TXT-00460	scripts\campaign\cold_open_facts.gd:94	und	SYSTEM_OR_UNLABELED	-	source-defined	visible-or-localized-string-candidate	campaign-ordered	PASS	-10 s
TXT-00461	scripts\campaign\cold_open_facts.gd:95	und	SYSTEM_OR_UNLABELED	-	source-defined	visible-or-localized-string-candidate	campaign-ordered	PASS	0 s
TXT-00462	scripts\campaign\cold_open_facts.gd:96	und	SYSTEM_OR_UNLABELED	-	source-defined	visible-or-localized-string-candidate	campaign-ordered	PASS	-03,0 s
TXT-00463	scripts\campaign\cold_open_facts.gd:97	und	SYSTEM_OR_UNLABELED	-	source-defined	visible-or-localized-string-candidate	campaign-ordered	PASS	ARCHIWUM  20:14
TXT-00464	scripts\campaign\cold_open_facts.gd:98	pl	MARTA	-	source-defined	visible-or-localized-string-candidate	campaign-ordered	PASS	MARTA  20:31\nHerbata stoi. Wpół do dziewiątej?
TXT-00465	scripts\campaign\cold_open_facts.gd:99	pl	SYSTEM_OR_UNLABELED	-	source-defined	visible-or-localized-string-candidate	campaign-ordered	PASS	POMIŃ ▸
TXT-00466	scripts\campaign\cold_open_facts.gd:100	pl	LENA	-	source-defined	visible-or-localized-string-candidate	campaign-ordered	PASS	Przejazd był. Drgania są. Trzech sekund zapisu nie ma.
TXT-00467	scripts\campaign\cold_open_facts.gd:106	pl	SYSTEM_OR_UNLABELED	-	source-defined	visible-or-localized-string-candidate	campaign-ordered	PASS	inny świat
TXT-00468	scripts\campaign\cold_open_facts.gd:106	pl	SYSTEM_OR_UNLABELED	-	source-defined	visible-or-localized-string-candidate	campaign-ordered	PASS	innego świata
TXT-00469	scripts\campaign\cold_open_facts.gd:106	pl	SYSTEM_OR_UNLABELED	-	source-defined	visible-or-localized-string-candidate	campaign-ordered	PASS	innym świecie
TXT-00470	scripts\campaign\cold_open_facts.gd:174	und	SYSTEM_OR_UNLABELED	-	source-defined	visible-or-localized-string-candidate	campaign-ordered	PASS	ColdOpenFacts: unknown fact %s
TXT-00471	scripts\campaign\cold_open_facts.gd:179	und	SYSTEM_OR_UNLABELED	-	source-defined	visible-or-localized-string-candidate	campaign-ordered	PASS	%s:%s
TXT-00472	scripts\campaign\cold_open_facts.gd:187	und	SYSTEM_OR_UNLABELED	-	source-defined	visible-or-localized-string-candidate	campaign-ordered	PASS	ColdOpenFacts: unknown vibration step %s
TXT-00473	scripts\campaign\cold_open_facts.gd:196	und	SYSTEM_OR_UNLABELED	-	source-defined	visible-or-localized-string-candidate	campaign-ordered	PASS	%d:%s
TXT-00474	scripts\campaign\gap_ledger.gd:17	pl	SYSTEM_OR_UNLABELED	-	source-defined	visible-or-localized-string-candidate	campaign-ordered	PASS	Powinnam powtórzyć odczyt.
TXT-00475	scripts\campaign\gap_ledger.gd:18	und	SYSTEM_OR_UNLABELED	-	source-defined	visible-or-localized-string-candidate	campaign-ordered	PASS	I should repeat the reading.
TXT-00476	scripts\campaign\gap_ledger.gd:26	pl	SYSTEM_OR_UNLABELED	-	source-defined	visible-or-localized-string-candidate	campaign-ordered	PASS	Nie sprawdziłam, ile to obejście naprawdę zajmuje.
TXT-00477	scripts\campaign\gap_ledger.gd:27	und	SYSTEM_OR_UNLABELED	-	source-defined	visible-or-localized-string-candidate	campaign-ordered	PASS	I never checked how long the detour actually takes.
TXT-00478	scripts\campaign\gap_ledger.gd:35	pl	SYSTEM_OR_UNLABELED	-	source-defined	visible-or-localized-string-candidate	campaign-ordered	PASS	Nie spojrzałam na rozkład.
TXT-00479	scripts\campaign\gap_ledger.gd:36	und	SYSTEM_OR_UNLABELED	-	source-defined	visible-or-localized-string-candidate	campaign-ordered	PASS	I didn't look at the timetable.
TXT-00480	scripts\campaign\gap_ledger.gd:44	pl	SYSTEM_OR_UNLABELED	-	source-defined	visible-or-localized-string-candidate	campaign-ordered	PASS	Powinnam jej odpisać.
TXT-00481	scripts\campaign\gap_ledger.gd:45	und	SYSTEM_OR_UNLABELED	-	source-defined	visible-or-localized-string-candidate	campaign-ordered	PASS	I should reply to her.
TXT-00482	scripts\campaign\gap_ledger.gd:53	pl	SYSTEM_OR_UNLABELED	-	source-defined	visible-or-localized-string-candidate	campaign-ordered	PASS	Nie sprawdziłam czytnika.
TXT-00483	scripts\campaign\gap_ledger.gd:54	und	SYSTEM_OR_UNLABELED	-	source-defined	visible-or-localized-string-candidate	campaign-ordered	PASS	I didn't check the reader.
TXT-00484	scripts\campaign\gap_ledger.gd:62	pl	SYSTEM_OR_UNLABELED	-	source-defined	visible-or-localized-string-candidate	campaign-ordered	PASS	Nie sprawdziłam ulicy do domu.
TXT-00485	scripts\campaign\gap_ledger.gd:63	und	SYSTEM_OR_UNLABELED	-	source-defined	visible-or-localized-string-candidate	campaign-ordered	PASS	I didn't check the street home.
TXT-00486	scripts\campaign\gap_ledger.gd:71	pl	SYSTEM_OR_UNLABELED	-	source-defined	visible-or-localized-string-candidate	campaign-ordered	PASS	Rozkład na kiosku zostawiłam nietknięty.
TXT-00487	scripts\campaign\gap_ledger.gd:72	und	SYSTEM_OR_UNLABELED	-	source-defined	visible-or-localized-string-candidate	campaign-ordered	PASS	I left the kiosk timetable unread.
TXT-00488	scripts\campaign\gap_ledger.gd:80	pl	SYSTEM_OR_UNLABELED	-	source-defined	visible-or-localized-string-candidate	campaign-ordered	PASS	Nie porównałam adresu na papierze.
TXT-00489	scripts\campaign\gap_ledger.gd:81	und	SYSTEM_OR_UNLABELED	-	source-defined	visible-or-localized-string-candidate	campaign-ordered	PASS	I didn't compare the address on paper.
TXT-00490	scripts\campaign\gap_ledger.gd:89	pl	SYSTEM_OR_UNLABELED	-	source-defined	visible-or-localized-string-candidate	campaign-ordered	PASS	Nie zagadnęłam sąsiadki.
TXT-00491	scripts\campaign\gap_ledger.gd:90	und	SYSTEM_OR_UNLABELED	-	source-defined	visible-or-localized-string-candidate	campaign-ordered	PASS	I didn't speak to the neighbour.
TXT-00492	scripts\campaign\gap_ledger.gd:98	pl	SYSTEM_OR_UNLABELED	-	source-defined	visible-or-localized-string-candidate	campaign-ordered	PASS	Pominęłam zapis na piętrze.
TXT-00493	scripts\campaign\gap_ledger.gd:99	und	SYSTEM_OR_UNLABELED	-	source-defined	visible-or-localized-string-candidate	campaign-ordered	PASS	I skipped the floor record.
TXT-00494	scripts\campaign\gap_ledger.gd:107	pl	SYSTEM_OR_UNLABELED	-	source-defined	visible-or-localized-string-candidate	campaign-ordered	PASS	Nie sprawdziłam klucza w zamku.
TXT-00495	scripts\campaign\gap_ledger.gd:108	und	SYSTEM_OR_UNLABELED	-	source-defined	visible-or-localized-string-candidate	campaign-ordered	PASS	I didn't try the key in the lock.
TXT-00496	scripts\campaign\gap_ledger.gd:116	pl	SYSTEM_OR_UNLABELED	-	source-defined	visible-or-localized-string-candidate	campaign-ordered	PASS	Zostawiłam zdjęcie nietknięte.
TXT-00497	scripts\campaign\gap_ledger.gd:117	und	SYSTEM_OR_UNLABELED	-	source-defined	visible-or-localized-string-candidate	campaign-ordered	PASS	I left the photograph untouched.
TXT-00498	scripts\campaign\gap_ledger.gd:125	pl	SYSTEM_OR_UNLABELED	-	source-defined	visible-or-localized-string-candidate	campaign-ordered	PASS	Nie odsłuchałam nagrania.
TXT-00499	scripts\campaign\gap_ledger.gd:126	und	SYSTEM_OR_UNLABELED	-	source-defined	visible-or-localized-string-candidate	campaign-ordered	PASS	I didn't listen to the recording.
TXT-00500	scripts\campaign\gap_ledger.gd:134	pl	SYSTEM_OR_UNLABELED	-	source-defined	visible-or-localized-string-candidate	campaign-ordered	PASS	Szuflady nie otworzyłam do końca.
TXT-00501	scripts\campaign\gap_ledger.gd:135	und	SYSTEM_OR_UNLABELED	-	source-defined	visible-or-localized-string-candidate	campaign-ordered	PASS	I didn't finish the drawer.
TXT-00502	scripts\campaign\gap_ledger.gd:143	pl	SYSTEM_OR_UNLABELED	-	source-defined	visible-or-localized-string-candidate	campaign-ordered	PASS	Wyszłam, zanim maszyna pokazała oba stany.
TXT-00503	scripts\campaign\gap_ledger.gd:144	und	SYSTEM_OR_UNLABELED	-	source-defined	visible-or-localized-string-candidate	campaign-ordered	PASS	I left before the machine showed both states.
TXT-00504	scripts\campaign\gap_ledger.gd:152	pl	SYSTEM_OR_UNLABELED	-	source-defined	visible-or-localized-string-candidate	campaign-ordered	PASS	Nie domknęłam próby sygnału.
TXT-00505	scripts\campaign\gap_ledger.gd:153	und	SYSTEM_OR_UNLABELED	-	source-defined	visible-or-localized-string-candidate	campaign-ordered	PASS	I didn't finish the signal trial.
TXT-00506	scripts\campaign\gap_ledger.gd:161	pl	SYSTEM_OR_UNLABELED	-	source-defined	visible-or-localized-string-candidate	campaign-ordered	PASS	Nie potwierdziłam echa domu.
TXT-00507	scripts\campaign\gap_ledger.gd:162	und	SYSTEM_OR_UNLABELED	-	source-defined	visible-or-localized-string-candidate	campaign-ordered	PASS	I didn't confirm the home echo.
TXT-00508	scripts\campaign\gap_ledger.gd:170	pl	JAKUB	-	source-defined	visible-or-localized-string-candidate	campaign-ordered	PASS	Nie zapisałam zakresu zgody Jakuba.
TXT-00509	scripts\campaign\gap_ledger.gd:171	und	JAKUB	-	source-defined	visible-or-localized-string-candidate	campaign-ordered	PASS	I didn't record Jakub's consent scope.
TXT-00510	scripts\campaign\gap_ledger.gd:179	pl	SYSTEM_OR_UNLABELED	-	source-defined	visible-or-localized-string-candidate	campaign-ordered	PASS	Wyszłam, nie zatwierdzając metody.
TXT-00511	scripts\campaign\gap_ledger.gd:180	und	SYSTEM_OR_UNLABELED	-	source-defined	visible-or-localized-string-candidate	campaign-ordered	PASS	I left without committing a method.
TXT-00512	scripts\characters\character_visual_rig.gd:87	und	SYSTEM_OR_UNLABELED	-	source-defined	visible-or-localized-string-candidate	campaign-ordered	PASS	CharacterVisualRig: missing idle sprite under %s
TXT-00513	scripts\core\game_state_manager.gd:306	und	SYSTEM_OR_UNLABELED	-	source-defined	visible-or-localized-string-candidate	campaign-ordered	PASS	ready current_scene=%s save_valid=%s checkpoint=%s
TXT-00514	scripts\core\game_state_manager.gd:317	und	SYSTEM_OR_UNLABELED	-	source-defined	visible-or-localized-string-candidate	campaign-ordered	PASS	campaign_saved checkpoint=%s position=%s completed=%s
TXT-00515	scripts\core\game_state_manager.gd:328	und	SYSTEM_OR_UNLABELED	-	source-defined	visible-or-localized-string-candidate	campaign-ordered	PASS	transition_finished target=%s current_scene=%s
TXT-00516	scripts\core\game_state_manager.gd:345	und	SYSTEM_OR_UNLABELED	-	source-defined	visible-or-localized-string-candidate	campaign-ordered	PASS	GameStateManager could not open runtime trace path: %s
TXT-00517	scripts\core\game_state_manager.gd:454	und	SYSTEM_OR_UNLABELED	-	source-defined	visible-or-localized-string-candidate	campaign-ordered	PASS	p7.%s.
TXT-00518	scripts\core\game_state_manager.gd:455	und	SYSTEM_OR_UNLABELED	-	source-defined	visible-or-localized-string-candidate	campaign-ordered	PASS	p7.%s.migration_revision
TXT-00519	scripts\core\game_state_manager.gd:465	und	SYSTEM_OR_UNLABELED	-	source-defined	visible-or-localized-string-candidate	campaign-ordered	PASS	p7.%s.migration_revision
TXT-00520	scripts\core\game_state_manager.gd:885	und	SYSTEM_OR_UNLABELED	-	source-defined	visible-or-localized-string-candidate	campaign-ordered	PASS	GameStateManager cannot write settings: %s
TXT-00521	scripts\core\game_state_manager.gd:906	und	SYSTEM_OR_UNLABELED	-	source-defined	visible-or-localized-string-candidate	campaign-ordered	PASS	GameStateManager ignored unsupported settings schema; using defaults.
TXT-00522	scripts\core\game_state_manager.gd:1059	und	SYSTEM_OR_UNLABELED	-	source-defined	visible-or-localized-string-candidate	campaign-ordered	PASS	PAD A
TXT-00523	scripts\core\game_state_manager.gd:1059	und	SYSTEM_OR_UNLABELED	-	source-defined	visible-or-localized-string-candidate	campaign-ordered	PASS	PAD B
TXT-00524	scripts\core\game_state_manager.gd:1059	und	SYSTEM_OR_UNLABELED	-	source-defined	visible-or-localized-string-candidate	campaign-ordered	PASS	PAD X
TXT-00525	scripts\core\game_state_manager.gd:1059	und	SYSTEM_OR_UNLABELED	-	source-defined	visible-or-localized-string-candidate	campaign-ordered	PASS	PAD Y
TXT-00526	scripts\core\game_state_manager.gd:1060	und	SYSTEM_OR_UNLABELED	-	source-defined	visible-or-localized-string-candidate	campaign-ordered	PASS	PAD LB
TXT-00527	scripts\core\game_state_manager.gd:1060	und	SYSTEM_OR_UNLABELED	-	source-defined	visible-or-localized-string-candidate	campaign-ordered	PASS	PAD RB
TXT-00528	scripts\core\game_state_manager.gd:1060	und	SYSTEM_OR_UNLABELED	-	source-defined	visible-or-localized-string-candidate	campaign-ordered	PASS	PAD BACK
TXT-00529	scripts\core\game_state_manager.gd:1060	und	SYSTEM_OR_UNLABELED	-	source-defined	visible-or-localized-string-candidate	campaign-ordered	PASS	PAD START
TXT-00530	scripts\core\game_state_manager.gd:1061	und	SYSTEM_OR_UNLABELED	-	source-defined	visible-or-localized-string-candidate	campaign-ordered	PASS	PAD L3
TXT-00531	scripts\core\game_state_manager.gd:1061	und	SYSTEM_OR_UNLABELED	-	source-defined	visible-or-localized-string-candidate	campaign-ordered	PASS	PAD R3
TXT-00532	scripts\core\game_state_manager.gd:1061	und	SYSTEM_OR_UNLABELED	-	source-defined	visible-or-localized-string-candidate	campaign-ordered	PASS	PAD D↑
TXT-00533	scripts\core\game_state_manager.gd:1061	und	SYSTEM_OR_UNLABELED	-	source-defined	visible-or-localized-string-candidate	campaign-ordered	PASS	PAD D↓
TXT-00534	scripts\core\game_state_manager.gd:1062	und	SYSTEM_OR_UNLABELED	-	source-defined	visible-or-localized-string-candidate	campaign-ordered	PASS	PAD D←
TXT-00535	scripts\core\game_state_manager.gd:1062	und	SYSTEM_OR_UNLABELED	-	source-defined	visible-or-localized-string-candidate	campaign-ordered	PASS	PAD D→
TXT-00536	scripts\core\game_state_manager.gd:1064	und	SYSTEM_OR_UNLABELED	-	source-defined	visible-or-localized-string-candidate	campaign-ordered	PASS	PAD %d
TXT-00537	scripts\core\game_state_manager.gd:1067	und	SYSTEM_OR_UNLABELED	-	source-defined	visible-or-localized-string-candidate	campaign-ordered	PASS	PAD L
TXT-00538	scripts\core\game_state_manager.gd:1067	und	SYSTEM_OR_UNLABELED	-	source-defined	visible-or-localized-string-candidate	campaign-ordered	PASS	PAD R
TXT-00539	scripts\core\game_state_manager.gd:1103	und	SYSTEM_OR_UNLABELED	-	source-defined	visible-or-localized-string-candidate	campaign-ordered	PASS	key|%d|%d|%d|%d|%d|%d|%d|%d|%d
TXT-00540	scripts\core\game_state_manager.gd:1109	und	SYSTEM_OR_UNLABELED	-	source-defined	visible-or-localized-string-candidate	campaign-ordered	PASS	joy_button|%d
TXT-00541	scripts\core\game_state_manager.gd:1229	und	SYSTEM_OR_UNLABELED	-	source-defined	visible-or-localized-string-candidate	campaign-ordered	PASS	GameStateManager cannot write campaign save: %s
TXT-00542	scripts\core\game_state_manager.gd:1248	und	SYSTEM_OR_UNLABELED	-	source-defined	visible-or-localized-string-candidate	campaign-ordered	PASS	GameStateManager could not open campaign save; using a clean campaign.
TXT-00543	scripts\core\game_state_manager.gd:1259	und	SYSTEM_OR_UNLABELED	-	source-defined	visible-or-localized-string-candidate	campaign-ordered	PASS	GameStateManager ignored malformed campaign save; using a clean campaign.
TXT-00544	scripts\core\game_state_manager.gd:1264	und	SYSTEM_OR_UNLABELED	-	source-defined	visible-or-localized-string-candidate	campaign-ordered	PASS	GameStateManager ignored unsupported campaign schema; using a clean campaign.
TXT-00545	scripts\core\game_state_manager.gd:1307	und	SYSTEM_OR_UNLABELED	-	source-defined	visible-or-localized-string-candidate	campaign-ordered	PASS	GameStateManager cannot load unknown station: %s
TXT-00546	scripts\core\game_state_manager.gd:1310	und	SYSTEM_OR_UNLABELED	-	source-defined	visible-or-localized-string-candidate	campaign-ordered	PASS	GameStateManager blocked locked station: %s
TXT-00547	scripts\core\game_state_manager.gd:1314	und	SYSTEM_OR_UNLABELED	-	source-defined	visible-or-localized-string-candidate	campaign-ordered	PASS	GameStateManager cannot load station: %s
TXT-00548	scripts\core\game_state_manager.gd:1416	und	SYSTEM_OR_UNLABELED	-	source-defined	visible-or-localized-string-candidate	campaign-ordered	PASS	p7.%s.migration_revision
TXT-00549	scripts\core\game_state_manager.gd:1423	und	SYSTEM_OR_UNLABELED	-	source-defined	visible-or-localized-string-candidate	campaign-ordered	PASS	p7.%s.
TXT-00550	scripts\core\game_state_manager.gd:1495	und	SYSTEM_OR_UNLABELED	-	source-defined	visible-or-localized-string-candidate	campaign-ordered	PASS	KAMPANIA  //  PAUZA
TXT-00551	scripts\core\game_state_manager.gd:1513	pl	SYSTEM_OR_UNLABELED	-	source-defined	visible-or-localized-string-candidate	campaign-ordered	PASS	WZNÓW
TXT-00552	scripts\core\game_state_manager.gd:1516	und	SYSTEM_OR_UNLABELED	-	source-defined	visible-or-localized-string-candidate	campaign-ordered	PASS	TRYB TESTOWY: OFF
TXT-00553	scripts\core\game_state_manager.gd:1517	und	SYSTEM_OR_UNLABELED	-	source-defined	visible-or-localized-string-candidate	campaign-ordered	PASS	RESET ZAPISU
TXT-00554	scripts\core\game_state_manager.gd:1528	pl	SYSTEM_OR_UNLABELED	-	source-defined	visible-or-localized-string-candidate	campaign-ordered	PASS	PAUZA: POWRÓT  //  INTERAKCJA: WYBÓR
TXT-00555	scripts\core\game_state_manager.gd:1598	pl	SYSTEM_OR_UNLABELED	-	source-defined	visible-or-localized-string-candidate	campaign-ordered	PASS	Przestrzeń 
TXT-00556	scripts\core\game_state_manager.gd:1783	und	SYSTEM_OR_UNLABELED	-	source-defined	visible-or-localized-string-candidate	campaign-ordered	PASS	station_%02d
TXT-00557	scripts\core\game_state_manager.gd:1796	und	SYSTEM_OR_UNLABELED	-	source-defined	visible-or-localized-string-candidate	campaign-ordered	PASS	station_%02d
TXT-00558	scripts\core\localization_manager.gd:12	pl_or_en	SYSTEM_OR_UNLABELED	-	source-defined	visible-or-localized-string-candidate	campaign-ordered	PASS	ROZPOCZNIJ POMIAR (21:45)
TXT-00559	scripts\core\localization_manager.gd:13	pl_or_en	SYSTEM_OR_UNLABELED	-	source-defined	visible-or-localized-string-candidate	campaign-ordered	PASS	PROFIL RUCHU:
TXT-00560	scripts\core\localization_manager.gd:14	pl_or_en	SYSTEM_OR_UNLABELED	-	source-defined	visible-or-localized-string-candidate	campaign-ordered	PASS	PROFIL A: BAZOWY (IKP STANDARD)
TXT-00561	scripts\core\localization_manager.gd:15	pl	SYSTEM_OR_UNLABELED	-	source-defined	visible-or-localized-string-candidate	campaign-ordered	PASS	PROFIL B: SPRĘŻYSTY (SZYBKI)
TXT-00562	scripts\core\localization_manager.gd:16	pl_or_en	SYSTEM_OR_UNLABELED	-	source-defined	visible-or-localized-string-candidate	campaign-ordered	PASS	PROFIL C: INERCYJNY (MASA)
TXT-00563	scripts\core\localization_manager.gd:17	pl_or_en	SYSTEM_OR_UNLABELED	-	source-defined	visible-or-localized-string-candidate	campaign-ordered	PASS	[R] RESTART KOMORY
TXT-00564	scripts\core\localization_manager.gd:18	pl_or_en	SYSTEM_OR_UNLABELED	-	source-defined	visible-or-localized-string-candidate	campaign-ordered	PASS	[C / SHIFT] ZAKOTWICZENIE MATERII
TXT-00565	scripts\core\localization_manager.gd:19	pl_or_en	SYSTEM_OR_UNLABELED	-	source-defined	visible-or-localized-string-candidate	campaign-ordered	PASS	[E / SPACJA] INTERAKCJA / REZONANS
TXT-00566	scripts\core\localization_manager.gd:20	pl	SYSTEM_OR_UNLABELED	-	source-defined	visible-or-localized-string-candidate	campaign-ordered	PASS	OSOBISTY THRILLER // POWRÓT PRZEZ LINIĘ 4
TXT-00567	scripts\core\localization_manager.gd:21	pl	MARTA	-	source-defined	visible-or-localized-string-candidate	campaign-ordered	PASS	Marta czeka na Lenę. Trzy sekundy z Linii 4 nie chcą zniknąć.
TXT-00568	scripts\core\localization_manager.gd:22	pl_or_en	SYSTEM_OR_UNLABELED	-	source-defined	visible-or-localized-string-candidate	campaign-ordered	PASS	NOWA GRA
TXT-00569	scripts\core\localization_manager.gd:24	pl	SYSTEM_OR_UNLABELED	-	source-defined	visible-or-localized-string-candidate	campaign-ordered	PASS	POWTÓRZ EPILOG
TXT-00570	scripts\core\localization_manager.gd:26	pl	SYSTEM_OR_UNLABELED	-	source-defined	visible-or-localized-string-candidate	campaign-ordered	PASS	ZAKOŃCZ
TXT-00571	scripts\core\localization_manager.gd:27	pl	SYSTEM_OR_UNLABELED	-	source-defined	visible-or-localized-string-candidate	campaign-ordered	PASS	WZNÓW // %s%s
TXT-00572	scripts\core\localization_manager.gd:28	pl_or_en	SYSTEM_OR_UNLABELED	-	source-defined	visible-or-localized-string-candidate	campaign-ordered	PASS	ZACZNIJ // OSTATNI ODCZYT PRZY LINII 4
TXT-00573	scripts\core\localization_manager.gd:29	pl	SYSTEM_OR_UNLABELED	-	source-defined	visible-or-localized-string-candidate	campaign-ordered	PASS	  //  UKOŃCZONA  //  %s
TXT-00574	scripts\core\localization_manager.gd:30	pl	SYSTEM_OR_UNLABELED	-	source-defined	visible-or-localized-string-candidate	campaign-ordered	PASS	RUSZ SIĘ / ZBADAJ
TXT-00575	scripts\core\localization_manager.gd:31	pl_or_en	SYSTEM_OR_UNLABELED	-	source-defined	visible-or-localized-string-candidate	campaign-ordered	PASS	W LEWO
TXT-00576	scripts\core\localization_manager.gd:32	pl_or_en	SYSTEM_OR_UNLABELED	-	source-defined	visible-or-localized-string-candidate	campaign-ordered	PASS	W PRAWO
TXT-00577	scripts\core\localization_manager.gd:38	pl_or_en	SYSTEM_OR_UNLABELED	-	source-defined	visible-or-localized-string-candidate	campaign-ordered	PASS	WER. %s  //  PC  //  %dx%d  //  FIZYKA %d Hz
TXT-00578	scripts\core\localization_manager.gd:39	pl_or_en	SYSTEM_OR_UNLABELED	-	source-defined	visible-or-localized-string-candidate	campaign-ordered	PASS	USTAWIENIA  //  RUNTIME
TXT-00579	scripts\core\localization_manager.gd:40	pl	SYSTEM_OR_UNLABELED	-	source-defined	visible-or-localized-string-candidate	campaign-ordered	PASS	JĘZYK
TXT-00580	scripts\core\localization_manager.gd:41	pl	SYSTEM_OR_UNLABELED	-	source-defined	visible-or-localized-string-candidate	campaign-ordered	PASS	Przełącz teksty shellu i UI.
TXT-00581	scripts\core\localization_manager.gd:42	pl	SYSTEM_OR_UNLABELED	-	source-defined	visible-or-localized-string-candidate	campaign-ordered	PASS	GŁOŚNOŚĆ MASTER
TXT-00582	scripts\core\localization_manager.gd:43	pl_or_en	SYSTEM_OR_UNLABELED	-	source-defined	visible-or-localized-string-candidate	campaign-ordered	PASS	TEMPO TEKSTU  //  ZNAKI/S
TXT-00583	scripts\core\localization_manager.gd:44	pl_or_en	SYSTEM_OR_UNLABELED	-	source-defined	visible-or-localized-string-candidate	campaign-ordered	PASS	SKALA TEKSTU
TXT-00584	scripts\core\localization_manager.gd:45	pl	SYSTEM_OR_UNLABELED	-	source-defined	visible-or-localized-string-candidate	campaign-ordered	PASS	TRYB PEŁNOEKRANOWY
TXT-00585	scripts\core\localization_manager.gd:46	pl_or_en	SYSTEM_OR_UNLABELED	-	source-defined	visible-or-localized-string-candidate	campaign-ordered	PASS	OGRANICZONY RUCH
TXT-00586	scripts\core\localization_manager.gd:47	pl	SYSTEM_OR_UNLABELED	-	source-defined	visible-or-localized-string-candidate	campaign-ordered	PASS	Tłumi migotanie świetlówek, pulsowanie pola kotwiczenia, wstrząs kamery i mikro-cząstki. Nic nie znika ze świata.
TXT-00587	scripts\core\localization_manager.gd:48	pl_or_en	SYSTEM_OR_UNLABELED	-	source-defined	visible-or-localized-string-candidate	campaign-ordered	PASS	STEROWANIE  //  REMAP
TXT-00588	scripts\core\localization_manager.gd:49	pl	SYSTEM_OR_UNLABELED	-	source-defined	visible-or-localized-string-candidate	campaign-ordered	PASS	Zmiany zapisują się natychmiast. Dialogi pozostają w języku źródłowym.
TXT-00589	scripts\core\localization_manager.gd:50	pl_or_en	SYSTEM_OR_UNLABELED	-	source-defined	visible-or-localized-string-candidate	campaign-ordered	PASS	STEROWANIE  //  REMAP AKCJI
TXT-00590	scripts\core\localization_manager.gd:51	pl	SYSTEM_OR_UNLABELED	-	source-defined	visible-or-localized-string-candidate	campaign-ordered	PASS	Wybierz akcję, potem naciśnij klawisz lub przycisk pada.
TXT-00591	scripts\core\localization_manager.gd:52	pl	SYSTEM_OR_UNLABELED	-	source-defined	visible-or-localized-string-candidate	campaign-ordered	PASS	NACIŚNIJ KLAWISZ LUB PRZYCISK PADA DLA: %s\nESC / B = ANULUJ
TXT-00592	scripts\core\localization_manager.gd:53	pl_or_en	SYSTEM_OR_UNLABELED	-	source-defined	visible-or-localized-string-candidate	campaign-ordered	PASS	OCZEKIWANIE…
TXT-00593	scripts\core\localization_manager.gd:54	pl_or_en	SYSTEM_OR_UNLABELED	-	source-defined	visible-or-localized-string-candidate	campaign-ordered	PASS	ZAPISANO: %s
TXT-00594	scripts\core\localization_manager.gd:55	pl	SYSTEM_OR_UNLABELED	-	source-defined	visible-or-localized-string-candidate	campaign-ordered	PASS	KONFLIKT: %s JUŻ UŻYWA TEGO WEJŚCIA
TXT-00595	scripts\core\localization_manager.gd:56	pl_or_en	SYSTEM_OR_UNLABELED	-	source-defined	visible-or-localized-string-candidate	campaign-ordered	PASS	TYLKO KLAWISZ LUB PRZYCISK PADA
TXT-00596	scripts\core\localization_manager.gd:57	pl	SYSTEM_OR_UNLABELED	-	source-defined	visible-or-localized-string-candidate	campaign-ordered	PASS	DOMYŚLNE MAPOWANIA
TXT-00597	scripts\core\localization_manager.gd:58	pl	SYSTEM_OR_UNLABELED	-	source-defined	visible-or-localized-string-candidate	campaign-ordered	PASS	PRZYWRÓCONO DOMYŚLNE MAPOWANIA
TXT-00598	scripts\core\localization_manager.gd:59	pl	SYSTEM_OR_UNLABELED	-	source-defined	visible-or-localized-string-candidate	campaign-ordered	PASS	POWRÓT
TXT-00599	scripts\core\localization_manager.gd:60	pl_or_en	SYSTEM_OR_UNLABELED	-	source-defined	visible-or-localized-string-candidate	campaign-ordered	PASS	KAMPANIA  //  PAUZA
TXT-00600	scripts\core\localization_manager.gd:61	pl	SYSTEM_OR_UNLABELED	-	source-defined	visible-or-localized-string-candidate	campaign-ordered	PASS	WZNÓW
TXT-00601	scripts\core\localization_manager.gd:64	pl_or_en	SYSTEM_OR_UNLABELED	-	source-defined	visible-or-localized-string-candidate	campaign-ordered	PASS	TRYB TESTOWY: %s
TXT-00602	scripts\core\localization_manager.gd:65	pl_or_en	SYSTEM_OR_UNLABELED	-	source-defined	visible-or-localized-string-candidate	campaign-ordered	PASS	RESET ZAPISU
TXT-00603	scripts\core\localization_manager.gd:66	pl_or_en	SYSTEM_OR_UNLABELED	-	source-defined	visible-or-localized-string-candidate	campaign-ordered	PASS	ODKRYTE: %d/43   |   TRYB TESTOWY: %s
TXT-00604	scripts\core\localization_manager.gd:67	pl	SYSTEM_OR_UNLABELED	-	source-defined	visible-or-localized-string-candidate	campaign-ordered	PASS	PAUZA: POWRÓT  //  INTERAKCJA: WYBÓR
TXT-00605	scripts\core\localization_manager.gd:68	pl	SYSTEM_OR_UNLABELED	-	source-defined	visible-or-localized-string-candidate	campaign-ordered	PASS	Przestrzeń %s
TXT-00606	scripts\core\localization_manager.gd:69	pl_or_en	SYSTEM_OR_UNLABELED	-	source-defined	visible-or-localized-string-candidate	campaign-ordered	PASS	INTERAKCJA  >
TXT-00607	scripts\core\localization_manager.gd:70	pl	SYSTEM_OR_UNLABELED	-	source-defined	visible-or-localized-string-candidate	campaign-ordered	PASS	KANAŁ ŚWIADKA  //  ZAPIS AKTYWNY
TXT-00608	scripts\core\localization_manager.gd:71	pl_or_en	SYSTEM_OR_UNLABELED	-	source-defined	visible-or-localized-string-candidate	campaign-ordered	PASS	ZAPIS AKTYWNY
TXT-00609	scripts\core\localization_manager.gd:72	pl_or_en	SYSTEM_OR_UNLABELED	-	source-defined	visible-or-localized-string-candidate	campaign-ordered	PASS	ZAPIS WCZYTANY
TXT-00610	scripts\core\localization_manager.gd:73	pl_or_en	SYSTEM_OR_UNLABELED	-	source-defined	visible-or-localized-string-candidate	campaign-ordered	PASS	ZAPIS ZRESETOWANY
TXT-00611	scripts\core\localization_manager.gd:76	pl_or_en	SYSTEM_OR_UNLABELED	-	source-defined	visible-or-localized-string-candidate	campaign-ordered	PASS	START EXPERIMENT (21:45)
TXT-00612	scripts\core\localization_manager.gd:77	pl_or_en	SYSTEM_OR_UNLABELED	-	source-defined	visible-or-localized-string-candidate	campaign-ordered	PASS	MOVEMENT PROFILE:
TXT-00613	scripts\core\localization_manager.gd:78	pl_or_en	SYSTEM_OR_UNLABELED	-	source-defined	visible-or-localized-string-candidate	campaign-ordered	PASS	PROFILE A: BASELINE (IKP STANDARD)
TXT-00614	scripts\core\localization_manager.gd:79	pl_or_en	SYSTEM_OR_UNLABELED	-	source-defined	visible-or-localized-string-candidate	campaign-ordered	PASS	PROFILE B: SNAPPY (FAST)
TXT-00615	scripts\core\localization_manager.gd:80	pl_or_en	SYSTEM_OR_UNLABELED	-	source-defined	visible-or-localized-string-candidate	campaign-ordered	PASS	PROFILE C: INERTIAL (HEAVY)
TXT-00616	scripts\core\localization_manager.gd:81	pl_or_en	SYSTEM_OR_UNLABELED	-	source-defined	visible-or-localized-string-candidate	campaign-ordered	PASS	[R] RESTART CHAMBER
TXT-00617	scripts\core\localization_manager.gd:82	pl_or_en	SYSTEM_OR_UNLABELED	-	source-defined	visible-or-localized-string-candidate	campaign-ordered	PASS	[C / SHIFT] ANCHOR MATTER
TXT-00618	scripts\core\localization_manager.gd:83	pl_or_en	SYSTEM_OR_UNLABELED	-	source-defined	visible-or-localized-string-candidate	campaign-ordered	PASS	[E / SPACE] INTERACT / RESONANCE
TXT-00619	scripts\core\localization_manager.gd:84	pl_or_en	SYSTEM_OR_UNLABELED	-	source-defined	visible-or-localized-string-candidate	campaign-ordered	PASS	PERSONAL THRILLER // A RETURN ON LINE 4
TXT-00620	scripts\core\localization_manager.gd:85	pl_or_en	MARTA	-	source-defined	visible-or-localized-string-candidate	campaign-ordered	PASS	Lena is going back to Marta. Three seconds from Line 4 refuse to disappear.
TXT-00621	scripts\core\localization_manager.gd:86	pl_or_en	SYSTEM_OR_UNLABELED	-	source-defined	visible-or-localized-string-candidate	campaign-ordered	PASS	NEW GAME
TXT-00622	scripts\core\localization_manager.gd:88	pl_or_en	SYSTEM_OR_UNLABELED	-	source-defined	visible-or-localized-string-candidate	campaign-ordered	PASS	REPLAY EPILOGUE
TXT-00623	scripts\core\localization_manager.gd:91	pl_or_en	SYSTEM_OR_UNLABELED	-	source-defined	visible-or-localized-string-candidate	campaign-ordered	PASS	RESUME // %s%s
TXT-00624	scripts\core\localization_manager.gd:92	pl_or_en	SYSTEM_OR_UNLABELED	-	source-defined	visible-or-localized-string-candidate	campaign-ordered	PASS	BEGIN // LAST READING AT LINE 4
TXT-00625	scripts\core\localization_manager.gd:93	pl_or_en	SYSTEM_OR_UNLABELED	-	source-defined	visible-or-localized-string-candidate	campaign-ordered	PASS	  //  COMPLETE  //  %s
TXT-00626	scripts\core\localization_manager.gd:94	pl_or_en	SYSTEM_OR_UNLABELED	-	source-defined	visible-or-localized-string-candidate	campaign-ordered	PASS	MOVE / INVESTIGATE
TXT-00627	scripts\core\localization_manager.gd:95	pl_or_en	SYSTEM_OR_UNLABELED	-	source-defined	visible-or-localized-string-candidate	campaign-ordered	PASS	MOVE LEFT
TXT-00628	scripts\core\localization_manager.gd:96	pl_or_en	SYSTEM_OR_UNLABELED	-	source-defined	visible-or-localized-string-candidate	campaign-ordered	PASS	MOVE RIGHT
TXT-00629	scripts\core\localization_manager.gd:102	pl_or_en	SYSTEM_OR_UNLABELED	-	source-defined	visible-or-localized-string-candidate	campaign-ordered	PASS	VER. %s  //  PC  //  %dx%d  //  %d Hz PHYSICS
TXT-00630	scripts\core\localization_manager.gd:103	pl_or_en	SYSTEM_OR_UNLABELED	-	source-defined	visible-or-localized-string-candidate	campaign-ordered	PASS	SETTINGS  //  RUNTIME
TXT-00631	scripts\core\localization_manager.gd:105	pl_or_en	SYSTEM_OR_UNLABELED	-	source-defined	visible-or-localized-string-candidate	campaign-ordered	PASS	Switch shell and UI text.
TXT-00632	scripts\core\localization_manager.gd:106	pl_or_en	SYSTEM_OR_UNLABELED	-	source-defined	visible-or-localized-string-candidate	campaign-ordered	PASS	MASTER VOLUME
TXT-00633	scripts\core\localization_manager.gd:107	pl_or_en	SYSTEM_OR_UNLABELED	-	source-defined	visible-or-localized-string-candidate	campaign-ordered	PASS	TEXT SPEED  //  CHARS/S
TXT-00634	scripts\core\localization_manager.gd:108	pl_or_en	SYSTEM_OR_UNLABELED	-	source-defined	visible-or-localized-string-candidate	campaign-ordered	PASS	TEXT SCALE
TXT-00635	scripts\core\localization_manager.gd:109	pl_or_en	SYSTEM_OR_UNLABELED	-	source-defined	visible-or-localized-string-candidate	campaign-ordered	PASS	FULLSCREEN MODE
TXT-00636	scripts\core\localization_manager.gd:110	pl_or_en	SYSTEM_OR_UNLABELED	-	source-defined	visible-or-localized-string-candidate	campaign-ordered	PASS	REDUCED MOTION
TXT-00637	scripts\core\localization_manager.gd:111	pl_or_en	SYSTEM_OR_UNLABELED	-	source-defined	visible-or-localized-string-candidate	campaign-ordered	PASS	Damps fluorescent flicker, anchor field breathing, camera shake and micro-particles. Nothing leaves the world.
TXT-00638	scripts\core\localization_manager.gd:112	pl_or_en	SYSTEM_OR_UNLABELED	-	source-defined	visible-or-localized-string-candidate	campaign-ordered	PASS	CONTROLS  //  REMAP
TXT-00639	scripts\core\localization_manager.gd:113	pl_or_en	SYSTEM_OR_UNLABELED	-	source-defined	visible-or-localized-string-candidate	campaign-ordered	PASS	Changes save immediately. Dialogue remains in its source language.
TXT-00640	scripts\core\localization_manager.gd:114	pl_or_en	SYSTEM_OR_UNLABELED	-	source-defined	visible-or-localized-string-candidate	campaign-ordered	PASS	CONTROLS  //  ACTION REMAP
TXT-00641	scripts\core\localization_manager.gd:115	pl_or_en	SYSTEM_OR_UNLABELED	-	source-defined	visible-or-localized-string-candidate	campaign-ordered	PASS	Choose an action, then press a key or controller button.
TXT-00642	scripts\core\localization_manager.gd:116	pl_or_en	SYSTEM_OR_UNLABELED	-	source-defined	visible-or-localized-string-candidate	campaign-ordered	PASS	PRESS A KEY OR CONTROLLER BUTTON FOR: %s\nESC / B = CANCEL
TXT-00643	scripts\core\localization_manager.gd:117	pl_or_en	SYSTEM_OR_UNLABELED	-	source-defined	visible-or-localized-string-candidate	campaign-ordered	PASS	WAITING…
TXT-00644	scripts\core\localization_manager.gd:118	pl_or_en	SYSTEM_OR_UNLABELED	-	source-defined	visible-or-localized-string-candidate	campaign-ordered	PASS	SAVED: %s
TXT-00645	scripts\core\localization_manager.gd:119	pl_or_en	SYSTEM_OR_UNLABELED	-	source-defined	visible-or-localized-string-candidate	campaign-ordered	PASS	CONFLICT: %s ALREADY USES THIS INPUT
TXT-00646	scripts\core\localization_manager.gd:120	pl_or_en	SYSTEM_OR_UNLABELED	-	source-defined	visible-or-localized-string-candidate	campaign-ordered	PASS	KEY OR CONTROLLER BUTTONS ONLY
TXT-00647	scripts\core\localization_manager.gd:121	pl_or_en	SYSTEM_OR_UNLABELED	-	source-defined	visible-or-localized-string-candidate	campaign-ordered	PASS	DEFAULT MAPPINGS
TXT-00648	scripts\core\localization_manager.gd:122	pl_or_en	SYSTEM_OR_UNLABELED	-	source-defined	visible-or-localized-string-candidate	campaign-ordered	PASS	DEFAULT MAPPINGS RESTORED
TXT-00649	scripts\core\localization_manager.gd:124	pl_or_en	SYSTEM_OR_UNLABELED	-	source-defined	visible-or-localized-string-candidate	campaign-ordered	PASS	CAMPAIGN  //  PAUSE
TXT-00650	scripts\core\localization_manager.gd:128	pl_or_en	SYSTEM_OR_UNLABELED	-	source-defined	visible-or-localized-string-candidate	campaign-ordered	PASS	TEST MODE: %s
TXT-00651	scripts\core\localization_manager.gd:129	pl_or_en	SYSTEM_OR_UNLABELED	-	source-defined	visible-or-localized-string-candidate	campaign-ordered	PASS	RESET SAVE
TXT-00652	scripts\core\localization_manager.gd:130	pl_or_en	SYSTEM_OR_UNLABELED	-	source-defined	visible-or-localized-string-candidate	campaign-ordered	PASS	DISCOVERED: %d/43   |   TEST MODE: %s
TXT-00653	scripts\core\localization_manager.gd:131	pl_or_en	SYSTEM_OR_UNLABELED	-	source-defined	visible-or-localized-string-candidate	campaign-ordered	PASS	PAUSE: BACK  //  INTERACT: SELECT
TXT-00654	scripts\core\localization_manager.gd:132	pl_or_en	SYSTEM_OR_UNLABELED	-	source-defined	visible-or-localized-string-candidate	campaign-ordered	PASS	Space %s
TXT-00655	scripts\core\localization_manager.gd:133	pl_or_en	SYSTEM_OR_UNLABELED	-	source-defined	visible-or-localized-string-candidate	campaign-ordered	PASS	INTERACT  >
TXT-00656	scripts\core\localization_manager.gd:134	pl_or_en	SYSTEM_OR_UNLABELED	-	source-defined	visible-or-localized-string-candidate	campaign-ordered	PASS	WITNESS CHANNEL  //  SAVE ACTIVE
TXT-00657	scripts\core\localization_manager.gd:135	pl_or_en	SYSTEM_OR_UNLABELED	-	source-defined	visible-or-localized-string-candidate	campaign-ordered	PASS	SAVE ACTIVE
TXT-00658	scripts\core\localization_manager.gd:136	pl_or_en	SYSTEM_OR_UNLABELED	-	source-defined	visible-or-localized-string-candidate	campaign-ordered	PASS	SAVE RELOADED
TXT-00659	scripts\core\localization_manager.gd:137	pl_or_en	SYSTEM_OR_UNLABELED	-	source-defined	visible-or-localized-string-candidate	campaign-ordered	PASS	SAVE RESET
TXT-00660	scripts\core\motion_accessibility.gd:20	und	SYSTEM_OR_UNLABELED	-	source-defined	visible-or-localized-string-candidate	campaign-ordered	PASS	trwaly miedzy scenami
TXT-00661	scripts\environment\ladder_zone.gd:10	und	SYSTEM_OR_UNLABELED	-	source-defined	visible-or-localized-string-candidate	campaign-ordered	PASS	Drabina techniczna IKP
TXT-00662	scripts\environment\threshold_binder.gd:167	und	SYSTEM_OR_UNLABELED	-	source-defined	visible-or-localized-string-candidate	campaign-ordered	PASS	station_%s
TXT-00663	scripts\interactables\anchorable_object.gd:26	und	SYSTEM_OR_UNLABELED	-	source-defined	visible-or-localized-string-candidate	campaign-ordered	PASS	Anchorable Object
TXT-00664	scripts\interactables\memory_resonance_point.gd:230	und	SYSTEM_OR_UNLABELED	-	source-defined	visible-or-localized-string-candidate	campaign-ordered	PASS	Sterownia IKP
TXT-00665	scripts\interactables\memory_resonance_point.gd:2645	und	SYSTEM_OR_UNLABELED	-	source-defined	visible-or-localized-string-candidate	campaign-ordered	PASS	WOLSKA, L.
TXT-00666	scripts\interactables\memory_resonance_point.gd:2645	und	SYSTEM_OR_UNLABELED	-	source-defined	visible-or-localized-string-candidate	campaign-ordered	PASS	URLOP PRZERWANY
TXT-00667	scripts\interactables\memory_resonance_point.gd:2652	und	SYSTEM_OR_UNLABELED	-	source-defined	visible-or-localized-string-candidate	campaign-ordered	PASS	URLOP PRZERWANY
TXT-00668	scripts\interactables\memory_resonance_point.gd:2789	und	SYSTEM_OR_UNLABELED	-	source-defined	visible-or-localized-string-candidate	campaign-ordered	PASS	CAM 04 [REC]
TXT-00669	scripts\interactables\memory_resonance_point.gd:2802	pl	SYSTEM_OR_UNLABELED	-	source-defined	visible-or-localized-string-candidate	campaign-ordered	PASS	UCP // PROTOKÓŁ ZGŁASZANIA
TXT-00670	scripts\interactables\memory_resonance_point.gd:2852	pl	SYSTEM_OR_UNLABELED	-	source-defined	visible-or-localized-string-candidate	campaign-ordered	PASS	PAMIĘĆ WSPÓLNA TO SPOKÓJ
TXT-00671	scripts\interactables\memory_resonance_point.gd:2944	pl	SYSTEM_OR_UNLABELED	-	source-defined	visible-or-localized-string-candidate	campaign-ordered	PASS	LINIA 4 // ROZKŁAD
TXT-00672	scripts\interactables\memory_resonance_point.gd:2953	pl	SYSTEM_OR_UNLABELED	-	source-defined	visible-or-localized-string-candidate	campaign-ordered	PASS	TRASA ZAWIESZONA / AUTOBUS ZASTĘPCZY
TXT-00673	scripts\interactables\memory_resonance_point.gd:3055	pl	SYSTEM_OR_UNLABELED	-	source-defined	visible-or-localized-string-candidate	campaign-ordered	PASS	LINIA ZASTĘPCZA 4
TXT-00674	scripts\interactables\memory_resonance_point.gd:3087	und	SYSTEM_OR_UNLABELED	-	source-defined	visible-or-localized-string-candidate	campaign-ordered	PASS	BLOK 7 / OS. TARASOWE
TXT-00675	scripts\interactables\memory_resonance_point.gd:3540	pl	SYSTEM_OR_UNLABELED	-	source-defined	visible-or-localized-string-candidate	campaign-ordered	PASS	NIE SZUKAJ ORYGINAŁU
TXT-00676	scripts\interactables\memory_resonance_point.gd:3550	und	SYSTEM_OR_UNLABELED	-	source-defined	visible-or-localized-string-candidate	campaign-ordered	PASS	NIE SZUKAJ
TXT-00677	scripts\interactables\memory_resonance_point.gd:3587	pl	SYSTEM_OR_UNLABELED	-	source-defined	visible-or-localized-string-candidate	campaign-ordered	PASS	ORYGINAŁU
TXT-00678	scripts\interactables\memory_resonance_point.gd:3670	und	MARTA	-	source-defined	visible-or-localized-string-candidate	campaign-ordered	PASS	Zostaw drzwi w odbiciu
TXT-00679	scripts\interactables\memory_resonance_point.gd:3877	pl	SYSTEM_OR_UNLABELED	-	source-defined	visible-or-localized-string-candidate	campaign-ordered	PASS	WĘZEŁ 14 - KONTROLA CIĄGŁOŚCI
TXT-00680	scripts\interactables\memory_resonance_point.gd:4210	pl	SYSTEM_OR_UNLABELED	-	source-defined	visible-or-localized-string-candidate	campaign-ordered	PASS	DZIAŁ ZGODNOŚCI UCP
TXT-00681	scripts\interactables\memory_resonance_point.gd:4253	pl	SYSTEM_OR_UNLABELED	-	source-defined	visible-or-localized-string-candidate	campaign-ordered	PASS	PAMIĘĆ TO NIE POMIAR
TXT-00682	scripts\interactables\memory_resonance_point.gd:4267	pl	SYSTEM_OR_UNLABELED	-	source-defined	visible-or-localized-string-candidate	campaign-ordered	PASS	PAMIĘĆ TO NIE POMIAR
TXT-00683	scripts\interactables\memory_resonance_point.gd:4274	pl	SYSTEM_OR_UNLABELED	-	source-defined	visible-or-localized-string-candidate	campaign-ordered	PASS	ZGŁOŚ ROZBIEŻNOŚĆ W PUNKCIE 6
TXT-00684	scripts\interactables\memory_resonance_point.gd:4319	und	SYSTEM_OR_UNLABELED	-	source-defined	visible-or-localized-string-candidate	campaign-ordered	PASS	PUNKT 6 ->
TXT-00685	scripts\interactables\memory_resonance_point.gd:4637	pl	SYSTEM_OR_UNLABELED	-	source-defined	visible-or-localized-string-candidate	campaign-ordered	PASS	cyjan zatrzymuje jedną krawędź; reszta kadru lekko ciągnie ku niej
TXT-00686	scripts\interactables\memory_resonance_point.gd:5425	und	WIERZBICKA	-	source-defined	visible-or-localized-string-candidate	campaign-ordered	PASS	GABINET KONSULTACYJNY 06 / DR H. WIERZBICKA
TXT-00687	scripts\interactables\memory_resonance_point.gd:5626	und	SYSTEM_OR_UNLABELED	-	source-defined	visible-or-localized-string-candidate	campaign-ordered	PASS	SALA MODELI
TXT-00688	scripts\interactables\memory_resonance_point.gd:5707	pl	SYSTEM_OR_UNLABELED	-	source-defined	visible-or-localized-string-candidate	campaign-ordered	PASS	SCHEMAT 4-A / ULICA / 140 OSÓB
TXT-00689	scripts\interactables\memory_resonance_point.gd:5719	und	SYSTEM_OR_UNLABELED	-	source-defined	visible-or-localized-string-candidate	campaign-ordered	PASS	SCHEMAT 4-A
TXT-00690	scripts\interactables\memory_resonance_point.gd:5751	pl	SYSTEM_OR_UNLABELED	-	source-defined	visible-or-localized-string-candidate	campaign-ordered	PASS	SCHEMAT 4-B / ŚCIANA NOŚNA / 17 ŚWIADKÓW
TXT-00691	scripts\interactables\memory_resonance_point.gd:5763	und	SYSTEM_OR_UNLABELED	-	source-defined	visible-or-localized-string-candidate	campaign-ordered	PASS	SCHEMAT 4-B
TXT-00692	scripts\interactables\memory_resonance_point.gd:5856	und	SYSTEM_OR_UNLABELED	-	source-defined	visible-or-localized-string-candidate	campaign-ordered	PASS	SALA SZYMONA / 20
TXT-00693	scripts\interactables\memory_resonance_point.gd:5978	pl	SYSTEM_OR_UNLABELED	-	source-defined	visible-or-localized-string-candidate	campaign-ordered	PASS	RAPORT UJĘCIA WODY
TXT-00694	scripts\interactables\memory_resonance_point.gd:5979	und	SYSTEM_OR_UNLABELED	-	source-defined	visible-or-localized-string-candidate	campaign-ordered	PASS	STATUS: NAPRAWIONE
TXT-00695	scripts\interactables\memory_resonance_point.gd:6009	und	SYSTEM_OR_UNLABELED	-	source-defined	visible-or-localized-string-candidate	campaign-ordered	PASS	I g a
TXT-00696	scripts\interactables\memory_resonance_point.gd:6048	und	SYSTEM_OR_UNLABELED	-	source-defined	visible-or-localized-string-candidate	campaign-ordered	PASS	SALA SZYMONA / 20
TXT-00697	scripts\interactables\memory_resonance_point.gd:6126	pl	SYSTEM_OR_UNLABELED	-	source-defined	visible-or-localized-string-candidate	campaign-ordered	PASS	STABILNOŚĆ: 99.8%
TXT-00698	scripts\interactables\memory_resonance_point.gd:6142	und	SYSTEM_OR_UNLABELED	-	source-defined	visible-or-localized-string-candidate	campaign-ordered	PASS	SKORZYSTANO Z RAPORTU HYDROLOGICZNEGO / AUTOR: ANONIMOWY
TXT-00699	scripts\interactables\memory_resonance_point.gd:6164	pl	SYSTEM_OR_UNLABELED	-	source-defined	visible-or-localized-string-candidate	campaign-ordered	PASS	STATUS: SPÓJNY
TXT-00700	scripts\interactables\memory_resonance_point.gd:6225	und	SYSTEM_OR_UNLABELED	-	source-defined	visible-or-localized-string-candidate	campaign-ordered	PASS	STREFA TRANZYTOWA / 22
TXT-00701	scripts\interactables\memory_resonance_point.gd:6259	und	LENA	-	source-defined	visible-or-localized-string-candidate	campaign-ordered	PASS	LENA W. / 17-D
TXT-00702	scripts\interactables\memory_resonance_point.gd:6296	pl	MARTA	-	source-defined	visible-or-localized-string-candidate	campaign-ordered	PASS	KONTAKT ALARMOWY: MARTA KUREK / STATUS: ZWERYFIKOWANA WIĘŹ
TXT-00703	scripts\interactables\memory_resonance_point.gd:6313	und	MARTA	-	source-defined	visible-or-localized-string-candidate	campaign-ordered	PASS	MARTA KUREK / KONTAKT
TXT-00704	scripts\interactables\memory_resonance_point.gd:6315	und	MARTA	-	source-defined	visible-or-localized-string-candidate	campaign-ordered	PASS	KONTAKT: MARTA K.
TXT-00705	scripts\interactables\memory_resonance_point.gd:6316	pl	SYSTEM_OR_UNLABELED	-	source-defined	visible-or-localized-string-candidate	campaign-ordered	PASS	STATUS: ZGŁOSZENIE
TXT-00706	scripts\interactables\memory_resonance_point.gd:6317	und	SYSTEM_OR_UNLABELED	-	source-defined	visible-or-localized-string-candidate	campaign-ordered	PASS	AUTORYZACJA: ZGODNA
TXT-00707	scripts\interactables\memory_resonance_point.gd:6441	und	SYSTEM_OR_UNLABELED	-	source-defined	visible-or-localized-string-candidate	campaign-ordered	PASS	23 / PROJEKTANTKA — ARCHIWUM
TXT-00708	scripts\interactables\memory_resonance_point.gd:6533	pl	SYSTEM_OR_UNLABELED	-	source-defined	visible-or-localized-string-candidate	campaign-ordered	PASS	JEŚLI TO CZYTASZ, ZGODZIŁAM SIĘ NA TWOJE RYZYKO
TXT-00709	scripts\interactables\memory_resonance_point.gd:6567	pl	SYSTEM_OR_UNLABELED	-	source-defined	visible-or-localized-string-candidate	campaign-ordered	PASS	OSOBY OBCIĄŻONE: 11 / W TOKU
TXT-00710	scripts\interactables\memory_resonance_point.gd:6589	und	SYSTEM_OR_UNLABELED	-	source-defined	visible-or-localized-string-candidate	campaign-ordered	PASS	POLECENIE: NADPISZ WZORZEC
TXT-00711	scripts\interactables\memory_resonance_point.gd:6592	pl	SYSTEM_OR_UNLABELED	-	source-defined	visible-or-localized-string-candidate	campaign-ordered	PASS	OSOBY OBCIĄŻONE
TXT-00712	scripts\interactables\memory_resonance_point.gd:6639	und	MARTA	-	source-defined	visible-or-localized-string-candidate	campaign-ordered	PASS	24 / OBSERWACJA — MARTA
TXT-00713	scripts\interactables\memory_resonance_point.gd:6689	und	SYSTEM_OR_UNLABELED	-	source-defined	visible-or-localized-string-candidate	campaign-ordered	PASS	CAM-14: MIESZKANIE 14 / LIVE
TXT-00714	scripts\interactables\memory_resonance_point.gd:6738	pl	SYSTEM_OR_UNLABELED	-	source-defined	visible-or-localized-string-candidate	campaign-ordered	PASS	KOREKTA M14 / 84% NAPRĘŻENIE
TXT-00715	scripts\interactables\memory_resonance_point.gd:6782	und	WIERZBICKA	-	source-defined	visible-or-localized-string-candidate	campaign-ordered	PASS	UCP-P6 / WIERZBICKA_H
TXT-00716	scripts\interactables\memory_resonance_point.gd:6798	und	LENA	-	source-defined	visible-or-localized-string-candidate	campaign-ordered	PASS	DYSPOZYCJA WZORCA: LENA WOLSKA
TXT-00717	scripts\interactables\memory_resonance_point.gd:6850	pl	JAKUB	-	source-defined	visible-or-localized-string-candidate	campaign-ordered	PASS	25 / TRANZYT — WEJŚCIE JAKUBA
TXT-00718	scripts\interactables\memory_resonance_point.gd:6875	pl	JAKUB	-	source-defined	visible-or-localized-string-candidate	campaign-ordered	PASS	Jakub siada na podłodze. Nie patrzy na Lenę.
TXT-00719	scripts\interactables\memory_resonance_point.gd:6988	pl	SYSTEM_OR_UNLABELED	-	source-defined	visible-or-localized-string-candidate	campaign-ordered	PASS	SZKŁO / LINIA 4 / ŻEBRO LEWE
TXT-00720	scripts\interactables\memory_resonance_point.gd:7009	pl	SYSTEM_OR_UNLABELED	-	source-defined	visible-or-localized-string-candidate	campaign-ordered	PASS	ANALIZA GESTU DŁONI
TXT-00721	scripts\interactables\memory_resonance_point.gd:7055	pl	SYSTEM_OR_UNLABELED	-	source-defined	visible-or-localized-string-candidate	campaign-ordered	PASS	26 / STREFA IZOLACJI — PRÓBA ZAMKNIĘCIA
TXT-00722	scripts\interactables\memory_resonance_point.gd:7094	und	SYSTEM_OR_UNLABELED	-	source-defined	visible-or-localized-string-candidate	campaign-ordered	PASS	IZOLACJA ADAPTACYJNA
TXT-00723	scripts\interactables\memory_resonance_point.gd:7145	pl	SYSTEM_OR_UNLABELED	-	source-defined	visible-or-localized-string-candidate	campaign-ordered	PASS	PAMIĘTAM DLACZEGO PRZYSZŁAM
TXT-00724	scripts\interactables\memory_resonance_point.gd:7212	pl	SYSTEM_OR_UNLABELED	-	source-defined	visible-or-localized-string-candidate	campaign-ordered	PASS	27 / PRZEJŚCIE SERWISOWE — DŁUG WDZIĘCZNOŚCI
TXT-00725	scripts\interactables\memory_resonance_point.gd:7291	und	SYSTEM_OR_UNLABELED	-	source-defined	visible-or-localized-string-candidate	campaign-ordered	PASS	STATUS: OCALONY / 12 LAT
TXT-00726	scripts\interactables\memory_resonance_point.gd:7385	pl	SYSTEM_OR_UNLABELED	-	source-defined	visible-or-localized-string-candidate	campaign-ordered	PASS	28 / SKŁAD TECHNICZNY — TRAMWAJ BEZ PASAŻERÓW
TXT-00727	scripts\interactables\memory_resonance_point.gd:7425	und	SYSTEM_OR_UNLABELED	-	source-defined	visible-or-localized-string-candidate	campaign-ordered	PASS	LINIA 4 / TRANZYT
TXT-00728	scripts\interactables\memory_resonance_point.gd:7493	pl	SYSTEM_OR_UNLABELED	-	source-defined	visible-or-localized-string-candidate	campaign-ordered	PASS	Ś W I A D E K
TXT-00729	scripts\interactables\memory_resonance_point.gd:7543	und	SYSTEM_OR_UNLABELED	-	source-defined	visible-or-localized-string-candidate	campaign-ordered	PASS	29 / PERON TRZYNASTY — PODSTRUKTURA
TXT-00730	scripts\interactables\memory_resonance_point.gd:7590	und	SYSTEM_OR_UNLABELED	-	source-defined	visible-or-localized-string-candidate	campaign-ordered	PASS	PERON 13
TXT-00731	scripts\interactables\memory_resonance_point.gd:7603	und	SYSTEM_OR_UNLABELED	-	source-defined	visible-or-localized-string-candidate	campaign-ordered	PASS	P E R O N   1 3
TXT-00732	scripts\interactables\memory_resonance_point.gd:7730	pl	SYSTEM_OR_UNLABELED	-	source-defined	visible-or-localized-string-candidate	campaign-ordered	PASS	30 / SEKTOR ZASILANIA — ROZDZIELNIA GŁÓWNA
TXT-00733	scripts\interactables\memory_resonance_point.gd:7905	pl	SYSTEM_OR_UNLABELED	-	source-defined	visible-or-localized-string-candidate	campaign-ordered	PASS	31 / MAGAZYN DOWODÓW — JEDENAŚCIE KRZESEŁ
TXT-00734	scripts\interactables\memory_resonance_point.gd:8054	pl	SYSTEM_OR_UNLABELED	-	source-defined	visible-or-localized-string-candidate	campaign-ordered	PASS	WYBRANO WARIANT, NIE CZŁOWIEKA
TXT-00735	scripts\interactables\memory_resonance_point.gd:8081	pl	SYSTEM_OR_UNLABELED	-	source-defined	visible-or-localized-string-candidate	campaign-ordered	PASS	32 / ŚLAD W SZKLE — KORYTARZ LUSTER
TXT-00736	scripts\interactables\memory_resonance_point.gd:8215	pl	SYSTEM_OR_UNLABELED	-	source-defined	visible-or-localized-string-candidate	campaign-ordered	PASS	ŚLAD PAMIĘTA KSZTAŁT
TXT-00737	scripts\interactables\memory_resonance_point.gd:8240	pl	SYSTEM_OR_UNLABELED	-	source-defined	visible-or-localized-string-candidate	campaign-ordered	PASS	33 / SZYB TECHNICZNY — MASZYNOWNIA GŁÓWNA
TXT-00738	scripts\interactables\memory_resonance_point.gd:8316	und	SYSTEM_OR_UNLABELED	-	source-defined	visible-or-localized-string-candidate	campaign-ordered	PASS	4.2 BAR
TXT-00739	scripts\interactables\memory_resonance_point.gd:8433	pl	SYSTEM_OR_UNLABELED	-	source-defined	visible-or-localized-string-candidate	campaign-ordered	PASS	34 / MASZYNOWNIA GŁÓWNA — RDZEŃ WYMIANY
TXT-00740	scripts\interactables\memory_resonance_point.gd:8488	pl	SYSTEM_OR_UNLABELED	-	source-defined	visible-or-localized-string-candidate	campaign-ordered	PASS	RDZEŃ WYMIANY UCP
TXT-00741	scripts\interactables\memory_resonance_point.gd:10062	und	SYSTEM_OR_UNLABELED	-	source-defined	visible-or-localized-string-candidate	campaign-ordered	PASS	LINIA 4 / DWIE TRASY
TXT-00742	scripts\interactables\memory_resonance_point.gd:10080	pl	SYSTEM_OR_UNLABELED	-	source-defined	visible-or-localized-string-candidate	campaign-ordered	PASS	UCP / KOMUNIKAT BIEŻĄCY
TXT-00743	scripts\interactables\movable_anchorable_prop.gd:39	und	SYSTEM_OR_UNLABELED	-	source-defined	visible-or-localized-string-candidate	campaign-ordered	PASS	Lab Crate
TXT-00744	scripts\levels\station_01.gd:266	und	LENA	01	source-defined	visible-or-localized-string-candidate	pre-mechanic-reveal	PASS	Mocowanie jest czyste. Zapis dalej gubi trzy sekundy.
TXT-00745	scripts\levels\station_01.gd:287	pl	LENA	01	source-defined	visible-or-localized-string-candidate	pre-mechanic-reveal	PASS	Biorę surową próbkę. Raport może poczekać.
TXT-00746	scripts\levels\station_01.gd:310	pl	LENA	01	source-defined	visible-or-localized-string-candidate	pre-mechanic-reveal	PASS	Nie robię drugiej próby. Pakuję czytnik i wychodzę do Marty.
TXT-00747	scripts\levels\station_01.gd:326	pl	MARTA	01	source-defined	visible-or-localized-string-candidate	pre-mechanic-reveal	PASS	Miałyśmy zacząć o wpół do dziewiątej. Napisz tylko, czy jedziesz.
TXT-00748	scripts\levels\station_01.gd:327	pl	LENA	01	source-defined	visible-or-localized-string-candidate	pre-mechanic-reveal	PASS	Jadę. Powtórzyłam pomiar i zabrałam próbkę. Będę później.
TXT-00749	scripts\levels\station_01.gd:331	pl	MARTA	01	source-defined	visible-or-localized-string-candidate	pre-mechanic-reveal	PASS	Miałyśmy zacząć o wpół do dziewiątej. Herbata jeszcze jest gorąca.
TXT-00750	scripts\levels\station_01.gd:332	pl	LENA	01	source-defined	visible-or-localized-string-candidate	pre-mechanic-reveal	PASS	Spakowałam sprzęt. Jadę zgodnie z obietnicą.
TXT-00751	scripts\levels\station_01.gd:361	pl	SYSTEM_OR_UNLABELED	01	source-defined	visible-or-localized-string-candidate	pre-mechanic-reveal	PASS	Zostawię surowy odczyt, jutro będę tu wracać z raportem. Zbieram torbę.
TXT-00752	scripts\levels\station_01.gd:361	und	SYSTEM_OR_UNLABELED	01	source-defined	visible-or-localized-string-candidate	pre-mechanic-reveal	PASS	I will leave the raw reading; I will return here tomorrow with the report. Packing the bag.
TXT-00753	scripts\levels\station_02.gd:84	pl	LENA	02	source-defined	visible-or-localized-string-candidate	pre-mechanic-reveal	PASS	Przewód jest naprawdę wymieniany. Nasyp doda mi dwanaście minut.
TXT-00754	scripts\levels\station_02.gd:100	pl	MARTA	02	source-defined	visible-or-localized-string-candidate	pre-mechanic-reveal	PASS	Dwanaście minut. Marta będzie czekała dłużej, niż obiecałam.
TXT-00755	scripts\levels\station_03.gd:92	pl	LENA	03	source-defined	visible-or-localized-string-candidate	pre-mechanic-reveal	PASS	Linia 4 za trzy minuty. Zdążę tylko, jeśli przestanę pracować.
TXT-00756	scripts\levels\station_03.gd:113	pl	MARTA	03	source-defined	visible-or-localized-string-candidate	pre-mechanic-reveal	PASS	Miałaś wrócić wcześniej. Napisz tylko, czy jedziesz.
TXT-00757	scripts\levels\station_03.gd:114	pl	LENA	03	source-defined	visible-or-localized-string-candidate	pre-mechanic-reveal	PASS	Jadę. Będę później o dwanaście minut.
TXT-00758	scripts\levels\station_03.gd:118	pl	MARTA	03	source-defined	visible-or-localized-string-candidate	pre-mechanic-reveal	PASS	Widzę zamknięcie na trasie. Jedź spokojnie, herbata czeka.
TXT-00759	scripts\levels\station_03.gd:119	pl	LENA	03	source-defined	visible-or-localized-string-candidate	pre-mechanic-reveal	PASS	Jadę. Tym razem wyszłam z pracy wtedy, kiedy obiecałam.
TXT-00760	scripts\levels\station_04.gd:97	pl	LENA	04	source-defined	visible-or-localized-string-candidate	pre-mechanic-reveal	PASS	Ten sam brak. Wagon jedzie, a bufor znów traci trzy sekundy.
TXT-00761	scripts\levels\station_04.gd:97	pl	LENA	04	source-defined	visible-or-localized-string-candidate	pre-mechanic-reveal	PASS	Czytnik jest spakowany. Luka została bez drugiego pomiaru — tak wybrałam.
TXT-00762	scripts\levels\station_04.gd:114	pl	LENA	04	source-defined	visible-or-localized-string-candidate	pre-mechanic-reveal	PASS	Pomnik Linii 4. Nie patrzę na niego od dziewięciu lat.
TXT-00763	scripts\levels\station_04.gd:131	pl	MARTA	04	source-defined	visible-or-localized-string-candidate	pre-mechanic-reveal	PASS	Marta czeka. Czytnik odkładam do domu.
TXT-00764	scripts\levels\station_05.gd:82	pl	LENA	05	source-defined	visible-or-localized-string-candidate	pre-mechanic-reveal	PASS	Moja ulica. Za rogiem Sadowa i dom. Wszystko wygląda tak samo jak rano.
TXT-00765	scripts\levels\station_05.gd:99	pl	LENA	05	source-defined	visible-or-localized-string-candidate	pre-mechanic-reveal	PASS	Surowa próbka drgań jest w torbie. Sprawdzę cały raport jutro z Martą.
TXT-00766	scripts\levels\station_05.gd:116	pl	LENA	05	source-defined	visible-or-localized-string-candidate	pre-mechanic-reveal	PASS	Zielone światło na przejściu. Jeszcze tylko woda w kiosku i jestem w domu.
TXT-00767	scripts\levels\station_05.gd:156	pl	SYSTEM_OR_UNLABELED	05	source-defined	visible-or-localized-string-candidate	pre-mechanic-reveal	PASS	Zwykła ulica. Deszcz pada tak samo jak rano.
TXT-00768	scripts\levels\station_05.gd:156	und	SYSTEM_OR_UNLABELED	05	source-defined	visible-or-localized-string-candidate	pre-mechanic-reveal	PASS	An ordinary street. The rain falls just like this morning.
TXT-00769	scripts\levels\station_05.gd:157	pl	SYSTEM_OR_UNLABELED	05	source-defined	visible-or-localized-string-candidate	pre-mechanic-reveal	PASS	Wszystko wygląda normalnie. Sprawdzę torbę przed skrzyżowaniem.
TXT-00770	scripts\levels\station_05.gd:157	und	SYSTEM_OR_UNLABELED	05	source-defined	visible-or-localized-string-candidate	pre-mechanic-reveal	PASS	Everything looks normal. I will check my bag before the crossing.
TXT-00771	scripts\levels\station_05.gd:158	pl	SYSTEM_OR_UNLABELED	05	source-defined	visible-or-localized-string-candidate	pre-mechanic-reveal	PASS	Sprawdzę próbkę i przejdę przez pasy.
TXT-00772	scripts\levels\station_05.gd:158	und	SYSTEM_OR_UNLABELED	05	source-defined	visible-or-localized-string-candidate	pre-mechanic-reveal	PASS	I will check the sample and cross at the signal.
TXT-00773	scripts\levels\station_05.gd:159	pl	SYSTEM_OR_UNLABELED	05	source-defined	visible-or-localized-string-candidate	pre-mechanic-reveal	PASS	WSKAZÓWKA: Sprawdź ulicę, torbę ze sprzętem i przejdź przez pasy.
TXT-00774	scripts\levels\station_05.gd:159	und	SYSTEM_OR_UNLABELED	05	source-defined	visible-or-localized-string-candidate	pre-mechanic-reveal	PASS	HINT: Check the street, inspect your equipment case, and cross the street.
TXT-00775	scripts\levels\station_06.gd:84	pl	LENA	06	source-defined	visible-or-localized-string-candidate	pre-mechanic-reveal	PASS	Rozkład z tego miesiąca. Trasa Linii 4 omija Sadową 12, przystanek przeniesiono pod 14.
TXT-00776	scripts\levels\station_06.gd:101	pl	LENA	06	source-defined	visible-or-localized-string-candidate	pre-mechanic-reveal	PASS	Proszę butelkę wody.
TXT-00777	scripts\levels\station_06.gd:102	pl	SYSTEM_OR_UNLABELED	06	source-defined	visible-or-localized-string-candidate	pre-mechanic-reveal	PASS	Dobry wieczór, pani Leno. Niegazowana jak zawsze. Proszę, cztery złote.
TXT-00778	scripts\levels\station_06.gd:121	pl	MARTA	06	source-defined	visible-or-localized-string-candidate	pre-mechanic-reveal	PASS	Marta rano pytała, o której pani wraca na Sadową 14.
TXT-00779	scripts\levels\station_06.gd:122	pl	LENA	06	source-defined	visible-or-localized-string-candidate	pre-mechanic-reveal	PASS	Na Sadową 14? Przecież mieszkam pod dwunastką.
TXT-00780	scripts\levels\station_06.gd:123	pl	SYSTEM_OR_UNLABELED	06	source-defined	visible-or-localized-string-candidate	pre-mechanic-reveal	PASS	Od lat pod czternastką na pierwszym piętrze. Przecież widzę, jak panie razem wychodzą.
TXT-00781	scripts\levels\station_06.gd:167	pl	SYSTEM_OR_UNLABELED	06	source-defined	visible-or-localized-string-candidate	pre-mechanic-reveal	PASS	Sprzedawca wita mnie po imieniu. Zapytam o rozkład.
TXT-00782	scripts\levels\station_06.gd:167	und	SYSTEM_OR_UNLABELED	06	source-defined	visible-or-localized-string-candidate	pre-mechanic-reveal	PASS	The shopkeeper greets me by name. I will ask about the schedule.
TXT-00783	scripts\levels\station_06.gd:168	pl	SYSTEM_OR_UNLABELED	06	source-defined	visible-or-localized-string-candidate	pre-mechanic-reveal	PASS	Rozkład podaje inny przystanek niż pamiętam. Zapytam sprzedawcę.
TXT-00784	scripts\levels\station_06.gd:168	und	SYSTEM_OR_UNLABELED	06	source-defined	visible-or-localized-string-candidate	pre-mechanic-reveal	PASS	The schedule lists a different stop than I remember. I will ask the vendor.
TXT-00785	scripts\levels\station_06.gd:169	pl	SYSTEM_OR_UNLABELED	06	source-defined	visible-or-localized-string-candidate	pre-mechanic-reveal	PASS	Błąd w druku albo stara tabliczka. Zawsze najpierw szuka się bałaganu w papierach.
TXT-00786	scripts\levels\station_06.gd:169	und	SYSTEM_OR_UNLABELED	06	source-defined	visible-or-localized-string-candidate	pre-mechanic-reveal	PASS	Misprint or an old plate. You always look for paper chaos first.
TXT-00787	scripts\levels\station_06.gd:170	pl	MARTA	06	source-defined	visible-or-localized-string-candidate	pre-mechanic-reveal	PASS	Sprawdzę rozkład, kupię wodę i zadam pytanie o Martę.
TXT-00788	scripts\levels\station_06.gd:170	und	MARTA	06	source-defined	visible-or-localized-string-candidate	pre-mechanic-reveal	PASS	I will check the schedule, buy water, and ask about Marta.
TXT-00789	scripts\levels\station_06.gd:171	pl	SYSTEM_OR_UNLABELED	06	source-defined	visible-or-localized-string-candidate	pre-mechanic-reveal	PASS	WSKAZÓWKA: Obejrzyj rozkład, zrób zakup w kiosku i porozmawiaj ze sprzedawcą.
TXT-00790	scripts\levels\station_06.gd:171	und	SYSTEM_OR_UNLABELED	06	source-defined	visible-or-localized-string-candidate	pre-mechanic-reveal	PASS	HINT: Read the schedule, purchase water at the kiosk, and talk with the vendor.
TXT-00791	scripts\levels\station_07.gd:84	pl	LENA	07	source-defined	visible-or-localized-string-candidate	pre-mechanic-reveal	PASS	Moje zaświadczenie z pracy ma pieczęć: Sadowa 12. Na fasadzie wisi mosiężna tabliczka: Sadowa 14.
TXT-00792	scripts\levels\station_07.gd:101	pl	LENA	07	source-defined	visible-or-localized-string-candidate	pre-mechanic-reveal	PASS	Lista lokatorów na domofonie: 12 to Kowalczyk. Pod 14 widnieje: L. Wolska / M. Kowalska.
TXT-00793	scripts\levels\station_07.gd:120	pl	LENA	07	source-defined	visible-or-localized-string-candidate	pre-mechanic-reveal	PASS	Wpisuję mój stały kod. Zamek brzęczy i odryglowuje bramę wejściową.
TXT-00794	scripts\levels\station_07.gd:166	pl	SYSTEM_OR_UNLABELED	07	source-defined	visible-or-localized-string-candidate	pre-mechanic-reveal	PASS	Sadowa 14. Moje zaświadczenie podaje dwunastkę.
TXT-00795	scripts\levels\station_07.gd:166	und	SYSTEM_OR_UNLABELED	07	source-defined	visible-or-localized-string-candidate	pre-mechanic-reveal	PASS	Sadowa 14. My workplace certificate states number twelve.
TXT-00796	scripts\levels\station_07.gd:167	pl	SYSTEM_OR_UNLABELED	07	source-defined	visible-or-localized-string-candidate	pre-mechanic-reveal	PASS	Sprawdzę spis lokatorów na domofonie przed wejściem.
TXT-00797	scripts\levels\station_07.gd:167	und	SYSTEM_OR_UNLABELED	07	source-defined	visible-or-localized-string-candidate	pre-mechanic-reveal	PASS	I will check the tenant directory before entering.
TXT-00798	scripts\levels\station_07.gd:168	pl	SYSTEM_OR_UNLABELED	07	source-defined	visible-or-localized-string-candidate	pre-mechanic-reveal	PASS	Porównam dokument, listę i sprawdzę czy kod działa.
TXT-00799	scripts\levels\station_07.gd:168	und	SYSTEM_OR_UNLABELED	07	source-defined	visible-or-localized-string-candidate	pre-mechanic-reveal	PASS	I will compare document, directory, and test the entrance code.
TXT-00800	scripts\levels\station_07.gd:169	pl	SYSTEM_OR_UNLABELED	07	source-defined	visible-or-localized-string-candidate	pre-mechanic-reveal	PASS	WSKAZÓWKA: Porównaj dokument z tabliczką, sprawdź listę domofonu i wpisz kod.
TXT-00801	scripts\levels\station_07.gd:169	und	SYSTEM_OR_UNLABELED	07	source-defined	visible-or-localized-string-candidate	pre-mechanic-reveal	PASS	HINT: Compare document with plaque, check intercom list, and enter your code.
TXT-00802	scripts\levels\station_08.gd:83	pl	LENA	08	source-defined	visible-or-localized-string-candidate	pre-mechanic-reveal	PASS	Drzwi numer 12. Mosiężna tabliczka 'Kowalczyk'. Mój klucz nawet nie pasuje do profilu tego zamka.
TXT-00803	scripts\levels\station_08.gd:102	pl	MARTA	08	source-defined	visible-or-localized-string-candidate	pre-mechanic-reveal	PASS	SĄSIADKA
TXT-00804	scripts\levels\station_08.gd:102	pl	MARTA	08	source-defined	visible-or-localized-string-candidate	pre-mechanic-reveal	PASS	Dobry wieczór, pani Leno! Marta wróciła godzinę temu, czeka na panią pod czternastką.
TXT-00805	scripts\levels\station_08.gd:103	pl	LENA	08	source-defined	visible-or-localized-string-candidate	pre-mechanic-reveal	PASS	Dobry wieczór... Dziękuję pani.
TXT-00806	scripts\levels\station_08.gd:120	pl	LENA	08	source-defined	visible-or-localized-string-candidate	pre-mechanic-reveal	PASS	Mój klucz wchodzi gładko. Zapadka ustępuje bez najmniejszego oporu. Drzwi się otwierają.
TXT-00807	scripts\levels\station_08.gd:166	pl	SYSTEM_OR_UNLABELED	08	source-defined	visible-or-localized-string-candidate	pre-mechanic-reveal	PASS	Znajoma klatka schodowa. Sąsiadka wita mnie jak stałą lokatorkę.
TXT-00808	scripts\levels\station_08.gd:166	und	SYSTEM_OR_UNLABELED	08	source-defined	visible-or-localized-string-candidate	pre-mechanic-reveal	PASS	A familiar stairwell. The neighbour greets me like a resident.
TXT-00809	scripts\levels\station_08.gd:167	pl	SYSTEM_OR_UNLABELED	08	source-defined	visible-or-localized-string-candidate	pre-mechanic-reveal	PASS	Dlaczego sąsiadka mówi o czternastce? Sprawdzę zamek.
TXT-00810	scripts\levels\station_08.gd:167	und	SYSTEM_OR_UNLABELED	08	source-defined	visible-or-localized-string-candidate	pre-mechanic-reveal	PASS	Why does the neighbour speak of number fourteen? I will check the lock.
TXT-00811	scripts\levels\station_08.gd:168	pl	SYSTEM_OR_UNLABELED	08	source-defined	visible-or-localized-string-candidate	pre-mechanic-reveal	PASS	Dlaczego sąsiadka mówi o czternastce? Sprawdzę zamek.
TXT-00812	scripts\levels\station_08.gd:168	und	SYSTEM_OR_UNLABELED	08	source-defined	visible-or-localized-string-candidate	pre-mechanic-reveal	PASS	Why does the neighbour speak of number fourteen? I will check the lock.
TXT-00813	scripts\levels\station_08.gd:169	pl	SYSTEM_OR_UNLABELED	08	source-defined	visible-or-localized-string-candidate	pre-mechanic-reveal	PASS	Porozmawiam z sąsiadką i sprawdzę zamek czternastki.
TXT-00814	scripts\levels\station_08.gd:169	und	SYSTEM_OR_UNLABELED	08	source-defined	visible-or-localized-string-candidate	pre-mechanic-reveal	PASS	I will speak with the neighbour and test the lock at fourteen.
TXT-00815	scripts\levels\station_08.gd:170	pl	SYSTEM_OR_UNLABELED	08	source-defined	visible-or-localized-string-candidate	pre-mechanic-reveal	PASS	WSKAZÓWKA: Sprawdź drzwi 12, porozmawiaj z sąsiadką i użyj klucza w drzwiach 14.
TXT-00816	scripts\levels\station_08.gd:170	und	SYSTEM_OR_UNLABELED	08	source-defined	visible-or-localized-string-candidate	pre-mechanic-reveal	PASS	HINT: Inspect door 12, talk to the neighbour, and use your key on door 14.
TXT-00817	scripts\levels\station_09.gd:59	pl	SYSTEM_OR_UNLABELED	09	source-defined	visible-or-localized-string-candidate	pre-mechanic-reveal	PASS	Tabliczka i sąsiadka są po drugiej stronie donicy.
TXT-00818	scripts\levels\station_09.gd:59	und	SYSTEM_OR_UNLABELED	09	source-defined	visible-or-localized-string-candidate	pre-mechanic-reveal	PASS	The plate and neighbour are beyond the planter.
TXT-00819	scripts\levels\station_09.gd:60	pl	SYSTEM_OR_UNLABELED	09	source-defined	visible-or-localized-string-candidate	pre-mechanic-reveal	PASS	Może zmienili numery. Zapytam tylko o dwunastkę.
TXT-00820	scripts\levels\station_09.gd:60	und	SYSTEM_OR_UNLABELED	09	source-defined	visible-or-localized-string-candidate	pre-mechanic-reveal	PASS	Maybe the numbers changed. I will ask only about twelve.
TXT-00821	scripts\levels\station_09.gd:61	pl	SYSTEM_OR_UNLABELED	09	source-defined	visible-or-localized-string-candidate	pre-mechanic-reveal	PASS	Odsunę donicę, przeczytam piętro i zapytam o numer bez sugestii.
TXT-00822	scripts\levels\station_09.gd:61	und	SYSTEM_OR_UNLABELED	09	source-defined	visible-or-localized-string-candidate	pre-mechanic-reveal	PASS	Move the planter, read the floor, then ask the number without suggesting it.
TXT-00823	scripts\levels\station_09.gd:62	pl	SYSTEM_OR_UNLABELED	09	source-defined	visible-or-localized-string-candidate	pre-mechanic-reveal	PASS	WSKAZÓWKA: Przesuń donicę pieszo, przeczytaj tabliczkę i zapytaj sąsiadkę o 12.
TXT-00824	scripts\levels\station_09.gd:62	und	SYSTEM_OR_UNLABELED	09	source-defined	visible-or-localized-string-candidate	pre-mechanic-reveal	PASS	HINT: Push the planter on foot, read the plate, and ask the neighbour about 12.
TXT-00825	scripts\levels\station_10.gd:59	pl	SYSTEM_OR_UNLABELED	10	source-defined	visible-or-localized-string-candidate	pre-mechanic-reveal	PASS	Klucz pasuje. Zużycie powie więcej.
TXT-00826	scripts\levels\station_10.gd:59	und	SYSTEM_OR_UNLABELED	10	source-defined	visible-or-localized-string-candidate	pre-mechanic-reveal	PASS	The key fits. The wear will say more.
TXT-00827	scripts\levels\station_10.gd:60	pl	SYSTEM_OR_UNLABELED	10	source-defined	visible-or-localized-string-candidate	pre-mechanic-reveal	PASS	Mogę być intruzem. Klucz i zużycie tego nie zmienią bez dalszych źródeł.
TXT-00828	scripts\levels\station_10.gd:60	und	SYSTEM_OR_UNLABELED	10	source-defined	visible-or-localized-string-candidate	pre-mechanic-reveal	PASS	I could be an intruder. Key and wear alone will not change that.
TXT-00829	scripts\levels\station_10.gd:61	pl	SYSTEM_OR_UNLABELED	10	source-defined	visible-or-localized-string-candidate	pre-mechanic-reveal	PASS	Sprawdzę zużycie klucza i tabliczkę, zanim przejdę próg.
TXT-00830	scripts\levels\station_10.gd:61	und	SYSTEM_OR_UNLABELED	10	source-defined	visible-or-localized-string-candidate	pre-mechanic-reveal	PASS	Check key wear and the plate before crossing the threshold.
TXT-00831	scripts\levels\station_10.gd:62	pl	SYSTEM_OR_UNLABELED	10	source-defined	visible-or-localized-string-candidate	pre-mechanic-reveal	PASS	WSKAZÓWKA: Obejrzyj zużycie klucza, potem odstaw torbę przy drzwiach.
TXT-00832	scripts\levels\station_10.gd:62	und	SYSTEM_OR_UNLABELED	10	source-defined	visible-or-localized-string-candidate	pre-mechanic-reveal	PASS	HINT: Inspect key wear, then set the bag by the door.
TXT-00833	scripts\levels\station_11.gd:65	pl	MARTA	11	source-defined	visible-or-localized-string-candidate	pre-mechanic-reveal	PASS	Fotografia zna Martę. Zużycie sprzętu zna ciało.
TXT-00834	scripts\levels\station_11.gd:65	und	MARTA	11	source-defined	visible-or-localized-string-candidate	pre-mechanic-reveal	PASS	The photograph knows Marta. The gear wear knows the body.
TXT-00835	scripts\levels\station_11.gd:66	pl	SYSTEM_OR_UNLABELED	11	source-defined	visible-or-localized-string-candidate	pre-mechanic-reveal	PASS	Mogę mieć lukę pamięci. Fotografia i czytnik to sprawdzą.
TXT-00836	scripts\levels\station_11.gd:66	und	SYSTEM_OR_UNLABELED	11	source-defined	visible-or-localized-string-candidate	pre-mechanic-reveal	PASS	I may have a memory gap. Photo and reader can test it.
TXT-00837	scripts\levels\station_11.gd:67	pl	SYSTEM_OR_UNLABELED	11	source-defined	visible-or-localized-string-candidate	pre-mechanic-reveal	PASS	Porównam zdjęcie, zużycie i ustawienie czytnika jako niezależne źródła.
TXT-00838	scripts\levels\station_11.gd:67	und	SYSTEM_OR_UNLABELED	11	source-defined	visible-or-localized-string-candidate	pre-mechanic-reveal	PASS	Compare photo, wear, and reader arrangement as independent sources.
TXT-00839	scripts\levels\station_11.gd:68	pl	SYSTEM_OR_UNLABELED	11	source-defined	visible-or-localized-string-candidate	pre-mechanic-reveal	PASS	WSKAZÓWKA: Odsuń komodę, potem obejrzyj zdjęcie, buty i stację czytnika.
TXT-00840	scripts\levels\station_11.gd:68	und	SYSTEM_OR_UNLABELED	11	source-defined	visible-or-localized-string-candidate	pre-mechanic-reveal	PASS	HINT: Move the sideboard, then inspect photo, boots, and the reader dock.
TXT-00841	scripts\levels\station_12.gd:63	pl	MARTA	12	source-defined	visible-or-localized-string-candidate	pre-mechanic-reveal	PASS	Głos Marty. Najpierw zamknę balkon.
TXT-00842	scripts\levels\station_12.gd:63	und	MARTA	12	source-defined	visible-or-localized-string-candidate	pre-mechanic-reveal	PASS	Marta's voice. Close the balcony first.
TXT-00843	scripts\levels\station_12.gd:64	pl	SYSTEM_OR_UNLABELED	12	source-defined	visible-or-localized-string-candidate	pre-mechanic-reveal	PASS	Ktoś mógł przygotować wiadomość. Numer i oddech ją testują.
TXT-00844	scripts\levels\station_12.gd:64	und	SYSTEM_OR_UNLABELED	12	source-defined	visible-or-localized-string-candidate	pre-mechanic-reveal	PASS	Someone could have staged it. The number and breath test that.
TXT-00845	scripts\levels\station_12.gd:65	pl	SYSTEM_OR_UNLABELED	12	source-defined	visible-or-localized-string-candidate	pre-mechanic-reveal	PASS	Domknę balkon, wysłucham całości, sprawdzę numer i zapiszę pytania.
TXT-00846	scripts\levels\station_12.gd:65	und	SYSTEM_OR_UNLABELED	12	source-defined	visible-or-localized-string-candidate	pre-mechanic-reveal	PASS	Close the balcony, hear it all, verify the number, then write questions.
TXT-00847	scripts\levels\station_12.gd:66	pl	SYSTEM_OR_UNLABELED	12	source-defined	visible-or-localized-string-candidate	pre-mechanic-reveal	PASS	WSKAZÓWKA: Domknij balkon, potem sekretarka, rejestr i notes.
TXT-00848	scripts\levels\station_12.gd:66	und	SYSTEM_OR_UNLABELED	12	source-defined	visible-or-localized-string-candidate	pre-mechanic-reveal	PASS	HINT: Close the balcony, then the machine, the caller list, and the notepad.
TXT-00849	scripts\levels\station_13.gd:64	pl	SYSTEM_OR_UNLABELED	13	source-defined	visible-or-localized-string-candidate	pre-mechanic-reveal	PASS	Jedna pieczęć, dwa adresy. Sprawdzę daty i wystawców.
TXT-00850	scripts\levels\station_13.gd:64	und	SYSTEM_OR_UNLABELED	13	source-defined	visible-or-localized-string-candidate	pre-mechanic-reveal	PASS	One seal set, two addresses. Check dates and issuers.
TXT-00851	scripts\levels\station_13.gd:65	pl	SYSTEM_OR_UNLABELED	13	source-defined	visible-or-localized-string-candidate	pre-mechanic-reveal	PASS	Może papiery nakładają się przy przeprowadzce. Pieczęcie to rozstrzygną.
TXT-00852	scripts\levels\station_13.gd:65	und	SYSTEM_OR_UNLABELED	13	source-defined	visible-or-localized-string-candidate	pre-mechanic-reveal	PASS	Maybe paperwork overlaps on a move. The seals can test that.
TXT-00853	scripts\levels\station_13.gd:66	pl	SYSTEM_OR_UNLABELED	13	source-defined	visible-or-localized-string-candidate	pre-mechanic-reveal	PASS	Otworzę szufladę, porównam pieczęcie i daty obu dokumentów.
TXT-00854	scripts\levels\station_13.gd:66	und	SYSTEM_OR_UNLABELED	13	source-defined	visible-or-localized-string-candidate	pre-mechanic-reveal	PASS	Open the drawer, compare seals and dates of both documents.
TXT-00855	scripts\levels\station_13.gd:67	pl	SYSTEM_OR_UNLABELED	13	source-defined	visible-or-localized-string-candidate	pre-mechanic-reveal	PASS	WSKAZÓWKA: Otwórz szufladę, potem zaświadczenie, umowa, lupa, zapis czytnika.
TXT-00856	scripts\levels\station_13.gd:67	und	SYSTEM_OR_UNLABELED	13	source-defined	visible-or-localized-string-candidate	pre-mechanic-reveal	PASS	HINT: Open the drawer, then certificate, contract, magnifier, reader log.
TXT-00857	scripts\levels\station_14.gd:103	pl	SYSTEM_OR_UNLABELED	14	source-defined	visible-or-localized-string-candidate	campaign-ordered	PASS	Fala korekty idzie z maszyny. Utrzymam most i zobaczę, co zrobi.
TXT-00858	scripts\levels\station_14.gd:103	und	SYSTEM_OR_UNLABELED	14	source-defined	visible-or-localized-string-candidate	campaign-ordered	PASS	A correction wave comes from the machine. I will hold the bridge and watch.
TXT-00859	scripts\levels\station_14.gd:104	pl	SYSTEM_OR_UNLABELED	14	source-defined	visible-or-localized-string-candidate	campaign-ordered	PASS	Jeżeli puszczę most, fala przełoży go na cienki montaż, a sekcja za nim zgaśnie. Koszt zostanie w sekcji.
TXT-00860	scripts\levels\station_14.gd:104	und	SYSTEM_OR_UNLABELED	14	source-defined	visible-or-localized-string-candidate	campaign-ordered	PASS	If I let go, the wave re-rigs the bridge and the section behind it dies. The cost stays in the section.
TXT-00861	scripts\levels\station_14.gd:105	pl	SYSTEM_OR_UNLABELED	14	source-defined	visible-or-localized-string-candidate	campaign-ordered	PASS	Utrzymam wersję A w czasie fali, potem puszczę i przywrócę ją z kolejnym cyklem.
TXT-00862	scripts\levels\station_14.gd:105	und	SYSTEM_OR_UNLABELED	14	source-defined	visible-or-localized-string-candidate	campaign-ordered	PASS	Hold version A through the wave, then let go and restore it on a later cycle.
TXT-00863	scripts\levels\station_14.gd:106	pl	SYSTEM_OR_UNLABELED	14	source-defined	visible-or-localized-string-candidate	campaign-ordered	PASS	POMOC: Chwyć obejmę przed impulsem rozdzielnicy. Jeśli puścisz, most przejdzie na rezerwę i odetnie zasilanie.
TXT-00864	scripts\levels\station_14.gd:106	und	SYSTEM_OR_UNLABELED	14	source-defined	visible-or-localized-string-candidate	campaign-ordered	PASS	HELP: Grip the collar before the switchgear pulse. If you let go, the bridge shifts to backup and cuts power.
TXT-00865	scripts\levels\station_14.gd:107	pl	SYSTEM_OR_UNLABELED	14	source-defined	visible-or-localized-string-candidate	campaign-ordered	PASS	Utrzymanie i uległość. Dwa ruchy jednej metody — sekcja pokazała różnicę.
TXT-00866	scripts\levels\station_14.gd:107	und	SYSTEM_OR_UNLABELED	14	source-defined	visible-or-localized-string-candidate	campaign-ordered	PASS	Holding and yielding. Two motions of one method — the section showed the difference.
TXT-00867	scripts\levels\station_15.gd:96	pl	SYSTEM_OR_UNLABELED	15	source-defined	visible-or-localized-string-candidate	campaign-ordered	PASS	Impuls wraca identyczny. To może być nagranie.
TXT-00868	scripts\levels\station_15.gd:96	und	SYSTEM_OR_UNLABELED	15	source-defined	visible-or-localized-string-candidate	campaign-ordered	PASS	The impulse returns identical. That could be a recording.
TXT-00869	scripts\levels\station_15.gd:97	pl	SYSTEM_OR_UNLABELED	15	source-defined	visible-or-localized-string-candidate	campaign-ordered	PASS	Jeżeli odpowiedź poprawi tylko celowy błąd, pochodzi od osoby, nie od nagrania.
TXT-00870	scripts\levels\station_15.gd:97	und	SYSTEM_OR_UNLABELED	15	source-defined	visible-or-localized-string-candidate	campaign-ordered	PASS	If the response corrects only the deliberate error, it comes from a person, not a recording.
TXT-00871	scripts\levels\station_15.gd:98	pl	SYSTEM_OR_UNLABELED	15	source-defined	visible-or-localized-string-candidate	campaign-ordered	PASS	Dwa identyczne impulsy kontrolne, potem trzeci z celowym błędem. Różnica wskaże źródło.
TXT-00872	scripts\levels\station_15.gd:98	und	SYSTEM_OR_UNLABELED	15	source-defined	visible-or-localized-string-candidate	campaign-ordered	PASS	Two identical control impulses, then a third with a deliberate error. The difference names the source.
TXT-00873	scripts\levels\station_15.gd:99	pl	SYSTEM_OR_UNLABELED	15	source-defined	visible-or-localized-string-candidate	campaign-ordered	PASS	WSKAZÓWKA: Dziennik pętli, dwa impulsy kontrolne, impuls z błędem, notatka serwisowa.
TXT-00874	scripts\levels\station_15.gd:99	und	SYSTEM_OR_UNLABELED	15	source-defined	visible-or-localized-string-candidate	campaign-ordered	PASS	HINT: The loop logbook, two control impulses, the error impulse, the service note.
TXT-00875	scripts\levels\station_15.gd:100	pl	SYSTEM_OR_UNLABELED	15	source-defined	visible-or-localized-string-candidate	campaign-ordered	PASS	Próbę z 20:40 ucięła korekta spoza pętli. Ktoś ją przerwał od zewnątrz.
TXT-00876	scripts\levels\station_15.gd:100	und	SYSTEM_OR_UNLABELED	15	source-defined	visible-or-localized-string-candidate	campaign-ordered	PASS	The 20:40 trial was cut by a correction from outside the loop. Someone interrupted it.
TXT-00877	scripts\levels\station_15.gd:101	pl	SYSTEM_OR_UNLABELED	15	source-defined	visible-or-localized-string-candidate	campaign-ordered	PASS	Odpowiedź poprawiła tylko mój celowy błąd. To żywy sygnał, nie echo.
TXT-00878	scripts\levels\station_15.gd:101	und	SYSTEM_OR_UNLABELED	15	source-defined	visible-or-localized-string-candidate	campaign-ordered	PASS	The response corrected only my deliberate error. That is a living signal, not an echo.
TXT-00879	scripts\levels\station_15.gd:102	pl	SYSTEM_OR_UNLABELED	15	source-defined	visible-or-localized-string-candidate	campaign-ordered	PASS	Zostawiła warunek przerwania. To była decyzja, nie wypadek.
TXT-00880	scripts\levels\station_15.gd:102	und	SYSTEM_OR_UNLABELED	15	source-defined	visible-or-localized-string-candidate	campaign-ordered	PASS	She left an abort condition. This was a decision, not an accident.
TXT-00881	scripts\levels\station_16.gd:89	pl	SYSTEM_OR_UNLABELED	16	source-defined	visible-or-localized-string-candidate	campaign-ordered	PASS	Odpowiedź przechodzi do bezpiecznego analizatora.
TXT-00882	scripts\levels\station_16.gd:89	und	SYSTEM_OR_UNLABELED	16	source-defined	visible-or-localized-string-candidate	campaign-ordered	PASS	The response enters the safe analyzer.
TXT-00883	scripts\levels\station_16.gd:90	pl	MARTA	16	source-defined	visible-or-localized-string-candidate	campaign-ordered	PASS	Może wystarczy utrzymać jeden szczegół. Sprawdzę, co zostanie ostrzejsze.
TXT-00884	scripts\levels\station_16.gd:90	und	MARTA	16	source-defined	visible-or-localized-string-candidate	campaign-ordered	PASS	Maybe one detail can stay sharp. I will check what remains clear.
TXT-00885	scripts\levels\station_16.gd:91	pl	SYSTEM_OR_UNLABELED	16	source-defined	visible-or-localized-string-candidate	campaign-ordered	PASS	Przeniosę odpowiedź, wybiorę jeden szczegół i potwierdzę echo domu.
TXT-00886	scripts\levels\station_16.gd:91	und	SYSTEM_OR_UNLABELED	16	source-defined	visible-or-localized-string-candidate	campaign-ordered	PASS	Transfer the response, choose one detail, and confirm the home echo.
TXT-00887	scripts\levels\station_16.gd:92	pl	SYSTEM_OR_UNLABELED	16	source-defined	visible-or-localized-string-candidate	campaign-ordered	PASS	WSKAZÓWKA: Analizator, jeden wybór kosztu, odbiornik echa.
TXT-00888	scripts\levels\station_16.gd:92	und	SYSTEM_OR_UNLABELED	16	source-defined	visible-or-localized-string-candidate	campaign-ordered	PASS	HINT: Analyzer, one cost choice, echo receiver.
TXT-00889	scripts\levels\station_16.gd:93	pl	SYSTEM_OR_UNLABELED	16	source-defined	visible-or-localized-string-candidate	campaign-ordered	PASS	Echo domu wraca po jednym małym ubytku.
TXT-00890	scripts\levels\station_16.gd:93	und	SYSTEM_OR_UNLABELED	16	source-defined	visible-or-localized-string-candidate	campaign-ordered	PASS	The home echo returns after one small loss.
TXT-00891	scripts\levels\station_17.gd:83	pl	SYSTEM_OR_UNLABELED	17	source-defined	visible-or-localized-string-candidate	campaign-ordered	PASS	Pary Linii 4. Ktoś utrzymuje zapis, ktoś drugi zapłacił.
TXT-00892	scripts\levels\station_17.gd:83	und	SYSTEM_OR_UNLABELED	17	source-defined	visible-or-localized-string-candidate	campaign-ordered	PASS	Line 4 pairs. Someone keeps the record, someone else paid.
TXT-00893	scripts\levels\station_17.gd:84	pl	SYSTEM_OR_UNLABELED	17	source-defined	visible-or-localized-string-candidate	campaign-ordered	PASS	System zaproponuje wpisanie mnie do rejestru. To nie zapłaci za nic.
TXT-00894	scripts\levels\station_17.gd:84	und	SYSTEM_OR_UNLABELED	17	source-defined	visible-or-localized-string-candidate	campaign-ordered	PASS	The system will offer to file me into the register. That pays for nothing.
TXT-00895	scripts\levels\station_17.gd:85	pl	JAKUB	17	source-defined	visible-or-localized-string-candidate	campaign-ordered	PASS	Odczytam pary, odmówię adaptacji i ustalę z Jakubem zakres.
TXT-00896	scripts\levels\station_17.gd:85	und	JAKUB	17	source-defined	visible-or-localized-string-candidate	campaign-ordered	PASS	Read the pairs, refuse the adaptation, settle the scope with Jakub.
TXT-00897	scripts\levels\station_17.gd:86	pl	SYSTEM_OR_UNLABELED	17	source-defined	visible-or-localized-string-candidate	campaign-ordered	PASS	Zakres zgody jest zapisany tak, jak padł.
TXT-00898	scripts\levels\station_17.gd:86	und	SYSTEM_OR_UNLABELED	17	source-defined	visible-or-localized-string-candidate	campaign-ordered	PASS	The consent scope is recorded exactly as stated.
TXT-00899	scripts\levels\station_17.gd:87	pl	JAKUB	17	source-defined	visible-or-localized-string-candidate	campaign-ordered	PASS	JAKUB: Przyszłaś po odczyt, a teraz każesz mi podpisać protokół in blanco. Nie ze mną, Lena.
TXT-00900	scripts\levels\station_17.gd:87	und	JAKUB	17	source-defined	visible-or-localized-string-candidate	campaign-ordered	PASS	JAKUB: You came for a reading, and now you want me to sign a blank protocol. Not with me, Lena.
TXT-00901	scripts\levels\station_17.gd:88	pl	SYSTEM_OR_UNLABELED	17	source-defined	visible-or-localized-string-candidate	campaign-ordered	PASS	WSKAZÓWKA: Rejestr par, oferta adaptacji, biurko zakresu zgody.
TXT-00902	scripts\levels\station_17.gd:88	und	SYSTEM_OR_UNLABELED	17	source-defined	visible-or-localized-string-candidate	campaign-ordered	PASS	HINT: Pair register, adaptation offer, consent scope desk.
TXT-00903	scripts\levels\station_17.gd:209	pl	JAKUB	17	source-defined	visible-or-localized-string-candidate	campaign-ordered	PASS	Przyszłaś po odczyt, a teraz każesz mi podpisać protokół in blanco. Nie ze mną, Lena.
TXT-00904	scripts\levels\station_17.gd:212	pl	JAKUB	17	source-defined	visible-or-localized-string-candidate	campaign-ordered	PASS	Dziesięć sekund. Mój nadajnik, moja ręka na wyłączniku.
TXT-00905	scripts\levels\station_17.gd:213	pl	LENA	17	source-defined	visible-or-localized-string-candidate	campaign-ordered	PASS	Dziesięć.
TXT-00906	scripts\levels\station_18.gd:101	pl	JAKUB	18	source-defined	visible-or-localized-string-candidate	campaign-ordered	PASS	Trzy drogi na jednej tablicy. Każda ma inną zależność od zgody Jakuba.
TXT-00907	scripts\levels\station_18.gd:101	und	JAKUB	18	source-defined	visible-or-localized-string-candidate	campaign-ordered	PASS	Three routes on one board. Each depends differently on Jakub's consent.
TXT-00908	scripts\levels\station_18.gd:102	pl	SYSTEM_OR_UNLABELED	18	source-defined	visible-or-localized-string-candidate	campaign-ordered	PASS	Może wystarczy wybrać jedną i iść. Braki pokażą, czy to prawda.
TXT-00909	scripts\levels\station_18.gd:102	und	SYSTEM_OR_UNLABELED	18	source-defined	visible-or-localized-string-candidate	campaign-ordered	PASS	Maybe picking one and walking is enough. The gaps will show if that is true.
TXT-00910	scripts\levels\station_18.gd:103	pl	MARTA	18	source-defined	visible-or-localized-string-candidate	campaign-ordered	PASS	Zestawię trzy prognozy, powiem Marcie prawdę albo jej część i zatwierdzę jedną metodę.
TXT-00911	scripts\levels\station_18.gd:103	und	MARTA	18	source-defined	visible-or-localized-string-candidate	campaign-ordered	PASS	Compare the three forecasts, tell Marta the truth or part of it, and commit one method.
TXT-00912	scripts\levels\station_18.gd:104	pl	SYSTEM_OR_UNLABELED	18	source-defined	visible-or-localized-string-candidate	campaign-ordered	PASS	Metoda jest zatwierdzona tak, jak padła, z jawnymi brakami.
TXT-00913	scripts\levels\station_18.gd:104	und	SYSTEM_OR_UNLABELED	18	source-defined	visible-or-localized-string-candidate	campaign-ordered	PASS	The method is committed exactly as stated, with the gaps named.
TXT-00914	scripts\levels\station_18.gd:105	pl	MARTA	18	source-defined	visible-or-localized-string-candidate	campaign-ordered	PASS	WSKAZÓWKA: Tablica trzech prognoz, witryna Marty, słupek zatwierdzenia metody.
TXT-00915	scripts\levels\station_18.gd:105	und	MARTA	18	source-defined	visible-or-localized-string-candidate	campaign-ordered	PASS	HINT: Three-forecast board, Marta's window, method commit post.
TXT-00916	scripts\levels\station_19.gd:61	pl	SYSTEM_OR_UNLABELED	19	source-defined	visible-or-localized-string-candidate	campaign-ordered	PASS	Ten głos. W tle prawdziwy warsztat, nie nagranie.
TXT-00917	scripts\levels\station_19.gd:61	und	SYSTEM_OR_UNLABELED	19	source-defined	visible-or-localized-string-candidate	campaign-ordered	PASS	That voice. A real workshop behind it, not a recording.
TXT-00918	scripts\levels\station_19.gd:62	pl	SYSTEM_OR_UNLABELED	19	source-defined	visible-or-localized-string-candidate	campaign-ordered	PASS	Ktoś mógł zebrać rodzinne szczegóły z moich notatek. Drugie pytanie to sprawdzi.
TXT-00919	scripts\levels\station_19.gd:62	und	SYSTEM_OR_UNLABELED	19	source-defined	visible-or-localized-string-candidate	campaign-ordered	PASS	Someone could have gathered family details from my notes. The second question tests that.
TXT-00920	scripts\levels\station_19.gd:63	pl	SYSTEM_OR_UNLABELED	19	source-defined	visible-or-localized-string-candidate	campaign-ordered	PASS	Zadam pytanie znane tylko rodzinie i pytanie o zdarzenie, które pamiętam, potem zestawię odpowiedzi.
TXT-00921	scripts\levels\station_19.gd:63	und	SYSTEM_OR_UNLABELED	19	source-defined	visible-or-localized-string-candidate	campaign-ordered	PASS	Ask a family-only question and one about the event I remember, then compare the answers.
TXT-00922	scripts\levels\station_19.gd:64	pl	SYSTEM_OR_UNLABELED	19	source-defined	visible-or-localized-string-candidate	campaign-ordered	PASS	WSKAZÓWKA: Panel osłonowy, spis numerów, słuchawka, rozmowa, notes.
TXT-00923	scripts\levels\station_19.gd:64	und	SYSTEM_OR_UNLABELED	19	source-defined	visible-or-localized-string-candidate	campaign-ordered	PASS	HINT: Shield panel, directory, handset, the call, the notepad.
TXT-00924	scripts\levels\station_20.gd:62	pl	SYSTEM_OR_UNLABELED	20	source-defined	visible-or-localized-string-candidate	campaign-ordered	PASS	Ciało żyje. Ma pracę, zmęczenie i własne granice.
TXT-00925	scripts\levels\station_20.gd:62	und	SYSTEM_OR_UNLABELED	20	source-defined	visible-or-localized-string-candidate	campaign-ordered	PASS	The body is alive. He has work, fatigue and his own boundaries.
TXT-00926	scripts\levels\station_20.gd:63	pl	SYSTEM_OR_UNLABELED	20	source-defined	visible-or-localized-string-candidate	campaign-ordered	PASS	Odruchowo traktuję go jak materiał. Jego dostęp zawodowy jest lepszym testem.
TXT-00927	scripts\levels\station_20.gd:63	und	SYSTEM_OR_UNLABELED	20	source-defined	visible-or-localized-string-candidate	campaign-ordered	PASS	By reflex I treat him as material. His professional access is the better test.
TXT-00928	scripts\levels\station_20.gd:64	pl	SYSTEM_OR_UNLABELED	20	source-defined	visible-or-localized-string-candidate	campaign-ordered	PASS	Przyjmę odmowę, potem zestawię numer czytnika z lokalną bazą serwisową.
TXT-00929	scripts\levels\station_20.gd:64	und	SYSTEM_OR_UNLABELED	20	source-defined	visible-or-localized-string-candidate	campaign-ordered	PASS	Accept the refusal, then compare the reader number with the local service base.
TXT-00930	scripts\levels\station_20.gd:65	pl	MARTA	20	source-defined	visible-or-localized-string-candidate	campaign-ordered	PASS	WSKAZÓWKA: Wózek, Marta obok, rozmowa z Jakubem, stacja diagnostyczna, stół montażowy.
TXT-00931	scripts\levels\station_20.gd:65	und	MARTA	20	source-defined	visible-or-localized-string-candidate	campaign-ordered	PASS	HINT: Trolley, Marta nearby, talk with Jakub, diagnostic dock, workbench.
TXT-00932	scripts\levels\station_21.gd:17	pl	SYSTEM_OR_UNLABELED	21	source-defined	visible-or-localized-string-candidate	campaign-ordered	PASS	STÓŁ SYNTEZY // TRZY POLA POMIAROWE
TXT-00933	scripts\levels\station_21.gd:18	pl	SYSTEM_OR_UNLABELED	21	source-defined	visible-or-localized-string-candidate	campaign-ordered	PASS	SYNTEZA // TO NIE JEST MÓJ ŚWIAT
TXT-00934	scripts\levels\station_21.gd:19	und	SYSTEM_OR_UNLABELED	21	source-defined	visible-or-localized-string-candidate	campaign-ordered	PASS	Korytarz serwisowy
TXT-00935	scripts\levels\station_21.gd:20	und	SYSTEM_OR_UNLABELED	21	source-defined	visible-or-localized-string-candidate	campaign-ordered	PASS	Kierunek: odnalezienie miejscowej Leny
TXT-00936	scripts\levels\station_21.gd:88	pl	SYSTEM_OR_UNLABELED	21	source-defined	visible-or-localized-string-candidate	campaign-ordered	PASS	Trzy pola. Trzy niezależne źródła.
TXT-00937	scripts\levels\station_21.gd:88	und	SYSTEM_OR_UNLABELED	21	source-defined	visible-or-localized-string-candidate	campaign-ordered	PASS	Three fields. Three independent sources.
TXT-00938	scripts\levels\station_21.gd:89	pl	SYSTEM_OR_UNLABELED	21	source-defined	visible-or-localized-string-candidate	campaign-ordered	PASS	Może jedno wyjaśnienie obejmie wszystko. Zwarcie układu to sprawdzi.
TXT-00939	scripts\levels\station_21.gd:89	und	SYSTEM_OR_UNLABELED	21	source-defined	visible-or-localized-string-candidate	campaign-ordered	PASS	Maybe one explanation covers everything. Closing the circuit tests that.
TXT-00940	scripts\levels\station_21.gd:90	pl	SYSTEM_OR_UNLABELED	21	source-defined	visible-or-localized-string-candidate	campaign-ordered	PASS	Ułożę trzy źródła w polach, potem zewrę układ na stole.
TXT-00941	scripts\levels\station_21.gd:90	und	SYSTEM_OR_UNLABELED	21	source-defined	visible-or-localized-string-candidate	campaign-ordered	PASS	Place the three sources in the fields, then close the circuit on the table.
TXT-00942	scripts\levels\station_21.gd:91	pl	SYSTEM_OR_UNLABELED	21	source-defined	visible-or-localized-string-candidate	campaign-ordered	PASS	WSKAZÓWKA: Czytnik z próbką, rejestry publiczne, zapis serwisowy, potem stół.
TXT-00943	scripts\levels\station_21.gd:91	und	SYSTEM_OR_UNLABELED	21	source-defined	visible-or-localized-string-candidate	campaign-ordered	PASS	HINT: Reader with sample, public registries, service record, then the table.
TXT-00944	scripts\levels\station_22.gd:70	pl	SYSTEM_OR_UNLABELED	22	source-defined	visible-or-localized-string-candidate	campaign-ordered	PASS	Utrzymany ślad. Odpowiedź obok.
TXT-00945	scripts\levels\station_22.gd:70	und	SYSTEM_OR_UNLABELED	22	source-defined	visible-or-localized-string-candidate	campaign-ordered	PASS	A held trace. A response beside it.
TXT-00946	scripts\levels\station_22.gd:71	pl	SYSTEM_OR_UNLABELED	22	source-defined	visible-or-localized-string-candidate	campaign-ordered	PASS	Echo może tylko powtarzać urządzenie.
TXT-00947	scripts\levels\station_22.gd:71	und	SYSTEM_OR_UNLABELED	22	source-defined	visible-or-localized-string-candidate	campaign-ordered	PASS	An echo may only repeat the device.
TXT-00948	scripts\levels\station_22.gd:72	pl	SYSTEM_OR_UNLABELED	22	source-defined	visible-or-localized-string-candidate	campaign-ordered	PASS	Porównam oba kanały na martwym obwodzie.
TXT-00949	scripts\levels\station_22.gd:72	und	SYSTEM_OR_UNLABELED	22	source-defined	visible-or-localized-string-candidate	campaign-ordered	PASS	I will compare both channels on the dead circuit.
TXT-00950	scripts\levels\station_22.gd:73	pl	SYSTEM_OR_UNLABELED	22	source-defined	visible-or-localized-string-candidate	campaign-ordered	PASS	WSKAZÓWKA: Zbadaj oba kanały. Nie wybieraj jeszcze metody ani osoby.
TXT-00951	scripts\levels\station_22.gd:73	und	SYSTEM_OR_UNLABELED	22	source-defined	visible-or-localized-string-candidate	campaign-ordered	PASS	HINT: Examine both channels. Do not choose a method or a person yet.
TXT-00952	scripts\levels\station_23.gd:80	pl	SYSTEM_OR_UNLABELED	23	source-defined	visible-or-localized-string-candidate	campaign-ordered	PASS	Martwy obwód przyjmuje tylko bezpieczną próbę.
TXT-00953	scripts\levels\station_23.gd:80	und	SYSTEM_OR_UNLABELED	23	source-defined	visible-or-localized-string-candidate	campaign-ordered	PASS	The dead circuit accepts only a safe trial.
TXT-00954	scripts\levels\station_23.gd:81	pl	SYSTEM_OR_UNLABELED	23	source-defined	visible-or-localized-string-candidate	campaign-ordered	PASS	Jeśli to echo, utrzymanie relacji nie da odpowiedzi obok.
TXT-00955	scripts\levels\station_23.gd:81	und	SYSTEM_OR_UNLABELED	23	source-defined	visible-or-localized-string-candidate	campaign-ordered	PASS	If this is an echo, holding the relation will not produce a response beside it.
TXT-00956	scripts\levels\station_23.gd:82	pl	SYSTEM_OR_UNLABELED	23	source-defined	visible-or-localized-string-candidate	campaign-ordered	PASS	Porównaj utrzymanie przekaźnika z uległością znacznika adresu.
TXT-00957	scripts\levels\station_23.gd:82	und	SYSTEM_OR_UNLABELED	23	source-defined	visible-or-localized-string-candidate	campaign-ordered	PASS	Compare holding the relay with yielding the address marker.
TXT-00958	scripts\levels\station_23.gd:83	pl	SYSTEM_OR_UNLABELED	23	source-defined	visible-or-localized-string-candidate	campaign-ordered	PASS	WSKAZÓWKA: wykonaj próbę Anchor albo Yield. Pomoc nie wybiera jej za ciebie.
TXT-00959	scripts\levels\station_23.gd:83	und	SYSTEM_OR_UNLABELED	23	source-defined	visible-or-localized-string-candidate	campaign-ordered	PASS	HINT: perform an Anchor or Yield trial. Help does not choose it for you.
TXT-00960	scripts\levels\station_24.gd:82	pl	SYSTEM_OR_UNLABELED	24	source-defined	visible-or-localized-string-candidate	campaign-ordered	PASS	Pudełko zostaje zamknięte. To nie jest mój dostęp.
TXT-00961	scripts\levels\station_24.gd:82	und	SYSTEM_OR_UNLABELED	24	source-defined	visible-or-localized-string-candidate	campaign-ordered	PASS	The box stays closed. This is not my access.
TXT-00962	scripts\levels\station_24.gd:83	pl	MARTA	24	source-defined	visible-or-localized-string-candidate	campaign-ordered	PASS	Dostęp do notatek nie jest zgodą na użycie życia Marty.
TXT-00963	scripts\levels\station_24.gd:83	und	MARTA	24	source-defined	visible-or-localized-string-candidate	campaign-ordered	PASS	Access to notes is not consent to use Marta's life.
TXT-00964	scripts\levels\station_24.gd:84	pl	MARTA	24	source-defined	visible-or-localized-string-candidate	campaign-ordered	PASS	Najpierw pokażę zakres, ryzyko i koszt. Potem Marta zdecyduje.
TXT-00965	scripts\levels\station_24.gd:84	und	MARTA	24	source-defined	visible-or-localized-string-candidate	campaign-ordered	PASS	First I will show scope, risk and cost. Then Marta decides.
TXT-00966	scripts\levels\station_24.gd:85	pl	MARTA	24	source-defined	visible-or-localized-string-candidate	campaign-ordered	PASS	WSKAZÓWKA: Odczytaj trzy informacje, potem wybierz lewo albo prawo. Pomoc nie wybiera za Martę.
TXT-00967	scripts\levels\station_24.gd:85	und	MARTA	24	source-defined	visible-or-localized-string-candidate	campaign-ordered	PASS	HINT: Read all three disclosures, then choose left or right. Help does not choose for Marta.
TXT-00968	scripts\levels\station_25.gd:77	und	JAKUB	25	source-defined	visible-or-localized-string-candidate	campaign-ordered	PASS	Jakub: najpierw wentylacja. Potem rygiel. Potem zasilanie.
TXT-00969	scripts\levels\station_25.gd:77	und	JAKUB	25	source-defined	visible-or-localized-string-candidate	campaign-ordered	PASS	Jakub: ventilation first. Then the interlock. Then power.
TXT-00970	scripts\levels\station_25.gd:78	pl	SYSTEM_OR_UNLABELED	25	source-defined	visible-or-localized-string-candidate	campaign-ordered	PASS	Notatki mogą opisać bufor, ale nie zastąpią cyklu maszyny.
TXT-00971	scripts\levels\station_25.gd:78	und	SYSTEM_OR_UNLABELED	25	source-defined	visible-or-localized-string-candidate	campaign-ordered	PASS	Notes may describe the buffer, but they cannot replace the machine cycle.
TXT-00972	scripts\levels\station_25.gd:79	pl	SYSTEM_OR_UNLABELED	25	source-defined	visible-or-localized-string-candidate	campaign-ordered	PASS	Sprawdź wentylację, zwolnij rygiel, potem podaj zasilanie do rejestratora.
TXT-00973	scripts\levels\station_25.gd:79	und	SYSTEM_OR_UNLABELED	25	source-defined	visible-or-localized-string-candidate	campaign-ordered	PASS	Check ventilation, release the interlock, then route power to the recorder.
TXT-00974	scripts\levels\station_25.gd:80	pl	JAKUB	25	source-defined	visible-or-localized-string-candidate	campaign-ordered	PASS	WSKAZÓWKA: Trzy kroki infrastruktury są wspólne dla obu dróg. Pomoc nie używa sygnału Jakuba.
TXT-00975	scripts\levels\station_25.gd:80	und	JAKUB	25	source-defined	visible-or-localized-string-candidate	campaign-ordered	PASS	HINT: The three infrastructure steps are shared by both routes. Help does not use Jakub's signal.
TXT-00976	scripts\levels\station_26.gd:93	pl	SYSTEM_OR_UNLABELED	26	source-defined	visible-or-localized-string-candidate	campaign-ordered	PASS	Log UCP i próbka wskazują różne chwile.
TXT-00977	scripts\levels\station_26.gd:93	und	SYSTEM_OR_UNLABELED	26	source-defined	visible-or-localized-string-candidate	campaign-ordered	PASS	The UCP log and the sample point to different moments.
TXT-00978	scripts\levels\station_26.gd:94	pl	SYSTEM_OR_UNLABELED	26	source-defined	visible-or-localized-string-candidate	campaign-ordered	PASS	Późniejsza komenda UCP może wyglądać jak przyczyna, jeśli zegary nie mają wspólnego zera.
TXT-00979	scripts\levels\station_26.gd:94	und	SYSTEM_OR_UNLABELED	26	source-defined	visible-or-localized-string-candidate	campaign-ordered	PASS	A later UCP command can look causal when the clocks do not share a zero point.
TXT-00980	scripts\levels\station_26.gd:95	pl	SYSTEM_OR_UNLABELED	26	source-defined	visible-or-localized-string-candidate	campaign-ordered	PASS	Zsynchronizuj zegar próbki, komendy UCP i lokalnego generatora, potem odtwórz kolejność.
TXT-00981	scripts\levels\station_26.gd:95	und	SYSTEM_OR_UNLABELED	26	source-defined	visible-or-localized-string-candidate	campaign-ordered	PASS	Synchronize the sample, UCP command and local-generator clocks, then reconstruct the order.
TXT-00982	scripts\levels\station_26.gd:96	pl	SYSTEM_OR_UNLABELED	26	source-defined	visible-or-localized-string-candidate	campaign-ordered	PASS	WSKAZÓWKA: najpierw log, potem trzy zegary. Rekonstrukcja jest osobnym działaniem.
TXT-00983	scripts\levels\station_26.gd:96	und	SYSTEM_OR_UNLABELED	26	source-defined	visible-or-localized-string-candidate	campaign-ordered	PASS	HINT: inspect the log, then align all three clocks. Reconstruction is a separate action.
TXT-00984	scripts\levels\station_27.gd:80	pl	SYSTEM_OR_UNLABELED	27	source-defined	visible-or-localized-string-candidate	campaign-ordered	PASS	Pulpit przyjmuje dwa identyczne impulsy i jeden kontrolowany błąd.
TXT-00985	scripts\levels\station_27.gd:80	und	SYSTEM_OR_UNLABELED	27	source-defined	visible-or-localized-string-candidate	campaign-ordered	PASS	The console accepts two identical pulses and one controlled error.
TXT-00986	scripts\levels\station_27.gd:81	pl	SYSTEM_OR_UNLABELED	27	source-defined	visible-or-localized-string-candidate	campaign-ordered	PASS	Echo powtórzy błąd. Żywa odpowiedź może skorygować tylko jego pozycję.
TXT-00987	scripts\levels\station_27.gd:81	und	SYSTEM_OR_UNLABELED	27	source-defined	visible-or-localized-string-candidate	campaign-ordered	PASS	An echo will repeat the error. A living response may correct only its position.
TXT-00988	scripts\levels\station_27.gd:82	pl	SYSTEM_OR_UNLABELED	27	source-defined	visible-or-localized-string-candidate	campaign-ordered	PASS	Skalibruj odniesienie, wyślij dwa identyczne impulsy, trzeci z błędem i porównaj korektę.
TXT-00989	scripts\levels\station_27.gd:82	und	SYSTEM_OR_UNLABELED	27	source-defined	visible-or-localized-string-candidate	campaign-ordered	PASS	Calibrate the reference, send two identical pulses, a third with an error, then compare the correction.
TXT-00990	scripts\levels\station_27.gd:83	pl	SYSTEM_OR_UNLABELED	27	source-defined	visible-or-localized-string-candidate	campaign-ordered	PASS	WSKAZÓWKA: porównanie odpowiedzi jest osobnym działaniem po trzecim impulsie.
TXT-00991	scripts\levels\station_27.gd:83	und	SYSTEM_OR_UNLABELED	27	source-defined	visible-or-localized-string-candidate	campaign-ordered	PASS	HINT: comparing the response is a separate action after the third pulse.
TXT-00992	scripts\levels\station_28.gd:100	pl	SYSTEM_OR_UNLABELED	28	source-defined	visible-or-localized-string-candidate	campaign-ordered	PASS	Transfer utrzyma jeden ślad; drugi zapłaci małym, nazwanym kosztem.
TXT-00993	scripts\levels\station_28.gd:100	und	SYSTEM_OR_UNLABELED	28	source-defined	visible-or-localized-string-candidate	campaign-ordered	PASS	The transfer will retain one trace; the other pays a small, named cost.
TXT-00994	scripts\levels\station_28.gd:101	pl	SYSTEM_OR_UNLABELED	28	source-defined	visible-or-localized-string-candidate	campaign-ordered	PASS	Być może wspólny dryf zachowa relację lepiej niż dokładną sekundę próbki.
TXT-00995	scripts\levels\station_28.gd:101	und	SYSTEM_OR_UNLABELED	28	source-defined	visible-or-localized-string-candidate	campaign-ordered	PASS	Shared drift may preserve the relation better than the sample's exact second.
TXT-00996	scripts\levels\station_28.gd:102	pl	SYSTEM_OR_UNLABELED	28	source-defined	visible-or-localized-string-candidate	campaign-ordered	PASS	Odczytaj oba ślady, ujawnij cenę, potem wybierz Anchor śladu domu albo Yield wspólnego dryfu.
TXT-00997	scripts\levels\station_28.gd:102	und	SYSTEM_OR_UNLABELED	28	source-defined	visible-or-localized-string-candidate	campaign-ordered	PASS	Read both traces, disclose the price, then choose Anchor for the home trace or Yield for shared drift.
TXT-00998	scripts\levels\station_28.gd:103	pl	SYSTEM_OR_UNLABELED	28	source-defined	visible-or-localized-string-candidate	campaign-ordered	PASS	WSKAZÓWKA: cena musi być widoczna przed Anchor/Yield. Pomoc nie wybiera zobowiązania.
TXT-00999	scripts\levels\station_28.gd:103	und	SYSTEM_OR_UNLABELED	28	source-defined	visible-or-localized-string-candidate	campaign-ordered	PASS	HINT: the price must be visible before Anchor/Yield. Help does not choose the commitment.
TXT-01000	scripts\levels\station_29.gd:63	pl	JAKUB	29	source-defined	visible-or-localized-string-candidate	campaign-ordered	PASS	UCP proponuje jedną drogę. Zwykłe życie Jakuba wyznacza granicę.
TXT-01001	scripts\levels\station_29.gd:63	und	JAKUB	29	source-defined	visible-or-localized-string-candidate	campaign-ordered	PASS	UCP proposes one route. Jakub's ordinary life sets the boundary.
TXT-01002	scripts\levels\station_29.gd:64	pl	SYSTEM_OR_UNLABELED	29	source-defined	visible-or-localized-string-candidate	campaign-ordered	PASS	Nadajnik może wymuszać odpowiedź. Najpierw ujawnię ryzyko i go wyłączę.
TXT-01003	scripts\levels\station_29.gd:64	und	SYSTEM_OR_UNLABELED	29	source-defined	visible-or-localized-string-candidate	campaign-ordered	PASS	The transmitter may compel an answer. I will disclose the risk and disable it first.
TXT-01004	scripts\levels\station_29.gd:65	pl	JAKUB	29	source-defined	visible-or-localized-string-candidate	campaign-ordered	PASS	Porównam propozycję z jego zwykłym życiem, ujawnię ryzyko, wyłączę nadajnik i zapiszę odpowiedź bez poprawiania jej.
TXT-01005	scripts\levels\station_29.gd:65	und	JAKUB	29	source-defined	visible-or-localized-string-candidate	campaign-ordered	PASS	Compare the proposal with his ordinary life, disclose the risk, disable the transmitter, and record his answer without correcting it.
TXT-01006	scripts\levels\station_29.gd:66	pl	SYSTEM_OR_UNLABELED	29	source-defined	visible-or-localized-string-candidate	campaign-ordered	PASS	WSKAZÓWKA: Propozycja UCP, zakres zwykłego życia, ryzyko sygnału, nadajnik, potem jawna zgoda.
TXT-01007	scripts\levels\station_29.gd:66	und	SYSTEM_OR_UNLABELED	29	source-defined	visible-or-localized-string-candidate	campaign-ordered	PASS	HINT: UCP proposal, ordinary-life scope, signal risk, transmitter, then explicit consent.
TXT-01008	scripts\levels\station_30.gd:68	pl	JAKUB	30	source-defined	visible-or-localized-string-candidate	campaign-ordered	PASS	Trzy drogi. Każda ma inną zależność od zgody Jakuba i losu miejscowej Leny.
TXT-01009	scripts\levels\station_30.gd:68	und	JAKUB	30	source-defined	visible-or-localized-string-candidate	campaign-ordered	PASS	Three routes. Each depends differently on Jakub's consent and local Lena's fate.
TXT-01010	scripts\levels\station_30.gd:69	pl	SYSTEM_OR_UNLABELED	30	source-defined	visible-or-localized-string-candidate	campaign-ordered	PASS	Najkrótsza droga może nie być dostępna przy zapisanej odpowiedzi. Prognozy pokażą różnicę.
TXT-01011	scripts\levels\station_30.gd:69	und	SYSTEM_OR_UNLABELED	30	source-defined	visible-or-localized-string-candidate	campaign-ordered	PASS	The shortest route may not be available under the recorded answer. The forecasts will expose the difference.
TXT-01012	scripts\levels\station_30.gd:70	pl	SYSTEM_OR_UNLABELED	30	source-defined	visible-or-localized-string-candidate	campaign-ordered	PASS	Zbuduję trzy prognozy osobno, potem porównam ich zależności z zapisaną zgodą.
TXT-01013	scripts\levels\station_30.gd:70	und	SYSTEM_OR_UNLABELED	30	source-defined	visible-or-localized-string-candidate	campaign-ordered	PASS	Build all three forecasts separately, then compare their dependencies with the recorded consent.
TXT-01014	scripts\levels\station_30.gd:71	pl	SYSTEM_OR_UNLABELED	30	source-defined	visible-or-localized-string-candidate	campaign-ordered	PASS	WSKAZÓWKA: Tablica, transformatory i schemat budują prognozy. Bezpiecznik wykonuje porównanie.
TXT-01015	scripts\levels\station_30.gd:71	und	SYSTEM_OR_UNLABELED	30	source-defined	visible-or-localized-string-candidate	campaign-ordered	PASS	HINT: Board, transformers, and schematic build forecasts. The breaker performs the comparison.
TXT-01016	scripts\levels\station_31.gd:86	pl	SYSTEM_OR_UNLABELED	31	source-defined	visible-or-localized-string-candidate	campaign-ordered	PASS	Magazyn dowodów. Ewidencja pasażerów i depozyt Linii 4.
TXT-01017	scripts\levels\station_31.gd:86	und	SYSTEM_OR_UNLABELED	31	source-defined	visible-or-localized-string-candidate	campaign-ordered	PASS	Evidence archive. Passenger ledger and Line 4 depot.
TXT-01018	scripts\levels\station_31.gd:87	pl	JAKUB	31	source-defined	visible-or-localized-string-candidate	campaign-ordered	PASS	UCP oferuje wygodną adaptację. Jeżeli usunę obcy ślad, utracę legitymację Jakuba.
TXT-01019	scripts\levels\station_31.gd:87	und	JAKUB	31	source-defined	visible-or-localized-string-candidate	campaign-ordered	PASS	UCP offers comfortable adaptation. If I remove foreign trace, I lose Jakub's credential.
TXT-01020	scripts\levels\station_31.gd:88	pl	WIERZBICKA	31	source-defined	visible-or-localized-string-candidate	campaign-ordered	PASS	Zbadam krzesła, holoterminal Wierzbickiej, dwunaste krzesło, porównam rejestr i odrzucę ofertę adaptacji.
TXT-01021	scripts\levels\station_31.gd:88	und	WIERZBICKA	31	source-defined	visible-or-localized-string-candidate	campaign-ordered	PASS	Inspect chairs, Wierzbicka terminal, twelfth chair, compare ledger, and reject adaptation offer.
TXT-01022	scripts\levels\station_31.gd:89	pl	JAKUB	31	source-defined	visible-or-localized-string-candidate	campaign-ordered	PASS	WSKAZÓWKA: Krzesła pasażerów, holoterminal, dwunaste krzesło Jakuba, rejestr wariantu, odrzucenie adaptacji.
TXT-01023	scripts\levels\station_31.gd:89	und	JAKUB	31	source-defined	visible-or-localized-string-candidate	campaign-ordered	PASS	HINT: Passenger chairs, holoterminal, twelfth chair, variant ledger, reject adaptation.
TXT-01024	scripts\levels\station_32.gd:45	pl	SYSTEM_OR_UNLABELED	32	source-defined	visible-or-localized-string-candidate	campaign-ordered	PASS	Przestrzeń 32: Szkło laboratoryjne
TXT-01025	scripts\levels\station_32.gd:46	pl	SYSTEM_OR_UNLABELED	32	source-defined	visible-or-localized-string-candidate	campaign-ordered	PASS	Pamięć materiału / Ślad kondensacji i odpowiedź
TXT-01026	scripts\levels\station_32.gd:105	pl	SYSTEM_OR_UNLABELED	32	source-defined	visible-or-localized-string-candidate	campaign-ordered	PASS	Pamięć materiału. Szkło laboratoryjne reaguje na moje dłonie.
TXT-01027	scripts\levels\station_32.gd:105	und	SYSTEM_OR_UNLABELED	32	source-defined	visible-or-localized-string-candidate	campaign-ordered	PASS	Material memory. The lab glass responds to my hands.
TXT-01028	scripts\levels\station_32.gd:106	pl	SYSTEM_OR_UNLABELED	32	source-defined	visible-or-localized-string-candidate	campaign-ordered	PASS	Wygładzenie nie zniszczyło prawdy — tylko ją przykryło. Wytrawienie śladu ujawni rezonans.
TXT-01029	scripts\levels\station_32.gd:106	und	SYSTEM_OR_UNLABELED	32	source-defined	visible-or-localized-string-candidate	campaign-ordered	PASS	Polishing did not destroy the truth — it only covered it. Etching the trace reveals resonance.
TXT-01030	scripts\levels\station_32.gd:107	pl	SYSTEM_OR_UNLABELED	32	source-defined	visible-or-localized-string-candidate	campaign-ordered	PASS	Zbadam zaparowaną taflę, pękniętą taflę, wyryję ślad kondensacji, zbadam taflę wygładzoną i zakotwiczę pamięć materiału.
TXT-01031	scripts\levels\station_32.gd:107	und	SYSTEM_OR_UNLABELED	32	source-defined	visible-or-localized-string-candidate	campaign-ordered	PASS	Inspect steamed pane, cracked pane, etch trace, inspect polished pane, and anchor material memory.
TXT-01032	scripts\levels\station_32.gd:108	pl	SYSTEM_OR_UNLABELED	32	source-defined	visible-or-localized-string-candidate	campaign-ordered	PASS	WSKAZÓWKA: Zaparowane szkło, pęknięte szkło, wytrawiacz śladu, wygładzone szkło, zakotwiczenie pamięci.
TXT-01033	scripts\levels\station_32.gd:108	und	SYSTEM_OR_UNLABELED	32	source-defined	visible-or-localized-string-candidate	campaign-ordered	PASS	HINT: Steamed glass, cracked glass, trace etcher, polished glass, anchor material memory.
TXT-01034	scripts\levels\station_33.gd:47	pl	SYSTEM_OR_UNLABELED	33	source-defined	visible-or-localized-string-candidate	campaign-ordered	PASS	Przestrzeń 33: Szyb wentylacyjny
TXT-01035	scripts\levels\station_33.gd:48	pl	SYSTEM_OR_UNLABELED	33	source-defined	visible-or-localized-string-candidate	campaign-ordered	PASS	Ciśnienie powrotne / Notatka z warunkiem przerwania
TXT-01036	scripts\levels\station_33.gd:107	pl	SYSTEM_OR_UNLABELED	33	source-defined	visible-or-localized-string-candidate	campaign-ordered	PASS	Szyb wentylacyjny. Ciśnienie powrotne i skrzynka kablowa.
TXT-01037	scripts\levels\station_33.gd:107	und	SYSTEM_OR_UNLABELED	33	source-defined	visible-or-localized-string-candidate	campaign-ordered	PASS	Ventilation shaft. Backpressure and cable trunk.
TXT-01038	scripts\levels\station_33.gd:108	pl	LENA	33	source-defined	visible-or-localized-string-candidate	campaign-ordered	PASS	Jeżeli miejscowa Lena działała bez zgody obu stron, notatka w szybie potwierdzi warunek abortu po 3 s.
TXT-01039	scripts\levels\station_33.gd:108	und	LENA	33	source-defined	visible-or-localized-string-candidate	campaign-ordered	PASS	If local Lena acted unilaterally, her note will prove an abort-3s condition.
TXT-01040	scripts\levels\station_33.gd:109	pl	LENA	33	source-defined	visible-or-localized-string-candidate	campaign-ordered	PASS	Zbadam drabinę, manometr, notatkę w skrzynce, lampę i zrekonstruuję zamiar miejscowej Leny.
TXT-01041	scripts\levels\station_33.gd:109	und	LENA	33	source-defined	visible-or-localized-string-candidate	campaign-ordered	PASS	Inspect ladder, pressure gauge, trunk note, work light, and reconstruct local Lena's intent.
TXT-01042	scripts\levels\station_33.gd:110	pl	SYSTEM_OR_UNLABELED	33	source-defined	visible-or-localized-string-candidate	campaign-ordered	PASS	WSKAZÓWKA: Drabina, manometr, skrzynka kablowa z notatką abortu, lampa robocza, rekonstrukcja intencji.
TXT-01043	scripts\levels\station_33.gd:110	und	SYSTEM_OR_UNLABELED	33	source-defined	visible-or-localized-string-candidate	campaign-ordered	PASS	HINT: Ladder, gauge, cable trunk abort note, work light, reconstruct intent.
TXT-01044	scripts\levels\station_34.gd:45	pl	SYSTEM_OR_UNLABELED	34	source-defined	visible-or-localized-string-candidate	campaign-ordered	PASS	Przestrzeń 34: Maszynownia Główna
TXT-01045	scripts\levels\station_34.gd:46	pl	SYSTEM_OR_UNLABELED	34	source-defined	visible-or-localized-string-candidate	campaign-ordered	PASS	Alokacja mocy / Rejestr par pasażerskich
TXT-01046	scripts\levels\station_34.gd:119	pl	SYSTEM_OR_UNLABELED	34	source-defined	visible-or-localized-string-candidate	campaign-ordered	PASS	Maszynownia główna. Rdzeń korelacyjny i rejestr par.
TXT-01047	scripts\levels\station_34.gd:119	und	SYSTEM_OR_UNLABELED	34	source-defined	visible-or-localized-string-candidate	campaign-ordered	PASS	Main engine room. Correlation core and pair registry.
TXT-01048	scripts\levels\station_34.gd:120	pl	SYSTEM_OR_UNLABELED	34	source-defined	visible-or-localized-string-candidate	campaign-ordered	PASS	Pary nie były błędem aparatury — były z góry założoną architekturą UCP.
TXT-01049	scripts\levels\station_34.gd:120	und	SYSTEM_OR_UNLABELED	34	source-defined	visible-or-localized-string-candidate	campaign-ordered	PASS	Pairs were not an equipment glitch — they were UCP's deliberate architecture.
TXT-01050	scripts\levels\station_34.gd:121	pl	SYSTEM_OR_UNLABELED	34	source-defined	visible-or-localized-string-candidate	campaign-ordered	PASS	Zbadam rdzeń reaktora, pulpit alokacji, wskaźnik przeciążenia, sondę i odblokuję rejestr par.
TXT-01051	scripts\levels\station_34.gd:121	und	SYSTEM_OR_UNLABELED	34	source-defined	visible-or-localized-string-candidate	campaign-ordered	PASS	Inspect reactor core, allocation desk, overload gauge, probe, and unlock pair registry.
TXT-01052	scripts\levels\station_34.gd:122	pl	SYSTEM_OR_UNLABELED	34	source-defined	visible-or-localized-string-candidate	campaign-ordered	PASS	WSKAZÓWKA: Rdzeń reaktora, pulpit alokacji, przeciążenie termiczne, sonda diagnostyczna, rejestr par.
TXT-01053	scripts\levels\station_34.gd:122	und	SYSTEM_OR_UNLABELED	34	source-defined	visible-or-localized-string-candidate	campaign-ordered	PASS	HINT: Reactor core, allocation desk, thermal overload, diagnostic probe, pair registry.
TXT-01054	scripts\levels\station_35.gd:44	pl	SYSTEM_OR_UNLABELED	35	source-defined	visible-or-localized-string-candidate	campaign-ordered	PASS	Przestrzeń 35: Sektor Filtracji
TXT-01055	scripts\levels\station_35.gd:45	und	SYSTEM_OR_UNLABELED	35	source-defined	visible-or-localized-string-candidate	campaign-ordered	PASS	Baseny sedacyjne / Weryfikacja echa powrotnego
TXT-01056	scripts\levels\station_35.gd:109	und	SYSTEM_OR_UNLABELED	35	source-defined	visible-or-localized-string-candidate	campaign-ordered	PASS	Sektor filtracji. Baseny sedacyjne i echo powrotne.
TXT-01057	scripts\levels\station_35.gd:109	und	SYSTEM_OR_UNLABELED	35	source-defined	visible-or-localized-string-candidate	campaign-ordered	PASS	Filtration sector. Sedation pools and return echo.
TXT-01058	scripts\levels\station_35.gd:110	pl	JAKUB	35	source-defined	visible-or-localized-string-candidate	campaign-ordered	PASS	Echo powrotne Jakuba nie jest artefaktem aparatury — jest śladem rzeczywistej obecności w sieci.
TXT-01059	scripts\levels\station_35.gd:110	und	JAKUB	35	source-defined	visible-or-localized-string-candidate	campaign-ordered	PASS	Jakub's return echo is not equipment artifact — it proves actual presence in network.
TXT-01060	scripts\levels\station_35.gd:111	pl	SYSTEM_OR_UNLABELED	35	source-defined	visible-or-localized-string-candidate	campaign-ordered	PASS	Zbadam basen chłodzący, zawór spustowy, próbnik chemiczny i zweryfikuję echo powrotne.
TXT-01061	scripts\levels\station_35.gd:111	und	SYSTEM_OR_UNLABELED	35	source-defined	visible-or-localized-string-candidate	campaign-ordered	PASS	Inspect cooling pool, drain valve, chemical sampler, and verify return echo.
TXT-01062	scripts\levels\station_35.gd:112	pl	SYSTEM_OR_UNLABELED	35	source-defined	visible-or-localized-string-candidate	campaign-ordered	PASS	WSKAZÓWKA: Basen chłodzący, zawór spustowy, próbnik chemiczny, monitor sedacji, weryfikacja echa.
TXT-01063	scripts\levels\station_35.gd:112	und	SYSTEM_OR_UNLABELED	35	source-defined	visible-or-localized-string-candidate	campaign-ordered	PASS	HINT: Cooling pool, drain valve, chemical sampler, sedation monitor, verify echo.
TXT-01064	scripts\levels\station_36.gd:49	pl	SYSTEM_OR_UNLABELED	36	source-defined	visible-or-localized-string-candidate	campaign-ordered	PASS	Przestrzeń 36: Drenaż trakcyjny
TXT-01065	scripts\levels\station_36.gd:50	pl	SYSTEM_OR_UNLABELED	36	source-defined	visible-or-localized-string-candidate	campaign-ordered	PASS	Para katastrof / Rejestr kosztu i skażenia UCP
TXT-01066	scripts\levels\station_36.gd:120	pl	SYSTEM_OR_UNLABELED	36	source-defined	visible-or-localized-string-candidate	campaign-ordered	PASS	Drenaż trakcyjny. Para katastrof i rejestr kosztu.
TXT-01067	scripts\levels\station_36.gd:120	und	SYSTEM_OR_UNLABELED	36	source-defined	visible-or-localized-string-candidate	campaign-ordered	PASS	Traction drainage. Pair disaster and cost ledger.
TXT-01068	scripts\levels\station_36.gd:121	pl	SYSTEM_OR_UNLABELED	36	source-defined	visible-or-localized-string-candidate	campaign-ordered	PASS	Koszt przejścia nie rozkładał się symetrycznie — zawsze jedna strona ponosiła ubytek.
TXT-01069	scripts\levels\station_36.gd:121	und	SYSTEM_OR_UNLABELED	36	source-defined	visible-or-localized-string-candidate	campaign-ordered	PASS	Transfer cost was not symmetrical — one side always bore the deficit.
TXT-01070	scripts\levels\station_36.gd:122	pl	SYSTEM_OR_UNLABELED	36	source-defined	visible-or-localized-string-candidate	campaign-ordered	PASS	Zbadam przelew drenażowy, prąd błądzący, drabinę, kurek skażenia i ujawnię rejestr kosztu UCP.
TXT-01071	scripts\levels\station_36.gd:122	und	SYSTEM_OR_UNLABELED	36	source-defined	visible-or-localized-string-candidate	campaign-ordered	PASS	Inspect drain weir, leakage current, ladder, contamination tap, and reveal UCP cost ledger.
TXT-01072	scripts\levels\station_36.gd:123	pl	SYSTEM_OR_UNLABELED	36	source-defined	visible-or-localized-string-candidate	campaign-ordered	PASS	WSKAZÓWKA: Przelew drenażowy, prąd błądzący, drabina rewizyjna, kurek skażenia, rejestr kosztu.
TXT-01073	scripts\levels\station_36.gd:123	und	SYSTEM_OR_UNLABELED	36	source-defined	visible-or-localized-string-candidate	campaign-ordered	PASS	HINT: Drain weir, stray current, service ladder, contamination tap, cost ledger.
TXT-01074	scripts\levels\station_37.gd:45	pl	SYSTEM_OR_UNLABELED	37	source-defined	visible-or-localized-string-candidate	campaign-ordered	PASS	Przestrzeń 37: Komora Sygnałowa
TXT-01075	scripts\levels\station_37.gd:46	pl	SYSTEM_OR_UNLABELED	37	source-defined	visible-or-localized-string-candidate	campaign-ordered	PASS	Węzeł nadawczy / Zmostkowanie żywego sygnału
TXT-01076	scripts\levels\station_37.gd:101	pl	SYSTEM_OR_UNLABELED	37	source-defined	visible-or-localized-string-candidate	campaign-ordered	PASS	Komora sygnałowa. Żywy sygnał i pasmo nadawcze.
TXT-01077	scripts\levels\station_37.gd:101	und	SYSTEM_OR_UNLABELED	37	source-defined	visible-or-localized-string-candidate	campaign-ordered	PASS	Signal chamber. Living signal and transmission band.
TXT-01078	scripts\levels\station_37.gd:102	pl	MARTA	37	source-defined	visible-or-localized-string-candidate	campaign-ordered	PASS	Sygnał Marty i Jakuba nie może być przekazany jednostronnie — wymaga jawnego zmostkowania.
TXT-01079	scripts\levels\station_37.gd:102	und	MARTA	37	source-defined	visible-or-localized-string-candidate	campaign-ordered	PASS	Marta and Jakub's signal cannot be routed unilaterally — it requires explicit bridge.
TXT-01080	scripts\levels\station_37.gd:103	pl	SYSTEM_OR_UNLABELED	37	source-defined	visible-or-localized-string-candidate	campaign-ordered	PASS	Zbadam oscyloskop, krosownicę, antenę, pulpit i zmostkuję żywy sygnał.
TXT-01081	scripts\levels\station_37.gd:103	und	SYSTEM_OR_UNLABELED	37	source-defined	visible-or-localized-string-candidate	campaign-ordered	PASS	Inspect oscilloscope, patchbay, antenna, pulpit, and bridge living signal.
TXT-01082	scripts\levels\station_37.gd:104	pl	SYSTEM_OR_UNLABELED	37	source-defined	visible-or-localized-string-candidate	campaign-ordered	PASS	WSKAZÓWKA: Oscyloskop, krosownica sygnałowa, antena nadawcza, pulpit mikserski, mostek sygnału.
TXT-01083	scripts\levels\station_37.gd:104	und	SYSTEM_OR_UNLABELED	37	source-defined	visible-or-localized-string-candidate	campaign-ordered	PASS	HINT: Oscilloscope, signal patchbay, transmitting antenna, mixing pulpit, signal bridge.
TXT-01084	scripts\levels\station_38.gd:47	pl	SYSTEM_OR_UNLABELED	38	source-defined	visible-or-localized-string-candidate	campaign-ordered	PASS	Przestrzeń 38: Stanowisko Koordynacji
TXT-01085	scripts\levels\station_38.gd:48	und	SYSTEM_OR_UNLABELED	38	source-defined	visible-or-localized-string-candidate	campaign-ordered	PASS	Ujawnienie prawdy Marcie / Granica ratunku
TXT-01086	scripts\levels\station_38.gd:117	pl	MARTA	38	source-defined	visible-or-localized-string-candidate	campaign-ordered	PASS	Stanowisko koordynacji. Łącznica Jakuba i kanał Marty.
TXT-01087	scripts\levels\station_38.gd:117	und	MARTA	38	source-defined	visible-or-localized-string-candidate	campaign-ordered	PASS	Coordination post. Jakub's switchboard and Marta's channel.
TXT-01088	scripts\levels\station_38.gd:118	pl	MARTA	38	source-defined	visible-or-localized-string-candidate	campaign-ordered	PASS	Prawda wobec Marty nie zależy od kalkulacji sukcesu — to wybór szacunku i zgody.
TXT-01089	scripts\levels\station_38.gd:118	und	MARTA	38	source-defined	visible-or-localized-string-candidate	campaign-ordered	PASS	Truth to Marta does not depend on success calculation — it is a choice of respect and consent.
TXT-01090	scripts\levels\station_38.gd:119	pl	MARTA	38	source-defined	visible-or-localized-string-candidate	campaign-ordered	PASS	Zbadam odbiornik, procedurę, łącznicę, zakotwiczę linę ratunkową i ujawnię prawdę Marcie.
TXT-01091	scripts\levels\station_38.gd:119	und	MARTA	38	source-defined	visible-or-localized-string-candidate	campaign-ordered	PASS	Inspect receiver, procedure, switchboard, anchor rescue tether, and disclose truth to Marta.
TXT-01092	scripts\levels\station_38.gd:120	pl	JAKUB	38	source-defined	visible-or-localized-string-candidate	campaign-ordered	PASS	WSKAZÓWKA: Odbiornik radiowy, procedura miejscowa, łącznica Jakuba, lina ratunkowa, ujawnienie prawdy.
TXT-01093	scripts\levels\station_38.gd:120	und	JAKUB	38	source-defined	visible-or-localized-string-candidate	campaign-ordered	PASS	HINT: Radio receiver, local procedure, Jakub switchboard, rescue tether, disclose truth.
TXT-01094	scripts\levels\station_39.gd:53	pl	SYSTEM_OR_UNLABELED	39	source-defined	visible-or-localized-string-candidate	campaign-ordered	PASS	ŚWIADECTWO
TXT-01095	scripts\levels\station_39.gd:54	pl	SYSTEM_OR_UNLABELED	39	source-defined	visible-or-localized-string-candidate	campaign-ordered	PASS	Pulpit Wyboru Metody. Serce Podstruktury. Trzy obwody transmisyjne reprezentują trzy odmienne wartości i koszty.
TXT-01096	scripts\levels\station_39.gd:58	pl	SYSTEM_OR_UNLABELED	39	source-defined	visible-or-localized-string-candidate	campaign-ordered	PASS	Rozdzielnica trzyma most. Jeśli wybierzesz metodę, musisz zrobić to z pełną świadomością braków.
TXT-01097	scripts\levels\station_39.gd:62	pl	LENA	39	source-defined	visible-or-localized-string-candidate	campaign-ordered	PASS	Metoda A: Wymuszenie powrotu. Ustawiam domowy numer. Jeśli zamknie drugi sygnał, miejscowa Lena zostanie poza Równią.
TXT-01098	scripts\levels\station_39.gd:66	pl	SYSTEM_OR_UNLABELED	39	source-defined	visible-or-localized-string-candidate	campaign-ordered	PASS	METODA B: ZAMKNIĘCIE RÓWNI. NAJPIERW SPROWADZISZ MNIE DO MOJEGO ADRESU. DLA CIEBIE ZOSTANIE PRZEJŚCIE BEZ NUMERU.
TXT-01099	scripts\levels\station_39.gd:70	pl	SYSTEM_OR_UNLABELED	39	source-defined	visible-or-localized-string-candidate	campaign-ordered	PASS	A Metoda C... Świadectwo. Publiczna sieć sprzecznych świadków. Dwie prawdy istniejące obok siebie.
TXT-01100	scripts\levels\station_39.gd:74	pl	SYSTEM_OR_UNLABELED	39	source-defined	visible-or-localized-string-candidate	campaign-ordered	PASS	Która opcja jest twoja, Śladzie? Którą chciałaś wybrać?
TXT-01101	scripts\levels\station_39.gd:78	pl	SYSTEM_OR_UNLABELED	39	source-defined	visible-or-localized-string-candidate	campaign-ordered	PASS	JEŚLI WYBIERZĘ JA... ZNOWU ZROBIĘ Z CIEBIE KOSZT.
TXT-01102	scripts\levels\station_39.gd:81	pl	SYSTEM_OR_UNLABELED	39	source-defined	visible-or-localized-string-candidate	campaign-ordered	PASS	ŚWIADECTWO
TXT-01103	scripts\levels\station_39.gd:82	pl	SYSTEM_OR_UNLABELED	39	source-defined	visible-or-localized-string-candidate	campaign-ordered	PASS	Ślad cofa dłoń z konsoli i przekazuje panel operacyjny Lenie. Jej zarys zaczyna drżeć w świetle rdzenia.
TXT-01104	scripts\levels\station_39.gd:86	pl	SYSTEM_OR_UNLABELED	39	source-defined	visible-or-localized-string-candidate	campaign-ordered	PASS	Zostajesz ze mną do końca?
TXT-01105	scripts\levels\station_39.gd:90	pl	SYSTEM_OR_UNLABELED	39	source-defined	visible-or-localized-string-candidate	campaign-ordered	PASS	ODDAJĘ KONTROLĘ. WYBÓR NALEŻY DO CIEBIE.
TXT-01106	scripts\levels\station_39.gd:93	pl	SYSTEM_OR_UNLABELED	39	source-defined	visible-or-localized-string-candidate	campaign-ordered	PASS	ŚWIADECTWO
TXT-01107	scripts\levels\station_39.gd:94	pl	SYSTEM_OR_UNLABELED	39	source-defined	visible-or-localized-string-candidate	campaign-ordered	PASS	Pulpit wyboru zostaje uzbrojony. Wrota do Komory Ostatniego Impulsu (Station 40) stoją otworem.
TXT-01108	scripts\levels\station_39.gd:118	pl	SYSTEM_OR_UNLABELED	39	source-defined	visible-or-localized-string-candidate	campaign-ordered	PASS	Stół zgód i braków. Trzy metody bez moralizowania i bez łatwego wyjścia.
TXT-01109	scripts\levels\station_39.gd:118	und	SYSTEM_OR_UNLABELED	39	source-defined	visible-or-localized-string-candidate	campaign-ordered	PASS	Table of consents and gaps. Three methods without moralizing and without easy exits.
TXT-01110	scripts\levels\station_39.gd:119	pl	SYSTEM_OR_UNLABELED	39	source-defined	visible-or-localized-string-candidate	campaign-ordered	PASS	Pulpit nie ocenia intencji — każde z trzech ustawień ma ścisłą cenę ciągłości.
TXT-01111	scripts\levels\station_39.gd:119	und	SYSTEM_OR_UNLABELED	39	source-defined	visible-or-localized-string-candidate	campaign-ordered	PASS	The console does not judge intentions — each of the three configurations has a strict continuity cost.
TXT-01112	scripts\levels\station_39.gd:120	pl	SYSTEM_OR_UNLABELED	39	source-defined	visible-or-localized-string-candidate	campaign-ordered	PASS	Zbadam konfiguracje A, B i C, sprawdzę rdzeń referencyjny i zatwierdzę matrycę metod.
TXT-01113	scripts\levels\station_39.gd:120	und	SYSTEM_OR_UNLABELED	39	source-defined	visible-or-localized-string-candidate	campaign-ordered	PASS	Inspect configurations A, B and C, check reference core and confirm method matrix.
TXT-01114	scripts\levels\station_39.gd:121	pl	SYSTEM_OR_UNLABELED	39	source-defined	visible-or-localized-string-candidate	campaign-ordered	PASS	WSKAZÓWKA: Zbadaj trzy konfiguracje pulpitu i rdzeń, by odryglować przejście.
TXT-01115	scripts\levels\station_39.gd:121	und	SYSTEM_OR_UNLABELED	39	source-defined	visible-or-localized-string-candidate	campaign-ordered	PASS	HINT: Inspect three console configurations and the core to unlock passage.
TXT-01116	scripts\levels\station_39.gd:292	pl	SYSTEM_OR_UNLABELED	39	source-defined	visible-or-localized-string-candidate	campaign-ordered	PASS	ŚWIADECTWO
TXT-01117	scripts\levels\station_40.gd:53	pl	SYSTEM_OR_UNLABELED	40	source-defined	visible-or-localized-string-candidate	campaign-ordered	PASS	ŚWIADECTWO
TXT-01118	scripts\levels\station_40.gd:54	pl	SYSTEM_OR_UNLABELED	40	source-defined	visible-or-localized-string-candidate	campaign-ordered	PASS	Sala Negocjacyjna UCP. Poziom 0. Powrót na powierzchnię. Za pancernymi szybami majaczą zarysy porannej Równi.
TXT-01119	scripts\levels\station_40.gd:58	pl	SYSTEM_OR_UNLABELED	40	source-defined	visible-or-localized-string-candidate	campaign-ordered	PASS	Powrót ma jeden stabilny adres i nieznany skutek po tej stronie. Uzgodnienie ma znany koszt dla pani i najniższe ryzyko dla miasta.
TXT-01120	scripts\levels\station_40.gd:62	pl	SYSTEM_OR_UNLABELED	40	source-defined	visible-or-localized-string-candidate	campaign-ordered	PASS	Sieć świadków ma zbyt wiele zmiennych, by nazwać ją rozwiązaniem.
TXT-01121	scripts\levels\station_40.gd:66	pl	SYSTEM_OR_UNLABELED	40	source-defined	visible-or-localized-string-candidate	campaign-ordered	PASS	Ale działała.
TXT-01122	scripts\levels\station_40.gd:70	pl	SYSTEM_OR_UNLABELED	40	source-defined	visible-or-localized-string-candidate	campaign-ordered	PASS	W jednym pokoju przez czterdzieści trzy sekundy.
TXT-01123	scripts\levels\station_40.gd:74	pl	SYSTEM_OR_UNLABELED	40	source-defined	visible-or-localized-string-candidate	campaign-ordered	PASS	Wystarczyło, żebyśmy wyszli.
TXT-01124	scripts\levels\station_40.gd:78	pl	SYSTEM_OR_UNLABELED	40	source-defined	visible-or-localized-string-candidate	campaign-ordered	PASS	Nie wystarczy, żeby przejechał poranny tramwaj.
TXT-01125	scripts\levels\station_40.gd:82	pl	SYSTEM_OR_UNLABELED	40	source-defined	visible-or-localized-string-candidate	campaign-ordered	PASS	Więc nauczymy motorniczą patrzeć.
TXT-01126	scripts\levels\station_40.gd:86	pl	SYSTEM_OR_UNLABELED	40	source-defined	visible-or-localized-string-candidate	campaign-ordered	PASS	A jeśli odwróci głowę?
TXT-01127	scripts\levels\station_40.gd:89	pl	SYSTEM_OR_UNLABELED	40	source-defined	visible-or-localized-string-candidate	campaign-ordered	PASS	ŚWIADECTWO
TXT-01128	scripts\levels\station_40.gd:90	pl	MARTA	40	source-defined	visible-or-localized-string-candidate	campaign-ordered	PASS	Cisza. Marta nie odsuwa wzroku. Wierzbicka zapisuje brak odpowiedzi, ale nie dopowiada go za nią.
TXT-01129	scripts\levels\station_40.gd:94	pl	SYSTEM_OR_UNLABELED	40	source-defined	visible-or-localized-string-candidate	campaign-ordered	PASS	Była ktoś. Nie trzymam imienia, ale trzymam dowód. Jeśli miasto nie chce pamiętać, będziemy pamiętać my.
TXT-01130	scripts\levels\station_40.gd:98	pl	WIERZBICKA	40	source-defined	visible-or-localized-string-candidate	campaign-ordered	PASS	Nie szukamy już oryginału, doktor Wierzbicka. Szukamy odpowiedzialności.
TXT-01131	scripts\levels\station_40.gd:101	pl	SYSTEM_OR_UNLABELED	40	source-defined	visible-or-localized-string-candidate	campaign-ordered	PASS	ŚWIADECTWO
TXT-01132	scripts\levels\station_40.gd:102	pl	SYSTEM_OR_UNLABELED	40	source-defined	visible-or-localized-string-candidate	campaign-ordered	PASS	Wrota do Komory Wyboru Operacyjnego (Przestrzeń 41) zostają odryglowane. Wszystkie trzy operacje są gotowe do egzekucji.
TXT-01133	scripts\levels\station_40.gd:126	pl	MARTA	40	source-defined	visible-or-localized-string-candidate	campaign-ordered	PASS	Sala negocjacyjna. Wierzbicka broni stabilności, Marta patrzy bez uniku.
TXT-01134	scripts\levels\station_40.gd:126	und	MARTA	40	source-defined	visible-or-localized-string-candidate	campaign-ordered	PASS	Negotiation chamber. Wierzbicka defends stability, Marta looks without evasion.
TXT-01135	scripts\levels\station_40.gd:127	pl	MARTA	40	source-defined	visible-or-localized-string-candidate	campaign-ordered	PASS	Wierzbicka proponuje procedurę, Marta obecność, Szymon pamięć. Każda z opcji ma realny koszt.
TXT-01136	scripts\levels\station_40.gd:127	und	MARTA	40	source-defined	visible-or-localized-string-candidate	campaign-ordered	PASS	Wierzbicka proposes procedure, Marta presence, Szymon memory. Each option carries real costs.
TXT-01137	scripts\levels\station_40.gd:128	pl	MARTA	40	source-defined	visible-or-localized-string-candidate	campaign-ordered	PASS	Wysłucham terminalu Wierzbickiej, matrycy kosztów, Marty i Szymona, by otworzyć przejście.
TXT-01138	scripts\levels\station_40.gd:128	und	MARTA	40	source-defined	visible-or-localized-string-candidate	campaign-ordered	PASS	Listen to Wierzbicka terminal, cost matrix, Marta and Szymon to unlock passage.
TXT-01139	scripts\levels\station_40.gd:129	pl	SYSTEM_OR_UNLABELED	40	source-defined	visible-or-localized-string-candidate	campaign-ordered	PASS	WSKAZÓWKA: Wysłuchaj wszystkich świadków i zbadaj matrycę kosztów.
TXT-01140	scripts\levels\station_40.gd:129	und	SYSTEM_OR_UNLABELED	40	source-defined	visible-or-localized-string-candidate	campaign-ordered	PASS	HINT: Listen to all witnesses and inspect the cost matrix.
TXT-01141	scripts\levels\station_40.gd:300	pl	SYSTEM_OR_UNLABELED	40	source-defined	visible-or-localized-string-candidate	campaign-ordered	PASS	ŚWIADECTWO
TXT-01142	scripts\levels\station_41.gd:55	pl	SYSTEM_OR_UNLABELED	41	source-defined	visible-or-localized-string-candidate	campaign-ordered	PASS	ŚWIADECTWO
TXT-01143	scripts\levels\station_41.gd:56	pl	SYSTEM_OR_UNLABELED	41	source-defined	visible-or-localized-string-candidate	campaign-ordered	PASS	Komora Wyboru Operacyjnego. Poziom 0. Trzy niezależne stanowiska egzekucyjne: Powrót (A), Zamknięcie Równi (B), Przejście Wzajemne (C).
TXT-01144	scripts\levels\station_41.gd:59	pl	SYSTEM_OR_UNLABELED	41	source-defined	visible-or-localized-string-candidate	campaign-ordered	PASS	ŚWIADECTWO
TXT-01145	scripts\levels\station_41.gd:60	pl	SYSTEM_OR_UNLABELED	41	source-defined	visible-or-localized-string-candidate	campaign-ordered	PASS	To nie jest menu dialogowe. Decyzja nie polega na odkryciu jednej prawdy — polega na fizycznym załączeniu odpowiedzialności.
TXT-01146	scripts\levels\station_41.gd:63	pl	SYSTEM_OR_UNLABELED	41	source-defined	visible-or-localized-string-candidate	campaign-ordered	PASS	ŚWIADECTWO
TXT-01147	scripts\levels\station_41.gd:64	pl	SYSTEM_OR_UNLABELED	41	source-defined	visible-or-localized-string-candidate	campaign-ordered	PASS	Operacja A (Powrót): Zakotwiczenie własnego gestu i sygnału pierwszej komory z 21:45. Odcięcie lokalnych świadectw. Wyjście do Przestrzeni 42A.
TXT-01148	scripts\levels\station_41.gd:67	pl	SYSTEM_OR_UNLABELED	41	source-defined	visible-or-localized-string-candidate	campaign-ordered	PASS	ŚWIADECTWO
TXT-01149	scripts\levels\station_41.gd:68	pl	SYSTEM_OR_UNLABELED	41	source-defined	visible-or-localized-string-candidate	campaign-ordered	PASS	Operacja B (Zamknięcie Równi): Przyjęcie adresu mieszkania 14 i powrót miejscowej Leny. Most zostaje zamknięty. Wyjście do Przestrzeni 42B.
TXT-01150	scripts\levels\station_41.gd:71	pl	SYSTEM_OR_UNLABELED	41	source-defined	visible-or-localized-string-candidate	campaign-ordered	PASS	ŚWIADECTWO
TXT-01151	scripts\levels\station_41.gd:72	pl	SYSTEM_OR_UNLABELED	41	source-defined	visible-or-localized-string-candidate	campaign-ordered	PASS	Operacja C (Przejście Wzajemne): Zsynchronizowany powrót obu Len. Most częściowo otwarty, przeciek pamięci. Wyjście do Przestrzeni 42C.
TXT-01152	scripts\levels\station_41.gd:75	pl	SYSTEM_OR_UNLABELED	41	source-defined	visible-or-localized-string-candidate	campaign-ordered	PASS	ŚWIADECTWO
TXT-01153	scripts\levels\station_41.gd:76	pl	SYSTEM_OR_UNLABELED	41	source-defined	visible-or-localized-string-candidate	campaign-ordered	PASS	Załącz wybraną konsolę operacyjną (A, B lub C), aby odryglować wrota rozstrzygnięcia.
TXT-01154	scripts\levels\station_41.gd:100	pl	SYSTEM_OR_UNLABELED	41	source-defined	visible-or-localized-string-candidate	campaign-ordered	PASS	Komora wyboru. Trzy konsole i fizyczne załączenie odpowiedzialności.
TXT-01155	scripts\levels\station_41.gd:100	und	SYSTEM_OR_UNLABELED	41	source-defined	visible-or-localized-string-candidate	campaign-ordered	PASS	Choice chamber. Three consoles and physical commitment of responsibility.
TXT-01156	scripts\levels\station_41.gd:101	pl	SYSTEM_OR_UNLABELED	41	source-defined	visible-or-localized-string-candidate	campaign-ordered	PASS	Wybór metody A, B lub C zdeterminuje ciągłość bez powrotu do stanu neutralnego.
TXT-01157	scripts\levels\station_41.gd:101	und	SYSTEM_OR_UNLABELED	41	source-defined	visible-or-localized-string-candidate	campaign-ordered	PASS	Choosing method A, B or C determines continuity with no return to neutral state.
TXT-01158	scripts\levels\station_41.gd:102	pl	SYSTEM_OR_UNLABELED	41	source-defined	visible-or-localized-string-candidate	campaign-ordered	PASS	Zbadam mapę topografii, wybiorę konsolę (A, B lub C) i załączę operację.
TXT-01159	scripts\levels\station_41.gd:102	und	SYSTEM_OR_UNLABELED	41	source-defined	visible-or-localized-string-candidate	campaign-ordered	PASS	Inspect topography map, select console (A, B or C) and commit operation.
TXT-01160	scripts\levels\station_41.gd:103	pl	SYSTEM_OR_UNLABELED	41	source-defined	visible-or-localized-string-candidate	campaign-ordered	PASS	WSKAZÓWKA: Podejdź do wybranej konsoli A, B lub C i załącz ją, aby otworzyć bramę.
TXT-01161	scripts\levels\station_41.gd:103	und	SYSTEM_OR_UNLABELED	41	source-defined	visible-or-localized-string-candidate	campaign-ordered	PASS	HINT: Approach console A, B or C and activate it to open the gateway.
TXT-01162	scripts\levels\station_41.gd:207	pl	SYSTEM_OR_UNLABELED	41	source-defined	visible-or-localized-string-candidate	campaign-ordered	PASS	Wybrano Operację A: Powrót (Własny pokój). Sygnał korelacji 21:45 zakotwiczony. Wrota do Przestrzeni 42A odryglowane.
TXT-01163	scripts\levels\station_41.gd:209	pl	SYSTEM_OR_UNLABELED	41	source-defined	visible-or-localized-string-candidate	campaign-ordered	PASS	Wybrano Operację B: Zamknięcie Równi (Miejsce po niej). Wzorzec tożsamości z Martą przyjęty. Wrota do Przestrzeni 42B odryglowane.
TXT-01164	scripts\levels\station_41.gd:211	pl	SYSTEM_OR_UNLABELED	41	source-defined	visible-or-localized-string-candidate	campaign-ordered	PASS	Wybrano Operację C: Przejście Wzajemne (Świadectwo). Synchronizacja obu Len. Wrota do Przestrzeni 42C odryglowane.
TXT-01165	scripts\levels\station_41.gd:215	pl	SYSTEM_OR_UNLABELED	41	source-defined	visible-or-localized-string-candidate	campaign-ordered	PASS	ROZSTRZYGNIĘCIE
TXT-01166	scripts\levels\station_41.gd:281	pl	SYSTEM_OR_UNLABELED	41	source-defined	visible-or-localized-string-candidate	campaign-ordered	PASS	ŚWIADECTWO
TXT-01167	scripts\levels\station_42a.gd:70	pl	LENA	42	source-defined	visible-or-localized-string-candidate	campaign-ordered	PASS	Ten sam stół. Świt. Jedno miejsce puste.
TXT-01168	scripts\levels\station_42a.gd:71	pl	MARTA	42	source-defined	visible-or-localized-string-candidate	campaign-ordered	PASS	Wróciłaś. Kogo zostawiłaś po drugiej stronie?
TXT-01169	scripts\levels\station_42a.gd:72	pl	LENA	42	source-defined	visible-or-localized-string-candidate	campaign-ordered	PASS	Ją. Między adresami.
TXT-01170	scripts\levels\station_42a.gd:73	pl	JAKUB	42	source-defined	visible-or-localized-string-candidate	campaign-ordered	PASS	Pamiętaj osobno. Obie.
TXT-01171	scripts\levels\station_42a.gd:118	pl	SYSTEM_OR_UNLABELED	42	source-defined	visible-or-localized-string-candidate	campaign-ordered	PASS	Ten sam stół o świcie. Jedno krzesło puste, próg między adresami zaciśnięty.
TXT-01172	scripts\levels\station_42a.gd:118	und	SYSTEM_OR_UNLABELED	42	source-defined	visible-or-localized-string-candidate	campaign-ordered	PASS	The same table at dawn. One chair empty, the threshold between addresses sealed.
TXT-01173	scripts\levels\station_42a.gd:119	pl	LENA	42	source-defined	visible-or-localized-string-candidate	campaign-ordered	PASS	Może powrót ściągnął nas obie. Próg pokaże, czy to prawda.
TXT-01174	scripts\levels\station_42a.gd:119	und	LENA	42	source-defined	visible-or-localized-string-candidate	campaign-ordered	PASS	Maybe the return pulled us both. The threshold will show if that is true.
TXT-01175	scripts\levels\station_42a.gd:120	pl	SYSTEM_OR_UNLABELED	42	source-defined	visible-or-localized-string-candidate	campaign-ordered	PASS	Zamknę rygiel powrotu, odczytam zapieczętowany próg i stół.
TXT-01176	scripts\levels\station_42a.gd:120	und	SYSTEM_OR_UNLABELED	42	source-defined	visible-or-localized-string-candidate	campaign-ordered	PASS	Close the return latch, read the sealed threshold and the table.
TXT-01177	scripts\levels\station_42a.gd:121	pl	SYSTEM_OR_UNLABELED	42	source-defined	visible-or-localized-string-candidate	campaign-ordered	PASS	Ona zostaje między adresami. To skutek, nie ocena.
TXT-01178	scripts\levels\station_42a.gd:121	und	SYSTEM_OR_UNLABELED	42	source-defined	visible-or-localized-string-candidate	campaign-ordered	PASS	She stays between addresses. That is a consequence, not a verdict.
TXT-01179	scripts\levels\station_42a.gd:122	pl	SYSTEM_OR_UNLABELED	42	source-defined	visible-or-localized-string-candidate	campaign-ordered	PASS	WSKAZÓWKA: Rygiel powrotu, zapieczętowany próg, stół z pustym krzesłem.
TXT-01180	scripts\levels\station_42a.gd:122	und	SYSTEM_OR_UNLABELED	42	source-defined	visible-or-localized-string-candidate	campaign-ordered	PASS	HINT: Return latch, sealed threshold, table with the empty chair.
TXT-01181	scripts\levels\station_42b.gd:71	pl	LENA	42	source-defined	visible-or-localized-string-candidate	campaign-ordered	PASS	Przepływ zamknięty. Próg cichy. Ona jest w środku.
TXT-01182	scripts\levels\station_42b.gd:72	pl	MARTA	42	source-defined	visible-or-localized-string-candidate	campaign-ordered	PASS	Odzyskała swój dzień. Gdzie pójdziesz ty?
TXT-01183	scripts\levels\station_42b.gd:73	und	LENA	42	source-defined	visible-or-localized-string-candidate	campaign-ordered	PASS	Przed siebie. Bez numeru w rejestrze.
TXT-01184	scripts\levels\station_42b.gd:74	pl	JAKUB	42	source-defined	visible-or-localized-string-candidate	campaign-ordered	PASS	Obie jesteście prawdziwe. Każda w swoim miejscu.
TXT-01185	scripts\levels\station_42b.gd:119	pl	LENA	42	source-defined	visible-or-localized-string-candidate	campaign-ordered	PASS	Miejscowa Lena wraca do swojego życia. Przepływ Równi jest zamknięty.
TXT-01186	scripts\levels\station_42b.gd:119	und	LENA	42	source-defined	visible-or-localized-string-candidate	campaign-ordered	PASS	Local Lena returns to her life. The flow of the Plane is closed.
TXT-01187	scripts\levels\station_42b.gd:120	pl	LENA	42	source-defined	visible-or-localized-string-candidate	campaign-ordered	PASS	Gdzie jestem teraz ja? Zostałam poza rejestrem instytucji, ale stoję tu naprawdę.
TXT-01188	scripts\levels\station_42b.gd:120	und	LENA	42	source-defined	visible-or-localized-string-candidate	campaign-ordered	PASS	Where am I now? I remained outside the institution index, but I am standing here.
TXT-01189	scripts\levels\station_42b.gd:121	pl	LENA	42	source-defined	visible-or-localized-string-candidate	campaign-ordered	PASS	Zamknąć przepływ, sprawdzić stan miejscowej Leny i przyjąć nieindeksowaną obecność.
TXT-01190	scripts\levels\station_42b.gd:121	und	LENA	42	source-defined	visible-or-localized-string-candidate	campaign-ordered	PASS	Close the flow, check local Lena's state, and accept unindexed presence.
TXT-01191	scripts\levels\station_42b.gd:122	und	SYSTEM_OR_UNLABELED	42	source-defined	visible-or-localized-string-candidate	campaign-ordered	PASS	Ona jest u siebie. To jest skutek wyboru, nie nagroda.
TXT-01192	scripts\levels\station_42b.gd:122	und	SYSTEM_OR_UNLABELED	42	source-defined	visible-or-localized-string-candidate	campaign-ordered	PASS	She is home. That is the consequence of choice, not a reward.
TXT-01193	scripts\levels\station_42b.gd:123	pl	LENA	42	source-defined	visible-or-localized-string-candidate	campaign-ordered	PASS	WSKAZÓWKA: Zamknięcie przepływu, próg miejscowej Leny, stół nieindeksowanej obecności.
TXT-01194	scripts\levels\station_42b.gd:123	und	LENA	42	source-defined	visible-or-localized-string-candidate	campaign-ordered	PASS	HINT: Flow closure, local Lena threshold, unindexed presence table.
TXT-01195	scripts\levels\station_42c.gd:73	pl	LENA	42	source-defined	visible-or-localized-string-candidate	campaign-ordered	PASS	Dwa czytniki. Świt. Ta sama sekunda po obu stronach.
TXT-01196	scripts\levels\station_42c.gd:74	pl	MARTA	42	source-defined	visible-or-localized-string-candidate	campaign-ordered	PASS	Znam ten kubek na twoim zdjęciu.
TXT-01197	scripts\levels\station_42c.gd:75	pl	LENA	42	source-defined	visible-or-localized-string-candidate	campaign-ordered	PASS	Nie masz go na półce. Obie to wiemy.
TXT-01198	scripts\levels\station_42c.gd:76	pl	JAKUB	42	source-defined	visible-or-localized-string-candidate	campaign-ordered	PASS	Most nie zgasł. Odpowiadacie obie przed swoim domem.
TXT-01199	scripts\levels\station_42c.gd:121	pl	SYSTEM_OR_UNLABELED	42	source-defined	visible-or-localized-string-candidate	campaign-ordered	PASS	Dwa czytniki. Świt. Most pozostaje częściowo otwarty po obu stronach.
TXT-01200	scripts\levels\station_42c.gd:121	und	SYSTEM_OR_UNLABELED	42	source-defined	visible-or-localized-string-candidate	campaign-ordered	PASS	Two readers. Dawn. The bridge remains partially open on both sides.
TXT-01201	scripts\levels\station_42c.gd:122	pl	SYSTEM_OR_UNLABELED	42	source-defined	visible-or-localized-string-candidate	campaign-ordered	PASS	Co zostanie połączone na stałe? Pamięć przecieka między światami, ale obie mamy prawo do odpowiedzi.
TXT-01202	scripts\levels\station_42c.gd:122	und	SYSTEM_OR_UNLABELED	42	source-defined	visible-or-localized-string-candidate	campaign-ordered	PASS	What will be permanently connected? Memory leaks between worlds, but both of us have the right to answer.
TXT-01203	scripts\levels\station_42c.gd:123	pl	SYSTEM_OR_UNLABELED	42	source-defined	visible-or-localized-string-candidate	campaign-ordered	PASS	Otworzyć wzajemne przejście, przyjąć przeciek pamięci i sprawdzić skutek dla obu domów.
TXT-01204	scripts\levels\station_42c.gd:123	und	SYSTEM_OR_UNLABELED	42	source-defined	visible-or-localized-string-candidate	campaign-ordered	PASS	Open the mutual passage, accept the memory leak, and check the consequence for both homes.
TXT-01205	scripts\levels\station_42c.gd:124	pl	SYSTEM_OR_UNLABELED	42	source-defined	visible-or-localized-string-candidate	campaign-ordered	PASS	Obie odpowiadamy przed własnym życiem. To jest skutek wyboru, nie nagroda.
TXT-01206	scripts\levels\station_42c.gd:124	und	SYSTEM_OR_UNLABELED	42	source-defined	visible-or-localized-string-candidate	campaign-ordered	PASS	Both of us answer to our own lives. That is the consequence of choice, not a reward.
TXT-01207	scripts\levels\station_42c.gd:125	pl	SYSTEM_OR_UNLABELED	42	source-defined	visible-or-localized-string-candidate	campaign-ordered	PASS	WSKAZÓWKA: Zwolnienie wzajemnego przejścia, próg przecieku pamięci, stół dwóch domów.
TXT-01208	scripts\levels\station_42c.gd:125	und	SYSTEM_OR_UNLABELED	42	source-defined	visible-or-localized-string-candidate	campaign-ordered	PASS	HINT: Mutual passage release, memory leak threshold, table of two homes.
TXT-01209	scripts\levels\station_43.gd:70	pl	SYSTEM_OR_UNLABELED	43	source-defined	visible-or-localized-string-candidate	campaign-ordered	PASS	ŚWIADECTWO
TXT-01210	scripts\levels\station_43.gd:71	pl	SYSTEM_OR_UNLABELED	43	source-defined	visible-or-localized-string-candidate	campaign-ordered	PASS	Napisy pojawiają się na zwyczajnych elementach miasta: rozkładach jazdy, kartach spraw, tablicach pracowni.
TXT-01211	scripts\levels\station_43.gd:74	pl	SYSTEM_OR_UNLABELED	43	source-defined	visible-or-localized-string-candidate	campaign-ordered	PASS	POWRÓT
TXT-01212	scripts\levels\station_43.gd:75	pl	SYSTEM_OR_UNLABELED	43	source-defined	visible-or-localized-string-candidate	campaign-ordered	PASS	Radio podaje: »Linia 4 zamknięta do odwołania. Prosimy korzystać z wyznaczonego obejścia.« W mieście Leny ta linia według niej nigdy nie istniała.
TXT-01213	scripts\levels\station_43.gd:79	pl	MARTA	43	source-defined	visible-or-localized-string-candidate	campaign-ordered	PASS	Karta zgłoszenia podaje: »Pęknięcie oznaczone. Data kontroli: po przybyciu osoby zgłaszającej.« Marta dopisuje datę ręcznie, bez komentarza.
TXT-01214	scripts\levels\station_43.gd:82	pl	SYSTEM_OR_UNLABELED	43	source-defined	visible-or-localized-string-candidate	campaign-ordered	PASS	ŚWIADECTWO
TXT-01215	scripts\levels\station_43.gd:83	pl	SYSTEM_OR_UNLABELED	43	source-defined	visible-or-localized-string-candidate	campaign-ordered	PASS	Tablica UCP podaje: »W tej części budynku utrzymują się dwie kolejności. Przed przejściem ustal kierunek z drugą osobą.« Nikt nie usuwa żadnej z nich.
TXT-01216	scripts\levels\station_43.gd:86	und	SYSTEM_OR_UNLABELED	43	source-defined	visible-or-localized-string-candidate	campaign-ordered	PASS	GETTING STRANGE
TXT-01217	scripts\levels\station_43.gd:87	pl	SYSTEM_OR_UNLABELED	43	source-defined	visible-or-localized-string-candidate	campaign-ordered	PASS	Prawda nie wybiera za człowieka. Wybór należy do odpowiedzialności. Koniec wycinka fabularnego.
TXT-01218	scripts\levels\station_43.gd:171	und	SYSTEM_OR_UNLABELED	43	source-defined	visible-or-localized-string-candidate	campaign-ordered	PASS	TABLICA MIEJSKA
TXT-01219	scripts\levels\station_43.gd:172	pl	SYSTEM_OR_UNLABELED	43	source-defined	visible-or-localized-string-candidate	campaign-ordered	PASS	Linia 4 zamknięta do odwołania. W rozkładzie na wiacie brakuje jednego nocnego kursu.
TXT-01220	scripts\levels\station_43.gd:175	und	SYSTEM_OR_UNLABELED	43	source-defined	visible-or-localized-string-candidate	campaign-ordered	PASS	MIESZKANIE 14
TXT-01221	scripts\levels\station_43.gd:176	pl	MARTA	43	source-defined	visible-or-localized-string-candidate	campaign-ordered	PASS	Marta odłożyła klucze na blat. W przedpokoju słychać zegar; nikt nie pyta o to, co wydarzyło się za progiem.
TXT-01222	scripts\levels\station_43.gd:179	und	SYSTEM_OR_UNLABELED	43	source-defined	visible-or-localized-string-candidate	campaign-ordered	PASS	EWIDENCJA UCP
TXT-01223	scripts\levels\station_43.gd:180	pl	SYSTEM_OR_UNLABELED	43	source-defined	visible-or-localized-string-candidate	campaign-ordered	PASS	Teczka sprawy Leny otrzymała adnotację: »sprawa zamknięta bez dalszych roszczeń«. Miasto żyje dawnym rytmem.
TXT-01224	scripts\levels\station_43.gd:183	pl	SYSTEM_OR_UNLABELED	43	source-defined	visible-or-localized-string-candidate	campaign-ordered	PASS	ŚWIADECTWO
TXT-01225	scripts\levels\station_43.gd:184	pl	LENA	43	source-defined	visible-or-localized-string-candidate	campaign-ordered	PASS	Przybyła Lena zniknęła z rejestrów. W mieście pozostała luka, której nikt urzędowo nie nazwie.
TXT-01226	scripts\levels\station_43.gd:187	und	SYSTEM_OR_UNLABELED	43	source-defined	visible-or-localized-string-candidate	campaign-ordered	PASS	GETTING STRANGE
TXT-01227	scripts\levels\station_43.gd:188	pl	SYSTEM_OR_UNLABELED	43	source-defined	visible-or-localized-string-candidate	campaign-ordered	PASS	Prawda nie wybiera za człowieka. Wybór należy do odpowiedzialności. Koniec wycinka fabularnego.
TXT-01228	scripts\levels\station_43.gd:194	und	SYSTEM_OR_UNLABELED	43	source-defined	visible-or-localized-string-candidate	campaign-ordered	PASS	TABLICA MIEJSKA
TXT-01229	scripts\levels\station_43.gd:195	pl	SYSTEM_OR_UNLABELED	43	source-defined	visible-or-localized-string-candidate	campaign-ordered	PASS	Komunikat techniczny: »Odcinek torowiska ustabilizowany. Spoiny zalać zaprawą bez zacierania faktury.«
TXT-01230	scripts\levels\station_43.gd:198	und	SYSTEM_OR_UNLABELED	43	source-defined	visible-or-localized-string-candidate	campaign-ordered	PASS	MIESZKANIE 14
TXT-01231	scripts\levels\station_43.gd:199	pl	LENA	43	source-defined	visible-or-localized-string-candidate	campaign-ordered	PASS	Miejscowa Lena wróciła na Sadową. W pracowni stoją dwa kubki, ale pije tylko z jednego.
TXT-01232	scripts\levels\station_43.gd:202	und	SYSTEM_OR_UNLABELED	43	source-defined	visible-or-localized-string-candidate	campaign-ordered	PASS	ULICA SADOWA
TXT-01233	scripts\levels\station_43.gd:203	pl	MARTA	43	source-defined	visible-or-localized-string-candidate	campaign-ordered	PASS	Szymon i Marta mijają się przy kiosku. Rozmawiają o pogodzie, wiedząc dokładnie, o czym milczą.
TXT-01234	scripts\levels\station_43.gd:206	pl	SYSTEM_OR_UNLABELED	43	source-defined	visible-or-localized-string-candidate	campaign-ordered	PASS	ŚWIADECTWO
TXT-01235	scripts\levels\station_43.gd:207	pl	SYSTEM_OR_UNLABELED	43	source-defined	visible-or-localized-string-candidate	campaign-ordered	PASS	Płaszczyzna została zamknięta. Miasto nie jest już rozdwojone, lecz nosi bliznę, której nikt nie ukrywa.
TXT-01236	scripts\levels\station_43.gd:210	und	SYSTEM_OR_UNLABELED	43	source-defined	visible-or-localized-string-candidate	campaign-ordered	PASS	GETTING STRANGE
TXT-01237	scripts\levels\station_43.gd:211	pl	SYSTEM_OR_UNLABELED	43	source-defined	visible-or-localized-string-candidate	campaign-ordered	PASS	Prawda nie wybiera za człowieka. Wybór należy do odpowiedzialności. Koniec wycinka fabularnego.
TXT-01238	scripts\levels\station_43.gd:217	und	SYSTEM_OR_UNLABELED	43	source-defined	visible-or-localized-string-candidate	campaign-ordered	PASS	TABLICA MIEJSKA
TXT-01239	scripts\levels\station_43.gd:218	pl	SYSTEM_OR_UNLABELED	43	source-defined	visible-or-localized-string-candidate	campaign-ordered	PASS	Na wiacie przystankowej wiszą dwa równorzędne rozkłady jazdy. Żadna z godzin odjazdu nie została przekreślona.
TXT-01240	scripts\levels\station_43.gd:221	und	SYSTEM_OR_UNLABELED	43	source-defined	visible-or-localized-string-candidate	campaign-ordered	PASS	MIESZKANIE 14
TXT-01241	scripts\levels\station_43.gd:222	pl	MARTA	43	source-defined	visible-or-localized-string-candidate	campaign-ordered	PASS	Marta rozpoznaje kubek ze zdjęcia. Wie, że po drugiej stronie ktoś patrzy teraz na pustą półkę.
TXT-01242	scripts\levels\station_43.gd:225	pl	SYSTEM_OR_UNLABELED	43	source-defined	visible-or-localized-string-candidate	campaign-ordered	PASS	ZARZĄD MIEJSKI
TXT-01243	scripts\levels\station_43.gd:226	pl	SYSTEM_OR_UNLABELED	43	source-defined	visible-or-localized-string-candidate	campaign-ordered	PASS	Biuletyn UCP podaje: »W tym sektorze zaleca się uzgodnienie kierunku przed przejściem.« Obie kolejności trwają obok siebie.
TXT-01244	scripts\levels\station_43.gd:229	pl	SYSTEM_OR_UNLABELED	43	source-defined	visible-or-localized-string-candidate	campaign-ordered	PASS	ŚWIADECTWO
TXT-01245	scripts\levels\station_43.gd:230	pl	SYSTEM_OR_UNLABELED	43	source-defined	visible-or-localized-string-candidate	campaign-ordered	PASS	Dwie Leny żyją w swoich światach, połączone cienką nicią pamięci i obustronnej zgody.
TXT-01246	scripts\levels\station_43.gd:233	und	SYSTEM_OR_UNLABELED	43	source-defined	visible-or-localized-string-candidate	campaign-ordered	PASS	GETTING STRANGE
TXT-01247	scripts\levels\station_43.gd:234	pl	SYSTEM_OR_UNLABELED	43	source-defined	visible-or-localized-string-candidate	campaign-ordered	PASS	Prawda nie wybiera za człowieka. Wybór należy do odpowiedzialności. Koniec wycinka fabularnego.
TXT-01248	scripts\levels\station_43.gd:245	pl	SYSTEM_OR_UNLABELED	43	source-defined	visible-or-localized-string-candidate	campaign-ordered	PASS	Epilog. Miasto żyje dalej z dokonanym wyborem i zapisanym stanem podmiotów.
TXT-01249	scripts\levels\station_43.gd:245	und	SYSTEM_OR_UNLABELED	43	source-defined	visible-or-localized-string-candidate	campaign-ordered	PASS	Epilogue. The city lives on with the choice made and recorded entity states.
TXT-01250	scripts\levels\station_43.gd:246	pl	SYSTEM_OR_UNLABELED	43	source-defined	visible-or-localized-string-candidate	campaign-ordered	PASS	Zapisane relacje i stan infrastruktury utrwalają wykonany wybór bez fałszywego happy endu.
TXT-01251	scripts\levels\station_43.gd:246	und	SYSTEM_OR_UNLABELED	43	source-defined	visible-or-localized-string-candidate	campaign-ordered	PASS	Recorded relations and infrastructure state preserve the committed choice without false happy endings.
TXT-01252	scripts\levels\station_43.gd:247	pl	SYSTEM_OR_UNLABELED	43	source-defined	visible-or-localized-string-candidate	campaign-ordered	PASS	Odczytam tablicę ogłoszeń, przejrzę napisy końcowe i zamknę podróż.
TXT-01253	scripts\levels\station_43.gd:247	und	SYSTEM_OR_UNLABELED	43	source-defined	visible-or-localized-string-candidate	campaign-ordered	PASS	Read notice board, review credits roll and conclude journey.
TXT-01254	scripts\levels\station_43.gd:248	pl	SYSTEM_OR_UNLABELED	43	source-defined	visible-or-localized-string-candidate	campaign-ordered	PASS	WSKAZÓWKA: Odczytaj tablicę ogłoszeń i napisy końcowe, by zamknąć grę.
TXT-01255	scripts\levels\station_43.gd:248	und	SYSTEM_OR_UNLABELED	43	source-defined	visible-or-localized-string-candidate	campaign-ordered	PASS	HINT: Read notice board and credits to complete the game.
TXT-01256	scripts\levels\station_43.gd:378	pl	SYSTEM_OR_UNLABELED	43	source-defined	visible-or-localized-string-candidate	campaign-ordered	PASS	ŚWIADECTWO
TXT-01257	scripts\player\lena_visual_rig.gd:178	und	LENA	-	source-defined	visible-or-localized-string-candidate	campaign-ordered	PASS	LenaVisualRig 4.1: missing idle sprite under %s
TXT-01258	scripts\player\lena_visual_rig.gd:195	und	SYSTEM_OR_UNLABELED	-	source-defined	visible-or-localized-string-candidate	campaign-ordered	PASS	_%d.png
TXT-01259	scripts\player\movement_profile.gd:4	und	SYSTEM_OR_UNLABELED	-	source-defined	visible-or-localized-string-candidate	campaign-ordered	PASS	Horizontal movement
TXT-01260	scripts\player\prototype_player.gd:84	und	SYSTEM_OR_UNLABELED	-	source-defined	visible-or-localized-string-candidate	campaign-ordered	PASS	PrototypePlayer requires a movement profile
TXT-01261	scripts\player\prototype_player.gd:552	und	SYSTEM_OR_UNLABELED	-	source-defined	visible-or-localized-string-candidate	campaign-ordered	PASS	PrototypePlayer cannot apply an empty movement profile
TXT-01262	scripts\prototype\movement_lab.gd:10	und	SYSTEM_OR_UNLABELED	-	source-defined	visible-or-localized-string-candidate	campaign-ordered	PASS	--movement-profile=
TXT-01263	scripts\prototype\movement_lab.gd:37	und	SYSTEM_OR_UNLABELED	-	source-defined	visible-or-localized-string-candidate	campaign-ordered	PASS	missing value; use --movement-profile=A, B or C
TXT-01264	scripts\prototype\movement_lab.gd:41	und	SYSTEM_OR_UNLABELED	-	source-defined	visible-or-localized-string-candidate	campaign-ordered	PASS	profile was provided more than once
TXT-01265	scripts\prototype\movement_lab.gd:51	und	SYSTEM_OR_UNLABELED	-	source-defined	visible-or-localized-string-candidate	campaign-ordered	PASS	unknown profile '%s'; valid profiles are A, B and C
TXT-01266	scripts\prototype\movement_lab.gd:55	und	SYSTEM_OR_UNLABELED	-	source-defined	visible-or-localized-string-candidate	campaign-ordered	PASS	MOVEMENT PROFILE: %s
TXT-01267	scripts\prototype\movement_lab.gd:60	und	SYSTEM_OR_UNLABELED	-	source-defined	visible-or-localized-string-candidate	campaign-ordered	PASS	MOVEMENT PROFILE ERROR: 
TXT-01268	scripts\prototype\movement_lab.gd:66	und	SYSTEM_OR_UNLABELED	-	source-defined	visible-or-localized-string-candidate	campaign-ordered	PASS	MOVEMENT PROFILE CHECK PASS
TXT-01269	scripts\ui\cold_open.gd:56	pl	SYSTEM_OR_UNLABELED	-	source-defined	visible-or-localized-string-candidate	campaign-ordered	PASS	POMIŃ ▸
TXT-01270	scripts\ui\cold_open.gd:300	und	SYSTEM_OR_UNLABELED	-	source-defined	visible-or-localized-string-candidate	campaign-ordered	PASS	ColdOpenLabel%d
TXT-01271	scripts\ui\crt_dialogue_box.gd:18	und	WIERZBICKA	-	source-defined	visible-or-localized-string-candidate	campaign-ordered	PASS	dr Wierzbicka
TXT-01272	scripts\ui\crt_dialogue_box.gd:23	pl	SYSTEM_OR_UNLABELED	-	source-defined	visible-or-localized-string-candidate	campaign-ordered	PASS	ŚWIADECTWO
TXT-01273	scripts\ui\crt_dialogue_box.gd:24	pl	SYSTEM_OR_UNLABELED	-	source-defined	visible-or-localized-string-candidate	campaign-ordered	PASS	Świadectwo
TXT-01274	scripts\ui\crt_dialogue_box.gd:26	pl	SYSTEM_OR_UNLABELED	-	source-defined	visible-or-localized-string-candidate	campaign-ordered	PASS	POWRÓT
TXT-01275	scripts\ui\crt_dialogue_box.gd:28	und	SYSTEM_OR_UNLABELED	-	source-defined	visible-or-localized-string-candidate	campaign-ordered	PASS	GETTING STRANGE
TXT-01276	scripts\ui\crt_portrait.gd:30	und	SYSTEM_OR_UNLABELED	-	source-defined	visible-or-localized-string-candidate	campaign-ordered	PASS	dr 
TXT-01277	scripts\ui\inner_thought_surface.gd:67	pl	LENA	-	source-defined	visible-or-localized-string-candidate	campaign-ordered	PASS	LENA // MYŚL
TXT-01278	scripts\ui\inner_thought_surface.gd:102	pl	SYSTEM_OR_UNLABELED	-	source-defined	visible-or-localized-string-candidate	campaign-ordered	PASS	WSKAZÓWKA // SYSTEM
TXT-01279	scripts\ui\inner_thought_surface.gd:106	pl	LENA	-	source-defined	visible-or-localized-string-candidate	campaign-ordered	PASS	LENA // MYŚL
TXT-01280	scripts\ui\title_screen.gd:65	und	SYSTEM_OR_UNLABELED	-	source-defined	visible-or-localized-string-candidate	campaign-ordered	PASS	GETTING STRANGE
TXT-01281	scripts\ui\title_screen.gd:78	pl	SYSTEM_OR_UNLABELED	-	source-defined	visible-or-localized-string-candidate	campaign-ordered	PASS	LINIA 4  //  OSTATNI ODCZYT  //  POWRÓT
TXT-01282	scripts\ui\title_screen.gd:95	und	SYSTEM_OR_UNLABELED	-	source-defined	visible-or-localized-string-candidate	campaign-ordered	PASS	TITLE_SCREEN_CAPTURE path=%s err=texture_null
TXT-01283	scripts\ui\title_screen.gd:99	und	SYSTEM_OR_UNLABELED	-	source-defined	visible-or-localized-string-candidate	campaign-ordered	PASS	TITLE_SCREEN_CAPTURE path=%s err=image_null
TXT-01284	scripts\ui\title_screen.gd:108	und	SYSTEM_OR_UNLABELED	-	source-defined	visible-or-localized-string-candidate	campaign-ordered	PASS	TITLE_SCREEN_CAPTURE path=%s err=%s size=%s build_label=%s status=%s
TXT-01285	scripts\ui\title_screen.gd:123	und	SYSTEM_OR_UNLABELED	-	source-defined	visible-or-localized-string-candidate	campaign-ordered	PASS	TITLE_SCREEN_AUTOMATION action=new_game
TXT-01286	scripts\ui\title_screen.gd:127	und	SYSTEM_OR_UNLABELED	-	source-defined	visible-or-localized-string-candidate	campaign-ordered	PASS	TITLE_SCREEN_AUTOMATION action=continue
TXT-01287	scripts\ui\title_screen.gd:129	und	SYSTEM_OR_UNLABELED	-	source-defined	visible-or-localized-string-candidate	campaign-ordered	PASS	TITLE_SCREEN_AUTOMATION action=continue skipped=disabled
TXT-01288	scripts\ui\title_screen.gd:131	und	SYSTEM_OR_UNLABELED	-	source-defined	visible-or-localized-string-candidate	campaign-ordered	PASS	TITLE_SCREEN_AUTOMATION action=%s skipped=unknown
TXT-01289	scripts\ui\title_screen.gd:251	und	SYSTEM_OR_UNLABELED	-	source-defined	visible-or-localized-string-candidate	campaign-ordered	PASS	GETTING STRANGE
TXT-01290	scripts\visual\anchor_resonance.gd:48	und	SYSTEM_OR_UNLABELED	-	source-defined	visible-or-localized-string-candidate	campaign-ordered	PASS	wcisnietym klawiszem
TXT-01291	scripts\visual\anchor_resonance.gd:48	und	SYSTEM_OR_UNLABELED	-	source-defined	visible-or-localized-string-candidate	campaign-ordered	PASS	trzymanym przedmiotem
